run,benchmark,prefetcher,stage,config,pf_level,memory,simSeconds,simTicks,simInsts,numCycles,ipc,l1d_demand_misses,l1d_demand_accesses,l2_demand_misses,l2_demand_accesses,l1d_pf_issued,l1d_pf_useful,l1d_pf_unused,l2_pf_issued,l2_pf_useful,l2_pf_unused,nopf_simSeconds,speedup_vs_nopf,pf_issued,pf_useful,pf_unused,pf_accuracy,pf_unused_ratio,l1d_miss_rate,l2_miss_rate,stage2_best_config,stage2_best_simSeconds,stage2_best_speedup_vs_nopf,speedup_vs_stage2_best,improvement_over_stage2_best_pct
bfs_imp3_s32_dist32_addr16_l2_ddr4_2x,bfs,imp,stage3,s32_dist32_addr16,l2,ddr4_2x,0.021006,21005588385.0,30729211.0,63079845.0,0.487148,6599597.0,11404095.0,1341934.0,3529215.0,,,,2196247.0,390524.0,1084991.0,0.025176,1.1985147100828335,2196247.0,390524.0,1084991.0,0.17781424402628665,0.4940204813028771,0.5787041409248169,0.38023583148093837,s16_pt8_sth2,0.021377,1.1777143659072835,1.017661620489384,1.7661620489384022
bfs_imp3_s32_dist8_addr16_l2_ddr4_1x,bfs,imp,stage3,s32_dist8_addr16,l2,ddr4_1x,0.025464,25464035142.0,30729211.0,76468574.0,0.401855,6649503.0,11479109.0,1347715.0,3528375.0,,,,2115865.0,373340.0,1037232.0,0.02764,1.0854539742381402,2115865.0,373340.0,1037232.0,0.1764479302791057,0.49021653082781746,0.5792699590185963,0.38196478548907076,s16_pt8_sth8,0.025505,1.083709076651637,1.0016101162425384,0.1610116242538373
bfs_imp3_s32_ipd16_addr16_l2_ddr4_1x,bfs,imp,stage3,s32_ipd16_addr16,l2,ddr4_1x,0.025464,25464035142.0,30729211.0,76468574.0,0.401855,6649503.0,11479109.0,1347715.0,3528375.0,,,,2115865.0,373340.0,1037232.0,0.02764,1.0854539742381402,2115865.0,373340.0,1037232.0,0.1764479302791057,0.49021653082781746,0.5792699590185963,0.38196478548907076,s16_pt8_sth8,0.025505,1.083709076651637,1.0016101162425384,0.1610116242538373
bfs_imp3_s32_ipd8_addr8_l2_ddr4_1x,bfs,imp,stage3,s32_ipd8_addr8,l2,ddr4_1x,0.025464,25464035142.0,30729211.0,76468574.0,0.401855,6649503.0,11479109.0,1347715.0,3528375.0,,,,2115865.0,373340.0,1037232.0,0.02764,1.0854539742381402,2115865.0,373340.0,1037232.0,0.1764479302791057,0.49021653082781746,0.5792699590185963,0.38196478548907076,s16_pt8_sth8,0.025505,1.083709076651637,1.0016101162425384,0.1610116242538373
bfs_imp3_s32_ipd8_addr8_l2_ddr4_2x,bfs,imp,stage3,s32_ipd8_addr8,l2,ddr4_2x,0.021006,21005588385.0,30729211.0,63079845.0,0.487148,6599597.0,11404095.0,1341934.0,3529215.0,,,,2196247.0,390524.0,1084991.0,0.025176,1.1985147100828335,2196247.0,390524.0,1084991.0,0.17781424402628665,0.4940204813028771,0.5787041409248169,0.38023583148093837,s16_pt8_sth2,0.021377,1.1777143659072835,1.017661620489384,1.7661620489384022
bfs_imp3_s32_l2_ddr4_1x,bfs,imp,stage3,s32,l2,ddr4_1x,0.025464,25464035142.0,30729211.0,76468574.0,0.401855,6649503.0,11479109.0,1347715.0,3528375.0,,,,2115865.0,373340.0,1037232.0,0.02764,1.0854539742381402,2115865.0,373340.0,1037232.0,0.1764479302791057,0.49021653082781746,0.5792699590185963,0.38196478548907076,s16_pt8_sth8,0.025505,1.083709076651637,1.0016101162425384,0.1610116242538373
bfs_imp3_s32_sth2_dist32_ipd16_addr16_l1d_ddr4_1x,bfs,imp,stage3,s32_sth2_dist32_ipd16_addr16,l1d,ddr4_1x,0.022779,22779044154.0,30729211.0,68405538.0,0.449222,5400379.0,11466497.0,2531089.0,6471582.0,5592023.0,457696.0,2736370.0,,,,0.02764,1.2133983054567803,5592023.0,457696.0,2736370.0,0.08184801815013994,0.4893345395753916,0.4709702536005547,0.39110823288648744,s16_sth8,0.022635,1.2211177380163465,0.9936783879889372,-0.6321612011062849
bfs_imp3_s32_sth2_dist32_ipd16_addr16_l1d_ddr4_2x,bfs,imp,stage3,s32_sth2_dist32_ipd16_addr16,l1d,ddr4_2x,0.019525,19525198257.0,30729211.0,58634229.0,0.524084,5283128.0,11378411.0,2584866.0,6583178.0,5765647.0,473421.0,2845521.0,,,,0.025176,1.2894238156209987,5765647.0,473421.0,2845521.0,0.08211064603851051,0.4935302143887754,0.46431158094043185,0.3926471379020892,s16_pt8_sth8,0.019608,1.2839657282741739,1.0042509603072982,0.4250960307298213
bfs_imp3_s32_sth2_dist32_ipd16_l1d_ddr4_1x,bfs,imp,stage3,s32_sth2_dist32_ipd16,l1d,ddr4_1x,0.022779,22779044154.0,30729211.0,68405538.0,0.449222,5400379.0,11466497.0,2531089.0,6471582.0,5592023.0,457696.0,2736370.0,,,,0.02764,1.2133983054567803,5592023.0,457696.0,2736370.0,0.08184801815013994,0.4893345395753916,0.4709702536005547,0.39110823288648744,s16_sth8,0.022635,1.2211177380163465,0.9936783879889372,-0.6321612011062849
bfs_imp3_s32_sth2_dist32_ipd16_l1d_ddr4_2x,bfs,imp,stage3,s32_sth2_dist32_ipd16,l1d,ddr4_2x,0.019525,19525198257.0,30729211.0,58634229.0,0.524084,5283128.0,11378411.0,2584866.0,6583178.0,5765647.0,473421.0,2845521.0,,,,0.025176,1.2894238156209987,5765647.0,473421.0,2845521.0,0.08211064603851051,0.4935302143887754,0.46431158094043185,0.3926471379020892,s16_pt8_sth8,0.019608,1.2839657282741739,1.0042509603072982,0.4250960307298213
bfs_imp3_s32_sth2_l1d_ddr4_1x,bfs,imp,stage3,s32_sth2,l1d,ddr4_1x,0.022779,22779044154.0,30729211.0,68405538.0,0.449222,5400379.0,11466497.0,2531089.0,6471582.0,5592023.0,457696.0,2736370.0,,,,0.02764,1.2133983054567803,5592023.0,457696.0,2736370.0,0.08184801815013994,0.4893345395753916,0.4709702536005547,0.39110823288648744,s16_sth8,0.022635,1.2211177380163465,0.9936783879889372,-0.6321612011062849
bfs_imp3_s32_sth2_l1d_ddr4_2x,bfs,imp,stage3,s32_sth2,l1d,ddr4_2x,0.019525,19525198257.0,30729211.0,58634229.0,0.524084,5283128.0,11378411.0,2584866.0,6583178.0,5765647.0,473421.0,2845521.0,,,,0.025176,1.2894238156209987,5765647.0,473421.0,2845521.0,0.08211064603851051,0.4935302143887754,0.46431158094043185,0.3926471379020892,s16_pt8_sth8,0.019608,1.2839657282741739,1.0042509603072982,0.4250960307298213
bfs_imp3_s32_sth2_pt8_l1d_ddr4_1x,bfs,imp,stage3,s32_sth2_pt8,l1d,ddr4_1x,0.022778,22778496702.0,30729211.0,68403894.0,0.449232,5399795.0,11469225.0,2530049.0,6472188.0,5596692.0,459164.0,2736769.0,,,,0.02764,1.2134515760821847,5596692.0,459164.0,2736769.0,0.08204203483057491,0.4889976078726505,0.4708073126126656,0.390910925331588,s16_sth8,0.022635,1.2211177380163465,0.993722012468171,-0.6277987531828955
bfs_imp3_s32_sth2_pt8_l1d_ddr4_2x,bfs,imp,stage3,s32_sth2_pt8,l1d,ddr4_2x,0.019517,19517148315.0,30729211.0,58610055.0,0.5243,5283000.0,11381265.0,2585402.0,6578470.0,5750517.0,472751.0,2840670.0,,,,0.025176,1.2899523492340013,5750517.0,472751.0,2840670.0,0.08221017345049149,0.4939851495091659,0.4641839022287944,0.39300962077808366,s16_pt8_sth8,0.019608,1.2839657282741739,1.0046626018342983,0.4662601834298341
bfs_imp3_s32_sth2_pt8_l2_ddr4_2x,bfs,imp,stage3,s32_sth2_pt8,l2,ddr4_2x,0.021005,21005470836.0,30729211.0,63079492.0,0.487151,6598011.0,11403543.0,1341180.0,3529176.0,,,,2194049.0,390793.0,1084190.0,0.025176,1.1985717686265176,2194049.0,390793.0,1084190.0,0.17811498284678237,0.4941503129601937,0.5785930740998653,0.3800263857625689,s16_pt8_sth2,0.021377,1.1777143659072835,1.017710069031183,1.7710069031183107
bfs_imp3_s32_sth8_l1d_ddr4_1x,bfs,imp,stage3,s32_sth8,l1d,ddr4_1x,0.022792,22791683502.0,30729211.0,68443494.0,0.448972,5401864.0,11469457.0,2530323.0,6476667.0,5605502.0,457605.0,2741068.0,,,,0.02764,1.2127062127062127,5605502.0,457605.0,2741068.0,0.08163497221123103,0.4889959900112425,0.47097818144311454,0.39068289291390157,s16_sth8,0.022635,1.2211177380163465,0.9931116181116181,-0.6888381888381923
bfs_imp3_s32_sth8_l2_ddr4_2x,bfs,imp,stage3,s32_sth8,l2,ddr4_2x,0.02101,21010059243.0,30729211.0,63093271.0,0.487045,6598048.0,11401816.0,1341420.0,3529106.0,,,,2193033.0,390594.0,1083404.0,0.025176,1.198286530223703,2193033.0,390594.0,1083404.0,0.17810675899541867,0.4940208378077302,0.5786839570117602,0.38010192949715876,s16_pt8_sth2,0.021377,1.1777143659072835,1.0174678724416943,1.7467872441694343
bfs_imp3_s32_sth8_pt8_l1d_ddr4_2x,bfs,imp,stage3,s32_sth8_pt8,l1d,ddr4_2x,0.019523,19522576548.0,30729211.0,58626356.0,0.524154,5277225.0,11378453.0,2586239.0,6576982.0,5752186.0,474188.0,2839644.0,,,,0.025176,1.2895559084157149,5752186.0,474188.0,2839644.0,0.08243613819163706,0.49366345246833115,0.4637910795079085,0.3932257987022011,s16_pt8_sth8,0.019608,1.2839657282741739,1.0043538390616198,0.4353839061619791
bfs_imp3_s32_sth8_pt8_l2_ddr4_1x,bfs,imp,stage3,s32_sth8_pt8,l2,ddr4_1x,0.025476,25476268896.0,30729211.0,76505312.0,0.401662,6650942.0,11480353.0,1347316.0,3528310.0,,,,2115143.0,373421.0,1035949.0,0.02764,1.084942691160308,2115143.0,373421.0,1035949.0,0.1765464557242702,0.48977728692575395,0.5793325344612661,0.3818587369023697,s16_pt8_sth8,0.025505,1.083709076651637,1.00113832626786,0.11383262678599237
bfs_imp3_s32_sth8_pt8_l2_ddr4_2x,bfs,imp,stage3,s32_sth8_pt8,l2,ddr4_2x,0.021012,21011696271.0,30729211.0,63098187.0,0.487007,6597804.0,11399880.0,1341545.0,3529166.0,,,,2194339.0,390502.0,1083962.0,0.025176,1.1981724728726442,2194339.0,390502.0,1083962.0,0.17795882951540304,0.49398110319326227,0.5787608290613585,0.38013088644739296,s16_pt8_sth2,0.021377,1.1777143659072835,1.017371026080335,1.7371026080335028
bfs_imp3_s64_dist32_addr16_l2_ddr4_2x,bfs,imp,stage3,s64_dist32_addr16,l2,ddr4_2x,0.023171,23171348790.0,30729211.0,69583630.0,0.441616,6936493.0,11409439.0,1420965.0,3529163.0,,,,4844021.0,314644.0,1231128.0,0.025176,1.0865305770143714,4844021.0,314644.0,1231128.0,0.06495512715572455,0.25415414177601625,0.6079609172720938,0.4026351290660137,s16_pt8_sth2,0.021377,1.1777143659072835,0.9225756333347719,-7.742436666522812
bfs_imp3_s64_dist8_addr16_l2_ddr4_1x,bfs,imp,stage3,s64_dist8_addr16,l2,ddr4_1x,0.028237,28236898503.0,30729211.0,84795491.0,0.362392,7027264.0,11483661.0,1424342.0,3529156.0,,,,4733404.0,301798.0,1187861.0,0.02764,0.9788575273577221,4733404.0,301798.0,1187861.0,0.06375918894731994,0.2509528026764671,0.6119358626138476,0.4035928136925656,s16_pt8_sth8,0.025505,1.083709076651637,0.9032475121294754,-9.67524878705246
bfs_imp3_s64_ipd16_addr16_l2_ddr4_1x,bfs,imp,stage3,s64_ipd16_addr16,l2,ddr4_1x,0.028237,28236898503.0,30729211.0,84795491.0,0.362392,7027264.0,11483661.0,1424342.0,3529156.0,,,,4733404.0,301798.0,1187861.0,0.02764,0.9788575273577221,4733404.0,301798.0,1187861.0,0.06375918894731994,0.2509528026764671,0.6119358626138476,0.4035928136925656,s16_pt8_sth8,0.025505,1.083709076651637,0.9032475121294754,-9.67524878705246
bfs_imp3_s64_ipd8_addr8_l2_ddr4_1x,bfs,imp,stage3,s64_ipd8_addr8,l2,ddr4_1x,0.028237,28236898503.0,30729211.0,84795491.0,0.362392,7027264.0,11483661.0,1424342.0,3529156.0,,,,4733404.0,301798.0,1187861.0,0.02764,0.9788575273577221,4733404.0,301798.0,1187861.0,0.06375918894731994,0.2509528026764671,0.6119358626138476,0.4035928136925656,s16_pt8_sth8,0.025505,1.083709076651637,0.9032475121294754,-9.67524878705246
bfs_imp3_s64_ipd8_addr8_l2_ddr4_2x,bfs,imp,stage3,s64_ipd8_addr8,l2,ddr4_2x,0.023171,23171348790.0,30729211.0,69583630.0,0.441616,6936493.0,11409439.0,1420965.0,3529163.0,,,,4844021.0,314644.0,1231128.0,0.025176,1.0865305770143714,4844021.0,314644.0,1231128.0,0.06495512715572455,0.25415414177601625,0.6079609172720938,0.4026351290660137,s16_pt8_sth2,0.021377,1.1777143659072835,0.9225756333347719,-7.742436666522812
bfs_imp3_s64_l2_ddr4_1x,bfs,imp,stage3,s64,l2,ddr4_1x,0.028237,28236898503.0,30729211.0,84795491.0,0.362392,7027264.0,11483661.0,1424342.0,3529156.0,,,,4733404.0,301798.0,1187861.0,0.02764,0.9788575273577221,4733404.0,301798.0,1187861.0,0.06375918894731994,0.2509528026764671,0.6119358626138476,0.4035928136925656,s16_pt8_sth8,0.025505,1.083709076651637,0.9032475121294754,-9.67524878705246
bfs_imp3_s64_sth2_dist32_ipd16_addr16_l1d_ddr4_1x,bfs,imp,stage3,s64_sth2_dist32_ipd16_addr16,l1d,ddr4_1x,0.023093,23092920630.0,30729211.0,69348110.0,0.443116,5322826.0,11456684.0,2718362.0,6658368.0,6347669.0,465404.0,2915943.0,,,,0.02764,1.1968994933529642,6347669.0,465404.0,2915943.0,0.07331888288441,0.4593722514516746,0.4646044178228185,0.4082625051664312,s16_sth8,0.022635,1.2211177380163465,0.980167150218681,-1.983284978131905
bfs_imp3_s64_sth2_dist32_ipd16_addr16_l1d_ddr4_2x,bfs,imp,stage3,s64_sth2_dist32_ipd16_addr16,l1d,ddr4_2x,0.019647,19647393606.0,30729211.0,59001182.0,0.520824,5210884.0,11372144.0,2765231.0,6773010.0,6642435.0,481021.0,3028012.0,,,,0.025176,1.2814170102305695,6642435.0,481021.0,3028012.0,0.07241636538407978,0.45585873252805637,0.4582147394545831,0.40827209763458194,s16_pt8_sth8,0.019608,1.2839657282741739,0.998014964116659,-0.19850358833409798
bfs_imp3_s64_sth2_dist32_ipd16_l1d_ddr4_1x,bfs,imp,stage3,s64_sth2_dist32_ipd16,l1d,ddr4_1x,0.023093,23092920630.0,30729211.0,69348110.0,0.443116,5322826.0,11456684.0,2718362.0,6658368.0,6347669.0,465404.0,2915943.0,,,,0.02764,1.1968994933529642,6347669.0,465404.0,2915943.0,0.07331888288441,0.4593722514516746,0.4646044178228185,0.4082625051664312,s16_sth8,0.022635,1.2211177380163465,0.980167150218681,-1.983284978131905
bfs_imp3_s64_sth2_dist32_ipd16_l1d_ddr4_2x,bfs,imp,stage3,s64_sth2_dist32_ipd16,l1d,ddr4_2x,0.019647,19647393606.0,30729211.0,59001182.0,0.520824,5210884.0,11372144.0,2765231.0,6773010.0,6642435.0,481021.0,3028012.0,,,,0.025176,1.2814170102305695,6642435.0,481021.0,3028012.0,0.07241636538407978,0.45585873252805637,0.4582147394545831,0.40827209763458194,s16_pt8_sth8,0.019608,1.2839657282741739,0.998014964116659,-0.19850358833409798
bfs_imp3_s64_sth2_l1d_ddr4_1x,bfs,imp,stage3,s64_sth2,l1d,ddr4_1x,0.023093,23092920630.0,30729211.0,69348110.0,0.443116,5322826.0,11456684.0,2718362.0,6658368.0,6347669.0,465404.0,2915943.0,,,,0.02764,1.1968994933529642,6347669.0,465404.0,2915943.0,0.07331888288441,0.4593722514516746,0.4646044178228185,0.4082625051664312,s16_sth8,0.022635,1.2211177380163465,0.980167150218681,-1.983284978131905
bfs_imp3_s64_sth2_l1d_ddr4_2x,bfs,imp,stage3,s64_sth2,l1d,ddr4_2x,0.019647,19647393606.0,30729211.0,59001182.0,0.520824,5210884.0,11372144.0,2765231.0,6773010.0,6642435.0,481021.0,3028012.0,,,,0.025176,1.2814170102305695,6642435.0,481021.0,3028012.0,0.07241636538407978,0.45585873252805637,0.4582147394545831,0.40827209763458194,s16_pt8_sth8,0.019608,1.2839657282741739,0.998014964116659,-0.19850358833409798
bfs_imp3_s64_sth2_pt8_l1d_ddr4_1x,bfs,imp,stage3,s64_sth2_pt8,l1d,ddr4_1x,0.023083,23082834726.0,30729211.0,69317822.0,0.443309,5323217.0,11459117.0,2717754.0,6660706.0,6349986.0,465762.0,2918097.0,,,,0.02764,1.1974180132565093,6349986.0,465762.0,2918097.0,0.07334850816993928,0.4595438478132078,0.464539894304247,0.40802791776127034,s16_sth8,0.022635,1.2211177380163465,0.980591777498592,-1.9408222501407946
bfs_imp3_s64_sth2_pt8_l1d_ddr4_2x,bfs,imp,stage3,s64_sth2_pt8,l1d,ddr4_2x,0.019642,19641823848.0,30729211.0,58984456.0,0.520972,5209520.0,11374718.0,2768633.0,6766812.0,6624785.0,481065.0,3021741.0,,,,0.025176,1.2817432033397822,6624785.0,481065.0,3021741.0,0.07261594149847882,0.45612665165737454,0.457991134373617,0.40914879857752806,s16_pt8_sth8,0.019608,1.2839657282741739,0.9982690153752164,-0.17309846247836047
bfs_imp3_s64_sth2_pt8_l2_ddr4_2x,bfs,imp,stage3,s64_sth2_pt8,l2,ddr4_2x,0.023173,23173206930.0,30729211.0,69589210.0,0.441581,6935201.0,11410363.0,1420615.0,3529166.0,,,,4842451.0,314700.0,1231544.0,0.025176,1.0864368014499635,4842451.0,314700.0,1231544.0,0.06498775103764602,0.2543224495198816,0.6077984547906145,0.4025356132298679,s16_pt8_sth2,0.021377,1.1777143659072835,0.9224960082855047,-7.750399171449529
bfs_imp3_s64_sth8_l1d_ddr4_1x,bfs,imp,stage3,s64_sth8,l1d,ddr4_1x,0.023068,23067887355.0,30729211.0,69272935.0,0.443597,5325134.0,11457869.0,2716274.0,6653938.0,6330939.0,465053.0,2911617.0,,,,0.02764,1.1981966360325993,6330939.0,465053.0,2911617.0,0.07345719173727626,0.459902867489325,0.4647578009488501,0.40822051543011073,s16_sth8,0.022635,1.2211177380163465,0.981229408704699,-1.877059129530101
bfs_imp3_s64_sth8_l2_ddr4_2x,bfs,imp,stage3,s64_sth8,l2,ddr4_2x,0.023188,23187754701.0,30729211.0,69632897.0,0.441304,6935590.0,11410464.0,1421298.0,3529247.0,,,,4845710.0,314207.0,1231091.0,0.025176,1.085734000345006,4845710.0,314207.0,1231091.0,0.06484230381099983,0.25405791927292387,0.6078271663623845,0.402719900307346,s16_pt8_sth2,0.021377,1.1777143659072835,0.9218992582370191,-7.810074176298087
bfs_imp3_s64_sth8_pt8_l1d_ddr4_2x,bfs,imp,stage3,s64_sth8_pt8,l1d,ddr4_2x,0.019671,19671380262.0,30729211.0,59073214.0,0.520189,5205845.0,11367670.0,2767225.0,6769711.0,6640238.0,482236.0,3024938.0,,,,0.025176,1.279853591581516,6640238.0,482236.0,3024938.0,0.07262330055037183,0.4555466234794596,0.4579518054271456,0.4087656031402227,s16_pt8_sth8,0.019608,1.2839657282741739,0.9967973158456611,-0.3202684154338886
bfs_imp3_s64_sth8_pt8_l2_ddr4_1x,bfs,imp,stage3,s64_sth8_pt8,l2,ddr4_1x,0.028232,28232451954.0,30729211.0,84782138.0,0.36245,7026474.0,11479817.0,1424262.0,3529154.0,,,,4720320.0,302046.0,1189485.0,0.02764,0.9790308869368093,4720320.0,302046.0,1189485.0,0.06398845840959935,0.2519924496644295,0.6120719520180504,0.40357037408965435,s16_pt8_sth8,0.025505,1.083709076651637,0.9034074808727685,-9.659251912723155
bfs_imp3_s64_sth8_pt8_l2_ddr4_2x,bfs,imp,stage3,s64_sth8_pt8,l2,ddr4_2x,0.02317,23169954852.0,30729211.0,69579444.0,0.441643,6935172.0,11408477.0,1420468.0,3529080.0,,,,4834807.0,314868.0,1230294.0,0.025176,1.0865774708675011,4834807.0,314868.0,1230294.0,0.06512524698503994,0.25446600040084333,0.6078963914289348,0.40250376868758997,s16_pt8_sth2,0.021377,1.1777143659072835,0.9226154510142426,-7.738454898575742
matmult_imp3_s32_dist32_addr16_l1d_ddr4_1x,matmult,imp,stage3,s32_dist32_addr16,l1d,ddr4_1x,0.001212,1212481638.0,7397876.0,3641086.0,2.03178,1150786.0,2138452.0,5475.0,1082498.0,31305.0,2993.0,4715.0,,,,0.001279,1.0552805280528053,31305.0,2993.0,4715.0,0.09560773039450567,0.1506149177447692,0.5381397384650205,0.005057746065119751,s16_dist8_addr16,0.001208,1.058774834437086,0.9966996699669968,-0.3300330033003229
matmult_imp3_s32_dist32_addr16_l2_ddr4_1x,matmult,imp,stage3,s32_dist32_addr16,l2,ddr4_1x,0.001205,1204672788.0,7397871.0,3617636.0,2.044949,1158165.0,2136806.0,1669.0,1076248.0,,,,5773.0,3771.0,23.0,0.001279,1.0614107883817427,5773.0,3771.0,23.0,0.65321323402044,0.00398406374501992,0.5420075570735013,0.0015507578179007068,s16_pt8_sth2,0.001221,1.0475020475020473,1.0132780082987554,1.3278008298755362
matmult_imp3_s32_dist32_addr16_l2_ddr4_2x,matmult,imp,stage3,s32_dist32_addr16,l2,ddr4_2x,0.001204,1203633495.0,7397876.0,3614515.0,2.046716,1159095.0,2138428.0,1618.0,1077370.0,,,,6106.0,3776.0,5.0,0.001298,1.0780730897009967,6106.0,3776.0,5.0,0.61840812315755,0.0008188666885031117,0.5420313426498343,0.0015018053222198501,s16_ipd16_addr16,0.001214,1.0691927512355848,1.0083056478405317,0.8305647840531671
matmult_imp3_s32_dist8_addr16_l1d_ddr4_1x,matmult,imp,stage3,s32_dist8_addr16,l1d,ddr4_1x,0.001212,1212481638.0,7397876.0,3641086.0,2.03178,1150786.0,2138452.0,5475.0,1082498.0,31305.0,2993.0,4715.0,,,,0.001279,1.0552805280528053,31305.0,2993.0,4715.0,0.09560773039450567,0.1506149177447692,0.5381397384650205,0.005057746065119751,s16_dist8_addr16,0.001208,1.058774834437086,0.9966996699669968,-0.3300330033003229
matmult_imp3_s32_dist8_addr16_l2_ddr4_2x,matmult,imp,stage3,s32_dist8_addr16,l2,ddr4_2x,0.001204,1203633495.0,7397876.0,3614515.0,2.046716,1159095.0,2138428.0,1618.0,1077370.0,,,,6106.0,3776.0,5.0,0.001298,1.0780730897009967,6106.0,3776.0,5.0,0.61840812315755,0.0008188666885031117,0.5420313426498343,0.0015018053222198501,s16_ipd16_addr16,0.001214,1.0691927512355848,1.0083056478405317,0.8305647840531671
matmult_imp3_s32_ipd16_addr16_l1d_ddr4_1x,matmult,imp,stage3,s32_ipd16_addr16,l1d,ddr4_1x,0.001212,1212481638.0,7397876.0,3641086.0,2.03178,1150786.0,2138452.0,5475.0,1082498.0,31305.0,2993.0,4715.0,,,,0.001279,1.0552805280528053,31305.0,2993.0,4715.0,0.09560773039450567,0.1506149177447692,0.5381397384650205,0.005057746065119751,s16_dist8_addr16,0.001208,1.058774834437086,0.9966996699669968,-0.3300330033003229
matmult_imp3_s32_ipd16_addr16_l2_ddr4_1x,matmult,imp,stage3,s32_ipd16_addr16,l2,ddr4_1x,0.001205,1204672788.0,7397871.0,3617636.0,2.044949,1158165.0,2136806.0,1669.0,1076248.0,,,,5773.0,3771.0,23.0,0.001279,1.0614107883817427,5773.0,3771.0,23.0,0.65321323402044,0.00398406374501992,0.5420075570735013,0.0015507578179007068,s16_pt8_sth2,0.001221,1.0475020475020473,1.0132780082987554,1.3278008298755362
matmult_imp3_s32_ipd16_addr16_l2_ddr4_2x,matmult,imp,stage3,s32_ipd16_addr16,l2,ddr4_2x,0.001204,1203633495.0,7397876.0,3614515.0,2.046716,1159095.0,2138428.0,1618.0,1077370.0,,,,6106.0,3776.0,5.0,0.001298,1.0780730897009967,6106.0,3776.0,5.0,0.61840812315755,0.0008188666885031117,0.5420313426498343,0.0015018053222198501,s16_ipd16_addr16,0.001214,1.0691927512355848,1.0083056478405317,0.8305647840531671
matmult_imp3_s32_ipd16_pt32_l2_ddr4_1x,matmult,imp,stage3,s32_ipd16_pt32,l2,ddr4_1x,0.001205,1204672788.0,7397871.0,3617636.0,2.044949,1158165.0,2136806.0,1669.0,1076248.0,,,,5773.0,3771.0,23.0,0.001279,1.0614107883817427,5773.0,3771.0,23.0,0.65321323402044,0.00398406374501992,0.5420075570735013,0.0015507578179007068,s16_pt8_sth2,0.001221,1.0475020475020473,1.0132780082987554,1.3278008298755362
matmult_imp3_s32_ipd8_addr8_l1d_ddr4_1x,matmult,imp,stage3,s32_ipd8_addr8,l1d,ddr4_1x,0.001212,1212481638.0,7397876.0,3641086.0,2.03178,1150786.0,2138452.0,5475.0,1082498.0,31305.0,2993.0,4715.0,,,,0.001279,1.0552805280528053,31305.0,2993.0,4715.0,0.09560773039450567,0.1506149177447692,0.5381397384650205,0.005057746065119751,s16_dist8_addr16,0.001208,1.058774834437086,0.9966996699669968,-0.3300330033003229
matmult_imp3_s32_ipd8_addr8_l2_ddr4_1x,matmult,imp,stage3,s32_ipd8_addr8,l2,ddr4_1x,0.001205,1204672788.0,7397871.0,3617636.0,2.044949,1158165.0,2136806.0,1669.0,1076248.0,,,,5773.0,3771.0,23.0,0.001279,1.0614107883817427,5773.0,3771.0,23.0,0.65321323402044,0.00398406374501992,0.5420075570735013,0.0015507578179007068,s16_pt8_sth2,0.001221,1.0475020475020473,1.0132780082987554,1.3278008298755362
matmult_imp3_s32_ipd8_addr8_l2_ddr4_2x,matmult,imp,stage3,s32_ipd8_addr8,l2,ddr4_2x,0.001204,1203633495.0,7397876.0,3614515.0,2.046716,1159095.0,2138428.0,1618.0,1077370.0,,,,6106.0,3776.0,5.0,0.001298,1.0780730897009967,6106.0,3776.0,5.0,0.61840812315755,0.0008188666885031117,0.5420313426498343,0.0015018053222198501,s16_ipd16_addr16,0.001214,1.0691927512355848,1.0083056478405317,0.8305647840531671
matmult_imp3_s32_l1d_ddr4_1x,matmult,imp,stage3,s32,l1d,ddr4_1x,0.001212,1212481638.0,7397876.0,3641086.0,2.03178,1150786.0,2138452.0,5475.0,1082498.0,31305.0,2993.0,4715.0,,,,0.001279,1.0552805280528053,31305.0,2993.0,4715.0,0.09560773039450567,0.1506149177447692,0.5381397384650205,0.005057746065119751,s16_dist8_addr16,0.001208,1.058774834437086,0.9966996699669968,-0.3300330033003229
matmult_imp3_s32_l2_ddr4_2x,matmult,imp,stage3,s32,l2,ddr4_2x,0.001204,1203633495.0,7397876.0,3614515.0,2.046716,1159095.0,2138428.0,1618.0,1077370.0,,,,6106.0,3776.0,5.0,0.001298,1.0780730897009967,6106.0,3776.0,5.0,0.61840812315755,0.0008188666885031117,0.5420313426498343,0.0015018053222198501,s16_ipd16_addr16,0.001214,1.0691927512355848,1.0083056478405317,0.8305647840531671
matmult_imp3_s32_sth2_dist32_ipd16_addr16_l1d_ddr4_2x,matmult,imp,stage3,s32_sth2_dist32_ipd16_addr16,l1d,ddr4_2x,0.001222,1221808635.0,7397876.0,3669095.0,2.01627,1151259.0,2139717.0,5403.0,1082958.0,27139.0,3255.0,4548.0,,,,0.001298,1.0621931260229132,27139.0,3255.0,4548.0,0.11993809646633995,0.16758170897969712,0.5380426476959336,0.00498911315120254,s16_pt8_sth2,0.001221,1.0630630630630629,0.9991816693944354,-0.08183306055645767
matmult_imp3_s32_sth2_dist32_ipd16_l1d_ddr4_2x,matmult,imp,stage3,s32_sth2_dist32_ipd16,l1d,ddr4_2x,0.001222,1221808635.0,7397876.0,3669095.0,2.01627,1151259.0,2139717.0,5403.0,1082958.0,27139.0,3255.0,4548.0,,,,0.001298,1.0621931260229132,27139.0,3255.0,4548.0,0.11993809646633995,0.16758170897969712,0.5380426476959336,0.00498911315120254,s16_pt8_sth2,0.001221,1.0630630630630629,0.9991816693944354,-0.08183306055645767
matmult_imp3_s32_sth2_l1d_ddr4_2x,matmult,imp,stage3,s32_sth2,l1d,ddr4_2x,0.001222,1221808635.0,7397876.0,3669095.0,2.01627,1151259.0,2139717.0,5403.0,1082958.0,27139.0,3255.0,4548.0,,,,0.001298,1.0621931260229132,27139.0,3255.0,4548.0,0.11993809646633995,0.16758170897969712,0.5380426476959336,0.00498911315120254,s16_pt8_sth2,0.001221,1.0630630630630629,0.9991816693944354,-0.08183306055645767
matmult_imp3_s32_sth2_pt8_l1d_ddr4_2x,matmult,imp,stage3,s32_sth2_pt8,l1d,ddr4_2x,0.001222,1221808635.0,7397876.0,3669095.0,2.01627,1151259.0,2139717.0,5403.0,1082958.0,27139.0,3255.0,4548.0,,,,0.001298,1.0621931260229132,27139.0,3255.0,4548.0,0.11993809646633995,0.16758170897969712,0.5380426476959336,0.00498911315120254,s16_pt8_sth2,0.001221,1.0630630630630629,0.9991816693944354,-0.08183306055645767
matmult_imp3_s32_sth2_pt8_l2_ddr4_1x,matmult,imp,stage3,s32_sth2_pt8,l2,ddr4_1x,0.001205,1205122005.0,7397876.0,3618985.0,2.044188,1158788.0,2137604.0,1682.0,1076956.0,,,,6653.0,3754.0,23.0,0.001279,1.0614107883817427,6653.0,3754.0,23.0,0.5642567262888922,0.003457087028408237,0.5420966652382762,0.0015618093961127474,s16_pt8_sth2,0.001221,1.0475020475020473,1.0132780082987554,1.3278008298755362
matmult_imp3_s32_sth8_pt8_l1d_ddr4_2x,matmult,imp,stage3,s32_sth8_pt8,l1d,ddr4_2x,0.001219,1219116996.0,7397876.0,3661012.0,2.020721,1148919.0,2138385.0,5381.0,1081880.0,27750.0,3257.0,4507.0,,,,0.001298,1.0648072190319933,27750.0,3257.0,4507.0,0.11736936936936937,0.16241441441441443,0.5372835106868034,0.004973749399193996,s16_pt8_sth2,0.001221,1.0630630630630629,1.0016406890894176,0.1640689089417613
matmult_imp3_s64_dist32_addr16_l1d_ddr4_1x,matmult,imp,stage3,s64_dist32_addr16,l1d,ddr4_1x,0.001207,1206685440.0,7397871.0,3623680.0,2.041538,1149126.0,2138238.0,5492.0,1082270.0,24225.0,3014.0,4710.0,,,,0.001279,1.059652029826015,24225.0,3014.0,4710.0,0.12441692466460268,0.19442724458204336,0.5374172566384098,0.005074519297402681,s16_dist8_addr16,0.001208,1.058774834437086,1.0008285004142503,0.08285004142503105
matmult_imp3_s64_dist32_addr16_l2_ddr4_1x,matmult,imp,stage3,s64_dist32_addr16,l2,ddr4_1x,0.001241,1240896195.0,7397876.0,3726415.0,1.985255,1158773.0,2138946.0,2845.0,1077779.0,,,,45461.0,2559.0,23.0,0.001279,1.0306204673650283,45461.0,2559.0,23.0,0.0562900068190317,0.0005059281582015354,0.5417495345838558,0.0026396877281891743,s16_pt8_sth2,0.001221,1.0475020475020473,0.9838839645447222,-1.6116035455277844
matmult_imp3_s64_dist32_addr16_l2_ddr4_2x,matmult,imp,stage3,s64_dist32_addr16,l2,ddr4_2x,0.001236,1236110652.0,7397871.0,3712044.0,1.99294,1158899.0,2138288.0,2834.0,1077439.0,,,,45921.0,2559.0,20.0,0.001298,1.0501618122977345,45921.0,2559.0,20.0,0.0557261383680669,0.0004355305851353411,0.5419751689201828,0.002630311321569017,s16_ipd16_addr16,0.001214,1.0691927512355848,0.982200647249191,-1.7799352750809017
matmult_imp3_s64_dist8_addr16_l1d_ddr4_1x,matmult,imp,stage3,s64_dist8_addr16,l1d,ddr4_1x,0.001207,1206685440.0,7397871.0,3623680.0,2.041538,1149126.0,2138238.0,5492.0,1082270.0,24225.0,3014.0,4710.0,,,,0.001279,1.059652029826015,24225.0,3014.0,4710.0,0.12441692466460268,0.19442724458204336,0.5374172566384098,0.005074519297402681,s16_dist8_addr16,0.001208,1.058774834437086,1.0008285004142503,0.08285004142503105
matmult_imp3_s64_dist8_addr16_l2_ddr4_2x,matmult,imp,stage3,s64_dist8_addr16,l2,ddr4_2x,0.001236,1236110652.0,7397871.0,3712044.0,1.99294,1158899.0,2138288.0,2834.0,1077439.0,,,,45921.0,2559.0,20.0,0.001298,1.0501618122977345,45921.0,2559.0,20.0,0.0557261383680669,0.0004355305851353411,0.5419751689201828,0.002630311321569017,s16_ipd16_addr16,0.001214,1.0691927512355848,0.982200647249191,-1.7799352750809017
matmult_imp3_s64_ipd16_addr16_l1d_ddr4_1x,matmult,imp,stage3,s64_ipd16_addr16,l1d,ddr4_1x,0.001207,1206685440.0,7397871.0,3623680.0,2.041538,1149126.0,2138238.0,5492.0,1082270.0,24225.0,3014.0,4710.0,,,,0.001279,1.059652029826015,24225.0,3014.0,4710.0,0.12441692466460268,0.19442724458204336,0.5374172566384098,0.005074519297402681,s16_dist8_addr16,0.001208,1.058774834437086,1.0008285004142503,0.08285004142503105
matmult_imp3_s64_ipd16_addr16_l2_ddr4_1x,matmult,imp,stage3,s64_ipd16_addr16,l2,ddr4_1x,0.001241,1240896195.0,7397876.0,3726415.0,1.985255,1158773.0,2138946.0,2845.0,1077779.0,,,,45461.0,2559.0,23.0,0.001279,1.0306204673650283,45461.0,2559.0,23.0,0.0562900068190317,0.0005059281582015354,0.5417495345838558,0.0026396877281891743,s16_pt8_sth2,0.001221,1.0475020475020473,0.9838839645447222,-1.6116035455277844
matmult_imp3_s64_ipd16_addr16_l2_ddr4_2x,matmult,imp,stage3,s64_ipd16_addr16,l2,ddr4_2x,0.001236,1236110652.0,7397871.0,3712044.0,1.99294,1158899.0,2138288.0,2834.0,1077439.0,,,,45921.0,2559.0,20.0,0.001298,1.0501618122977345,45921.0,2559.0,20.0,0.0557261383680669,0.0004355305851353411,0.5419751689201828,0.002630311321569017,s16_ipd16_addr16,0.001214,1.0691927512355848,0.982200647249191,-1.7799352750809017
matmult_imp3_s64_ipd16_pt32_l2_ddr4_1x,matmult,imp,stage3,s64_ipd16_pt32,l2,ddr4_1x,0.001241,1240896195.0,7397876.0,3726415.0,1.985255,1158773.0,2138946.0,2845.0,1077779.0,,,,45461.0,2559.0,23.0,0.001279,1.0306204673650283,45461.0,2559.0,23.0,0.0562900068190317,0.0005059281582015354,0.5417495345838558,0.0026396877281891743,s16_pt8_sth2,0.001221,1.0475020475020473,0.9838839645447222,-1.6116035455277844
matmult_imp3_s64_ipd8_addr8_l1d_ddr4_1x,matmult,imp,stage3,s64_ipd8_addr8,l1d,ddr4_1x,0.001207,1206685440.0,7397871.0,3623680.0,2.041538,1149126.0,2138238.0,5492.0,1082270.0,24225.0,3014.0,4710.0,,,,0.001279,1.059652029826015,24225.0,3014.0,4710.0,0.12441692466460268,0.19442724458204336,0.5374172566384098,0.005074519297402681,s16_dist8_addr16,0.001208,1.058774834437086,1.0008285004142503,0.08285004142503105
matmult_imp3_s64_ipd8_addr8_l2_ddr4_1x,matmult,imp,stage3,s64_ipd8_addr8,l2,ddr4_1x,0.001241,1240896195.0,7397876.0,3726415.0,1.985255,1158773.0,2138946.0,2845.0,1077779.0,,,,45461.0,2559.0,23.0,0.001279,1.0306204673650283,45461.0,2559.0,23.0,0.0562900068190317,0.0005059281582015354,0.5417495345838558,0.0026396877281891743,s16_pt8_sth2,0.001221,1.0475020475020473,0.9838839645447222,-1.6116035455277844
matmult_imp3_s64_ipd8_addr8_l2_ddr4_2x,matmult,imp,stage3,s64_ipd8_addr8,l2,ddr4_2x,0.001236,1236110652.0,7397871.0,3712044.0,1.99294,1158899.0,2138288.0,2834.0,1077439.0,,,,45921.0,2559.0,20.0,0.001298,1.0501618122977345,45921.0,2559.0,20.0,0.0557261383680669,0.0004355305851353411,0.5419751689201828,0.002630311321569017,s16_ipd16_addr16,0.001214,1.0691927512355848,0.982200647249191,-1.7799352750809017
matmult_imp3_s64_l1d_ddr4_1x,matmult,imp,stage3,s64,l1d,ddr4_1x,0.001207,1206685440.0,7397871.0,3623680.0,2.041538,1149126.0,2138238.0,5492.0,1082270.0,24225.0,3014.0,4710.0,,,,0.001279,1.059652029826015,24225.0,3014.0,4710.0,0.12441692466460268,0.19442724458204336,0.5374172566384098,0.005074519297402681,s16_dist8_addr16,0.001208,1.058774834437086,1.0008285004142503,0.08285004142503105
matmult_imp3_s64_l2_ddr4_2x,matmult,imp,stage3,s64,l2,ddr4_2x,0.001236,1236110652.0,7397871.0,3712044.0,1.99294,1158899.0,2138288.0,2834.0,1077439.0,,,,45921.0,2559.0,20.0,0.001298,1.0501618122977345,45921.0,2559.0,20.0,0.0557261383680669,0.0004355305851353411,0.5419751689201828,0.002630311321569017,s16_ipd16_addr16,0.001214,1.0691927512355848,0.982200647249191,-1.7799352750809017
matmult_imp3_s64_sth2_dist32_ipd16_addr16_l1d_ddr4_2x,matmult,imp,stage3,s64_sth2_dist32_ipd16_addr16,l1d,ddr4_2x,0.001218,1218429684.0,7397876.0,3658948.0,2.021861,1150918.0,2140135.0,5413.0,1081955.0,21277.0,2954.0,3470.0,,,,0.001298,1.0656814449917897,21277.0,2954.0,3470.0,0.13883536212811956,0.16308690134887438,0.5377782242708988,0.0050029807154641365,s16_pt8_sth2,0.001221,1.0630630630630629,1.0024630541871922,0.24630541871921707
matmult_imp3_s64_sth2_dist32_ipd16_l1d_ddr4_2x,matmult,imp,stage3,s64_sth2_dist32_ipd16,l1d,ddr4_2x,0.001218,1218429684.0,7397876.0,3658948.0,2.021861,1150918.0,2140135.0,5413.0,1081955.0,21277.0,2954.0,3470.0,,,,0.001298,1.0656814449917897,21277.0,2954.0,3470.0,0.13883536212811956,0.16308690134887438,0.5377782242708988,0.0050029807154641365,s16_pt8_sth2,0.001221,1.0630630630630629,1.0024630541871922,0.24630541871921707
matmult_imp3_s64_sth2_l1d_ddr4_2x,matmult,imp,stage3,s64_sth2,l1d,ddr4_2x,0.001218,1218429684.0,7397876.0,3658948.0,2.021861,1150918.0,2140135.0,5413.0,1081955.0,21277.0,2954.0,3470.0,,,,0.001298,1.0656814449917897,21277.0,2954.0,3470.0,0.13883536212811956,0.16308690134887438,0.5377782242708988,0.0050029807154641365,s16_pt8_sth2,0.001221,1.0630630630630629,1.0024630541871922,0.24630541871921707
matmult_imp3_s64_sth2_pt8_l1d_ddr4_2x,matmult,imp,stage3,s64_sth2_pt8,l1d,ddr4_2x,0.001218,1218429684.0,7397876.0,3658948.0,2.021861,1150918.0,2140135.0,5413.0,1081955.0,21277.0,2954.0,3470.0,,,,0.001298,1.0656814449917897,21277.0,2954.0,3470.0,0.13883536212811956,0.16308690134887438,0.5377782242708988,0.0050029807154641365,s16_pt8_sth2,0.001221,1.0630630630630629,1.0024630541871922,0.24630541871921707
matmult_imp3_s64_sth2_pt8_l2_ddr4_1x,matmult,imp,stage3,s64_sth2_pt8,l2,ddr4_1x,0.001243,1243055367.0,7397876.0,3732899.0,1.981807,1160363.0,2139903.0,2994.0,1078546.0,,,,51618.0,2394.0,17.0,0.001279,1.0289621882542237,51618.0,2394.0,17.0,0.046379170056956874,0.00032934247743035376,0.5422502795687468,0.002775959486197158,s16_pt8_sth2,0.001221,1.0475020475020473,0.9823008849557523,-1.7699115044247704
matmult_imp3_s64_sth8_pt8_l1d_ddr4_2x,matmult,imp,stage3,s64_sth8_pt8,l1d,ddr4_2x,0.001218,1217882898.0,7397871.0,3657306.0,2.022768,1151099.0,2139330.0,5385.0,1081401.0,20413.0,2740.0,3633.0,,,,0.001298,1.0656814449917897,20413.0,2740.0,3633.0,0.1342281879194631,0.17797481996766767,0.5380651886338246,0.004979651396660443,s16_pt8_sth2,0.001221,1.0630630630630629,1.0024630541871922,0.24630541871921707
merge_imp3_s32_dist32_addr16_l2_ddr4_1x,merge,imp,stage3,s32_dist32_addr16,l2,ddr4_1x,0.010153,10152784386.0,37919464.0,30488842.0,1.243717,844646.0,11106045.0,17248.0,201240.0,,,,85093.0,54694.0,373.0,0.011631,1.145572737122033,85093.0,54694.0,373.0,0.6427555733139036,0.004383439295829269,0.07605281628158359,0.0857086066388392,s16_ipd16_addr16,0.010353,1.1234424804404521,1.019698611247907,1.969861124790695
merge_imp3_s32_dist32_addr16_l2_ddr4_2x,merge,imp,stage3,s32_dist32_addr16,l2,ddr4_2x,0.010051,10050759513.0,37919508.0,30182461.0,1.256344,848023.0,11105968.0,13428.0,201366.0,,,,91714.0,58643.0,357.0,0.011697,1.1637647995224358,91714.0,58643.0,357.0,0.6394116492574743,0.0038925354907647686,0.07635741431994042,0.06668454456065076,aggr_s16_sth2_d32_ipd16,0.010224,1.1440727699530517,1.0172122176897822,1.7212217689782205
merge_imp3_s32_dist8_addr16_l1d_ddr4_1x,merge,imp,stage3,s32_dist8_addr16,l1d,ddr4_1x,0.009971,9971294724.0,37918829.0,29943828.0,1.266333,779785.0,10964064.0,73925.0,214938.0,210212.0,76526.0,7272.0,,,,0.011631,1.166482800120349,210212.0,76526.0,7272.0,0.36404201472798886,0.03459364831693719,0.07112189421732672,0.3439363909592534,s16_pt8_sth8,0.010035,1.1590433482810165,1.0064186139805436,0.6418613980543553
merge_imp3_s32_dist8_addr16_l2_ddr4_1x,merge,imp,stage3,s32_dist8_addr16,l2,ddr4_1x,0.010153,10152784386.0,37919464.0,30488842.0,1.243717,844646.0,11106045.0,17248.0,201240.0,,,,85093.0,54694.0,373.0,0.011631,1.145572737122033,85093.0,54694.0,373.0,0.6427555733139036,0.004383439295829269,0.07605281628158359,0.0857086066388392,s16_ipd16_addr16,0.010353,1.1234424804404521,1.019698611247907,1.969861124790695
merge_imp3_s32_dist8_addr16_l2_ddr4_2x,merge,imp,stage3,s32_dist8_addr16,l2,ddr4_2x,0.010051,10050759513.0,37919508.0,30182461.0,1.256344,848023.0,11105968.0,13428.0,201366.0,,,,91714.0,58643.0,357.0,0.011697,1.1637647995224358,91714.0,58643.0,357.0,0.6394116492574743,0.0038925354907647686,0.07635741431994042,0.06668454456065076,aggr_s16_sth2_d32_ipd16,0.010224,1.1440727699530517,1.0172122176897822,1.7212217689782205
merge_imp3_s32_ipd16_addr16_l1d_ddr4_1x,merge,imp,stage3,s32_ipd16_addr16,l1d,ddr4_1x,0.009971,9971294724.0,37918829.0,29943828.0,1.266333,779785.0,10964064.0,73925.0,214938.0,210212.0,76526.0,7272.0,,,,0.011631,1.166482800120349,210212.0,76526.0,7272.0,0.36404201472798886,0.03459364831693719,0.07112189421732672,0.3439363909592534,s16_pt8_sth8,0.010035,1.1590433482810165,1.0064186139805436,0.6418613980543553
merge_imp3_s32_ipd16_addr16_l2_ddr4_1x,merge,imp,stage3,s32_ipd16_addr16,l2,ddr4_1x,0.010153,10152784386.0,37919464.0,30488842.0,1.243717,844646.0,11106045.0,17248.0,201240.0,,,,85093.0,54694.0,373.0,0.011631,1.145572737122033,85093.0,54694.0,373.0,0.6427555733139036,0.004383439295829269,0.07605281628158359,0.0857086066388392,s16_ipd16_addr16,0.010353,1.1234424804404521,1.019698611247907,1.969861124790695
merge_imp3_s32_ipd8_addr8_l1d_ddr4_1x,merge,imp,stage3,s32_ipd8_addr8,l1d,ddr4_1x,0.009971,9971294724.0,37918829.0,29943828.0,1.266333,779785.0,10964064.0,73925.0,214938.0,210212.0,76526.0,7272.0,,,,0.011631,1.166482800120349,210212.0,76526.0,7272.0,0.36404201472798886,0.03459364831693719,0.07112189421732672,0.3439363909592534,s16_pt8_sth8,0.010035,1.1590433482810165,1.0064186139805436,0.6418613980543553
merge_imp3_s32_ipd8_addr8_l2_ddr4_1x,merge,imp,stage3,s32_ipd8_addr8,l2,ddr4_1x,0.010153,10152784386.0,37919464.0,30488842.0,1.243717,844646.0,11106045.0,17248.0,201240.0,,,,85093.0,54694.0,373.0,0.011631,1.145572737122033,85093.0,54694.0,373.0,0.6427555733139036,0.004383439295829269,0.07605281628158359,0.0857086066388392,s16_ipd16_addr16,0.010353,1.1234424804404521,1.019698611247907,1.969861124790695
merge_imp3_s32_l1d_ddr4_1x,merge,imp,stage3,s32,l1d,ddr4_1x,0.009971,9971294724.0,37918829.0,29943828.0,1.266333,779785.0,10964064.0,73925.0,214938.0,210212.0,76526.0,7272.0,,,,0.011631,1.166482800120349,210212.0,76526.0,7272.0,0.36404201472798886,0.03459364831693719,0.07112189421732672,0.3439363909592534,s16_pt8_sth8,0.010035,1.1590433482810165,1.0064186139805436,0.6418613980543553
merge_imp3_s32_l2_ddr4_1x,merge,imp,stage3,s32,l2,ddr4_1x,0.010153,10152784386.0,37919464.0,30488842.0,1.243717,844646.0,11106045.0,17248.0,201240.0,,,,85093.0,54694.0,373.0,0.011631,1.145572737122033,85093.0,54694.0,373.0,0.6427555733139036,0.004383439295829269,0.07605281628158359,0.0857086066388392,s16_ipd16_addr16,0.010353,1.1234424804404521,1.019698611247907,1.969861124790695
merge_imp3_s32_l2_ddr4_2x,merge,imp,stage3,s32,l2,ddr4_2x,0.010051,10050759513.0,37919508.0,30182461.0,1.256344,848023.0,11105968.0,13428.0,201366.0,,,,91714.0,58643.0,357.0,0.011697,1.1637647995224358,91714.0,58643.0,357.0,0.6394116492574743,0.0038925354907647686,0.07635741431994042,0.06668454456065076,aggr_s16_sth2_d32_ipd16,0.010224,1.1440727699530517,1.0172122176897822,1.7212217689782205
merge_imp3_s32_sth2_dist32_ipd16_addr16_l1d_ddr4_2x,merge,imp,stage3,s32_sth2_dist32_ipd16_addr16,l1d,ddr4_2x,0.009923,9923241492.0,37918834.0,29799524.0,1.272466,773211.0,10964189.0,73919.0,215015.0,216109.0,76960.0,7334.0,,,,0.011697,1.1787765796634084,216109.0,76960.0,7334.0,0.3561165893137259,0.033936578300764894,0.07052149502348053,0.34378531730344397,s16_sth8,0.00999,1.1708708708708708,1.0067519903255064,0.6751990325506441
merge_imp3_s32_sth2_dist32_ipd16_addr16_l2_ddr4_2x,merge,imp,stage3,s32_sth2_dist32_ipd16_addr16,l2,ddr4_2x,0.010051,10050687918.0,37919536.0,30182246.0,1.256354,848012.0,11105982.0,13421.0,201367.0,,,,91741.0,58651.0,391.0,0.011697,1.1637647995224358,91741.0,58651.0,391.0,0.6393106680764326,0.004261998452164245,0.07635632760795039,0.06664945100239861,aggr_s16_sth2_d32_ipd16,0.010224,1.1440727699530517,1.0172122176897822,1.7212217689782205
merge_imp3_s32_sth2_dist32_ipd16_l1d_ddr4_2x,merge,imp,stage3,s32_sth2_dist32_ipd16,l1d,ddr4_2x,0.009923,9923241492.0,37918834.0,29799524.0,1.272466,773211.0,10964189.0,73919.0,215015.0,216109.0,76960.0,7334.0,,,,0.011697,1.1787765796634084,216109.0,76960.0,7334.0,0.3561165893137259,0.033936578300764894,0.07052149502348053,0.34378531730344397,s16_sth8,0.00999,1.1708708708708708,1.0067519903255064,0.6751990325506441
merge_imp3_s32_sth2_dist32_ipd16_l2_ddr4_2x,merge,imp,stage3,s32_sth2_dist32_ipd16,l2,ddr4_2x,0.010051,10050687918.0,37919536.0,30182246.0,1.256354,848012.0,11105982.0,13421.0,201367.0,,,,91741.0,58651.0,391.0,0.011697,1.1637647995224358,91741.0,58651.0,391.0,0.6393106680764326,0.004261998452164245,0.07635632760795039,0.06664945100239861,aggr_s16_sth2_d32_ipd16,0.010224,1.1440727699530517,1.0172122176897822,1.7212217689782205
merge_imp3_s32_sth2_l1d_ddr4_2x,merge,imp,stage3,s32_sth2,l1d,ddr4_2x,0.009923,9923241492.0,37918834.0,29799524.0,1.272466,773211.0,10964189.0,73919.0,215015.0,216109.0,76960.0,7334.0,,,,0.011697,1.1787765796634084,216109.0,76960.0,7334.0,0.3561165893137259,0.033936578300764894,0.07052149502348053,0.34378531730344397,s16_sth8,0.00999,1.1708708708708708,1.0067519903255064,0.6751990325506441
merge_imp3_s32_sth8_l1d_ddr4_2x,merge,imp,stage3,s32_sth8,l1d,ddr4_2x,0.009922,9921603798.0,37918829.0,29794606.0,1.272676,770952.0,10964267.0,73686.0,214411.0,214165.0,77236.0,6962.0,,,,0.011697,1.1788953839951624,214165.0,77236.0,6962.0,0.3606378259752994,0.03250764597389863,0.07031496040729399,0.3436670693201375,s16_sth8,0.00999,1.1708708708708708,1.0068534569643217,0.6853456964321714
merge_imp3_s32_sth8_pt8_l1d_ddr4_1x,merge,imp,stage3,s32_sth8_pt8,l1d,ddr4_1x,0.009968,9967776912.0,37918829.0,29933264.0,1.26678,779345.0,10964256.0,73439.0,213524.0,202153.0,75622.0,6754.0,,,,0.011631,1.1668338683788124,202153.0,75622.0,6754.0,0.374082996542223,0.03341033771450337,0.07108051836804978,0.3439379179858002,s16_pt8_sth8,0.010035,1.1590433482810165,1.0067215088282504,0.67215088282504
merge_imp3_s32_sth8_pt8_l1d_ddr4_2x,merge,imp,stage3,s32_sth8_pt8,l1d,ddr4_2x,0.009927,9927178884.0,37918834.0,29811348.0,1.271961,772468.0,10964331.0,73536.0,213664.0,209232.0,76327.0,6861.0,,,,0.011697,1.1783016016923542,209232.0,76327.0,6861.0,0.3647960159057888,0.03279135122734572,0.0704528165010706,0.3441665418601168,s16_sth8,0.00999,1.1708708708708708,1.0063463281958296,0.6346328195829587
merge_imp3_s64_dist32_addr16_l2_ddr4_1x,merge,imp,stage3,s64_dist32_addr16,l2,ddr4_1x,0.010573,10573056360.0,37919492.0,31750920.0,1.194281,893147.0,11163710.0,24937.0,201511.0,,,,605153.0,47255.0,335.0,0.011631,1.100066206374728,605153.0,47255.0,335.0,0.0780876902204897,0.0005535790122497947,0.08000449671301028,0.12375006823448843,s16_ipd16_addr16,0.010353,1.1234424804404521,0.9791922822283172,-2.0807717771682777
merge_imp3_s64_dist32_addr16_l2_ddr4_2x,merge,imp,stage3,s64_dist32_addr16,l2,ddr4_2x,0.010401,10401107481.0,37919564.0,31234557.0,1.214027,892264.0,11157468.0,24554.0,201392.0,,,,600627.0,47524.0,337.0,0.011697,1.1246034035188925,600627.0,47524.0,337.0,0.07912398210536656,0.0005610803377137558,0.079970115083458,0.12192142686899182,aggr_s16_sth2_d32_ipd16,0.010224,1.1440727699530517,0.982982405537929,-1.7017594462070962
merge_imp3_s64_dist8_addr16_l1d_ddr4_1x,merge,imp,stage3,s64_dist8_addr16,l1d,ddr4_1x,0.010113,10113311898.0,37919439.0,30370306.0,1.248571,798466.0,10959649.0,73792.0,214239.0,368099.0,70950.0,6858.0,,,,0.011631,1.1501038267576387,368099.0,70950.0,6858.0,0.19274705989421323,0.018630857459542134,0.07285507044979268,0.34443775409705985,s16_pt8_sth8,0.010035,1.1590433482810165,0.9922871551468407,-0.7712844853159262
merge_imp3_s64_dist8_addr16_l2_ddr4_1x,merge,imp,stage3,s64_dist8_addr16,l2,ddr4_1x,0.010573,10573056360.0,37919492.0,31750920.0,1.194281,893147.0,11163710.0,24937.0,201511.0,,,,605153.0,47255.0,335.0,0.011631,1.100066206374728,605153.0,47255.0,335.0,0.0780876902204897,0.0005535790122497947,0.08000449671301028,0.12375006823448843,s16_ipd16_addr16,0.010353,1.1234424804404521,0.9791922822283172,-2.0807717771682777
merge_imp3_s64_dist8_addr16_l2_ddr4_2x,merge,imp,stage3,s64_dist8_addr16,l2,ddr4_2x,0.010401,10401107481.0,37919564.0,31234557.0,1.214027,892264.0,11157468.0,24554.0,201392.0,,,,600627.0,47524.0,337.0,0.011697,1.1246034035188925,600627.0,47524.0,337.0,0.07912398210536656,0.0005610803377137558,0.079970115083458,0.12192142686899182,aggr_s16_sth2_d32_ipd16,0.010224,1.1440727699530517,0.982982405537929,-1.7017594462070962
merge_imp3_s64_ipd16_addr16_l1d_ddr4_1x,merge,imp,stage3,s64_ipd16_addr16,l1d,ddr4_1x,0.010113,10113311898.0,37919439.0,30370306.0,1.248571,798466.0,10959649.0,73792.0,214239.0,368099.0,70950.0,6858.0,,,,0.011631,1.1501038267576387,368099.0,70950.0,6858.0,0.19274705989421323,0.018630857459542134,0.07285507044979268,0.34443775409705985,s16_pt8_sth8,0.010035,1.1590433482810165,0.9922871551468407,-0.7712844853159262
merge_imp3_s64_ipd16_addr16_l2_ddr4_1x,merge,imp,stage3,s64_ipd16_addr16,l2,ddr4_1x,0.010573,10573056360.0,37919492.0,31750920.0,1.194281,893147.0,11163710.0,24937.0,201511.0,,,,605153.0,47255.0,335.0,0.011631,1.100066206374728,605153.0,47255.0,335.0,0.0780876902204897,0.0005535790122497947,0.08000449671301028,0.12375006823448843,s16_ipd16_addr16,0.010353,1.1234424804404521,0.9791922822283172,-2.0807717771682777
merge_imp3_s64_ipd8_addr8_l1d_ddr4_1x,merge,imp,stage3,s64_ipd8_addr8,l1d,ddr4_1x,0.010113,10113311898.0,37919439.0,30370306.0,1.248571,798466.0,10959649.0,73792.0,214239.0,368099.0,70950.0,6858.0,,,,0.011631,1.1501038267576387,368099.0,70950.0,6858.0,0.19274705989421323,0.018630857459542134,0.07285507044979268,0.34443775409705985,s16_pt8_sth8,0.010035,1.1590433482810165,0.9922871551468407,-0.7712844853159262
merge_imp3_s64_ipd8_addr8_l2_ddr4_1x,merge,imp,stage3,s64_ipd8_addr8,l2,ddr4_1x,0.010573,10573056360.0,37919492.0,31750920.0,1.194281,893147.0,11163710.0,24937.0,201511.0,,,,605153.0,47255.0,335.0,0.011631,1.100066206374728,605153.0,47255.0,335.0,0.0780876902204897,0.0005535790122497947,0.08000449671301028,0.12375006823448843,s16_ipd16_addr16,0.010353,1.1234424804404521,0.9791922822283172,-2.0807717771682777
merge_imp3_s64_l1d_ddr4_1x,merge,imp,stage3,s64,l1d,ddr4_1x,0.010113,10113311898.0,37919439.0,30370306.0,1.248571,798466.0,10959649.0,73792.0,214239.0,368099.0,70950.0,6858.0,,,,0.011631,1.1501038267576387,368099.0,70950.0,6858.0,0.19274705989421323,0.018630857459542134,0.07285507044979268,0.34443775409705985,s16_pt8_sth8,0.010035,1.1590433482810165,0.9922871551468407,-0.7712844853159262
merge_imp3_s64_l2_ddr4_1x,merge,imp,stage3,s64,l2,ddr4_1x,0.010573,10573056360.0,37919492.0,31750920.0,1.194281,893147.0,11163710.0,24937.0,201511.0,,,,605153.0,47255.0,335.0,0.011631,1.100066206374728,605153.0,47255.0,335.0,0.0780876902204897,0.0005535790122497947,0.08000449671301028,0.12375006823448843,s16_ipd16_addr16,0.010353,1.1234424804404521,0.9791922822283172,-2.0807717771682777
merge_imp3_s64_l2_ddr4_2x,merge,imp,stage3,s64,l2,ddr4_2x,0.010401,10401107481.0,37919564.0,31234557.0,1.214027,892264.0,11157468.0,24554.0,201392.0,,,,600627.0,47524.0,337.0,0.011697,1.1246034035188925,600627.0,47524.0,337.0,0.07912398210536656,0.0005610803377137558,0.079970115083458,0.12192142686899182,aggr_s16_sth2_d32_ipd16,0.010224,1.1440727699530517,0.982982405537929,-1.7017594462070962
merge_imp3_s64_sth2_dist32_ipd16_addr16_l1d_ddr4_2x,merge,imp,stage3,s64_sth2_dist32_ipd16_addr16,l1d,ddr4_2x,0.010072,10071841743.0,37919536.0,30245771.0,1.253715,788238.0,10959161.0,73812.0,214590.0,368746.0,72417.0,7008.0,,,,0.011697,1.1613383637807786,368746.0,72417.0,7008.0,0.19638721504775644,0.0190049519181225,0.07192503148735564,0.3439675660562002,s16_sth8,0.00999,1.1708708708708708,0.9918586179507547,-0.8141382049245305
merge_imp3_s64_sth2_dist32_ipd16_addr16_l2_ddr4_2x,merge,imp,stage3,s64_sth2_dist32_ipd16_addr16,l2,ddr4_2x,0.010401,10401033555.0,37919564.0,31234335.0,1.214036,892246.0,11157424.0,24547.0,201392.0,,,,600664.0,47531.0,378.0,0.011697,1.1246034035188925,600664.0,47531.0,378.0,0.07913076195676784,0.0006293035707150754,0.07996881717500384,0.12188666878525463,aggr_s16_sth2_d32_ipd16,0.010224,1.1440727699530517,0.982982405537929,-1.7017594462070962
merge_imp3_s64_sth2_dist32_ipd16_l1d_ddr4_2x,merge,imp,stage3,s64_sth2_dist32_ipd16,l1d,ddr4_2x,0.010072,10071841743.0,37919536.0,30245771.0,1.253715,788238.0,10959161.0,73812.0,214590.0,368746.0,72417.0,7008.0,,,,0.011697,1.1613383637807786,368746.0,72417.0,7008.0,0.19638721504775644,0.0190049519181225,0.07192503148735564,0.3439675660562002,s16_sth8,0.00999,1.1708708708708708,0.9918586179507547,-0.8141382049245305
merge_imp3_s64_sth2_dist32_ipd16_l2_ddr4_2x,merge,imp,stage3,s64_sth2_dist32_ipd16,l2,ddr4_2x,0.010401,10401033555.0,37919564.0,31234335.0,1.214036,892246.0,11157424.0,24547.0,201392.0,,,,600664.0,47531.0,378.0,0.011697,1.1246034035188925,600664.0,47531.0,378.0,0.07913076195676784,0.0006293035707150754,0.07996881717500384,0.12188666878525463,aggr_s16_sth2_d32_ipd16,0.010224,1.1440727699530517,0.982982405537929,-1.7017594462070962
merge_imp3_s64_sth2_l1d_ddr4_2x,merge,imp,stage3,s64_sth2,l1d,ddr4_2x,0.010072,10071841743.0,37919536.0,30245771.0,1.253715,788238.0,10959161.0,73812.0,214590.0,368746.0,72417.0,7008.0,,,,0.011697,1.1613383637807786,368746.0,72417.0,7008.0,0.19638721504775644,0.0190049519181225,0.07192503148735564,0.3439675660562002,s16_sth8,0.00999,1.1708708708708708,0.9918586179507547,-0.8141382049245305
merge_imp3_s64_sth8_l1d_ddr4_2x,merge,imp,stage3,s64_sth8,l1d,ddr4_2x,0.010072,10071926325.0,37919536.0,30246025.0,1.253705,789626.0,10959367.0,73659.0,214282.0,368372.0,71861.0,6830.0,,,,0.011697,1.1613383637807786,368372.0,71861.0,6830.0,0.19507725885789365,0.01854104003561617,0.07205032918415817,0.34374795829794386,s16_sth8,0.00999,1.1708708708708708,0.9918586179507547,-0.8141382049245305
merge_imp3_s64_sth8_pt8_l1d_ddr4_1x,merge,imp,stage3,s64_sth8_pt8,l1d,ddr4_1x,0.01012,10120441095.0,37919455.0,30391715.0,1.247692,797795.0,10959687.0,73334.0,212085.0,345458.0,69569.0,6095.0,,,,0.011631,1.1493083003952569,345458.0,69569.0,6095.0,0.20138193354908557,0.017643244620185378,0.07279359346667473,0.34577645755239644,s16_pt8_sth8,0.010035,1.1590433482810165,0.991600790513834,-0.8399209486166015
merge_imp3_s64_sth8_pt8_l1d_ddr4_2x,merge,imp,stage3,s64_sth8_pt8,l1d,ddr4_2x,0.010067,10067462460.0,37919489.0,30232620.0,1.254259,787414.0,10959189.0,73329.0,212160.0,348480.0,71210.0,6091.0,,,,0.011697,1.1619151683719084,348480.0,71210.0,6091.0,0.20434458218549129,0.01747876492194674,0.07184965967828459,0.3456306561085973,s16_sth8,0.00999,1.1708708708708708,0.9923512466474621,-0.7648753352537896
quick_imp3_s32_dist32_addr16_l1d_ddr4_1x,quick,imp,stage3,s32_dist32_addr16,l1d,ddr4_1x,0.008422,8421500070.0,24424723.0,25289790.0,0.966219,48062.0,9161629.0,28509.0,86918.0,174498.0,74561.0,2246.0,,,,0.009731,1.1554262645452387,174498.0,74561.0,2246.0,0.42728856491191874,0.012871207692924847,0.005246010289218217,0.3279988034699372,s16_sth8,0.00849,1.1461719670200237,1.0080740916646875,0.8074091664687533
quick_imp3_s32_dist32_addr16_l1d_ddr4_2x,quick,imp,stage3,s32_dist32_addr16,l1d,ddr4_2x,0.008388,8388313290.0,24424723.0,25190130.0,0.970042,46732.0,9161063.0,28533.0,86999.0,172896.0,74633.0,2323.0,,,,0.00967,1.1528373867429662,172896.0,74633.0,2323.0,0.43166412178419394,0.013435822691097539,0.005101154745906671,0.3279692870032989,s16_pt8_sth2,0.008459,1.143161130157229,1.0084644730567478,0.8464473056747801
quick_imp3_s32_dist32_addr16_l2_ddr4_1x,quick,imp,stage3,s32_dist32_addr16,l2,ddr4_1x,0.008652,8652488517.0,24424723.0,25983449.0,0.940425,234259.0,9220556.0,2191.0,82825.0,,,,28315.0,26303.0,19.0,0.009731,1.124711049468331,28315.0,26303.0,19.0,0.9289422567543705,0.0006710224262758256,0.025406168565106052,0.026453365529731362,s16,0.008812,1.1042896050839763,1.0184928340268147,1.8492834026814675
quick_imp3_s32_dist32_addr16_l2_ddr4_2x,quick,imp,stage3,s32_dist32_addr16,l2,ddr4_2x,0.008626,8626164534.0,24424723.0,25904398.0,0.943295,233143.0,9219528.0,2193.0,82824.0,,,,28397.0,26300.0,19.0,0.00967,1.1210294458613494,28397.0,26300.0,19.0,0.9261541712152692,0.0006690847624749093,0.02528795400371906,0.02647783251231527,s16_dist8_addr16,0.008729,1.107801580937106,1.0119406445629493,1.1940644562949299
quick_imp3_s32_dist8_addr16_l1d_ddr4_2x,quick,imp,stage3,s32_dist8_addr16,l1d,ddr4_2x,0.008388,8388313290.0,24424723.0,25190130.0,0.970042,46732.0,9161063.0,28533.0,86999.0,172896.0,74633.0,2323.0,,,,0.00967,1.1528373867429662,172896.0,74633.0,2323.0,0.43166412178419394,0.013435822691097539,0.005101154745906671,0.3279692870032989,s16_pt8_sth2,0.008459,1.143161130157229,1.0084644730567478,0.8464473056747801
quick_imp3_s32_dist8_addr16_l2_ddr4_1x,quick,imp,stage3,s32_dist8_addr16,l2,ddr4_1x,0.008652,8652488517.0,24424723.0,25983449.0,0.940425,234259.0,9220556.0,2191.0,82825.0,,,,28315.0,26303.0,19.0,0.009731,1.124711049468331,28315.0,26303.0,19.0,0.9289422567543705,0.0006710224262758256,0.025406168565106052,0.026453365529731362,s16,0.008812,1.1042896050839763,1.0184928340268147,1.8492834026814675
quick_imp3_s32_dist8_addr16_l2_ddr4_2x,quick,imp,stage3,s32_dist8_addr16,l2,ddr4_2x,0.008626,8626164534.0,24424723.0,25904398.0,0.943295,233143.0,9219528.0,2193.0,82824.0,,,,28397.0,26300.0,19.0,0.00967,1.1210294458613494,28397.0,26300.0,19.0,0.9261541712152692,0.0006690847624749093,0.02528795400371906,0.02647783251231527,s16_dist8_addr16,0.008729,1.107801580937106,1.0119406445629493,1.1940644562949299
quick_imp3_s32_ipd16_addr16_l1d_ddr4_2x,quick,imp,stage3,s32_ipd16_addr16,l1d,ddr4_2x,0.008388,8388313290.0,24424723.0,25190130.0,0.970042,46732.0,9161063.0,28533.0,86999.0,172896.0,74633.0,2323.0,,,,0.00967,1.1528373867429662,172896.0,74633.0,2323.0,0.43166412178419394,0.013435822691097539,0.005101154745906671,0.3279692870032989,s16_pt8_sth2,0.008459,1.143161130157229,1.0084644730567478,0.8464473056747801
quick_imp3_s32_ipd16_addr16_l2_ddr4_1x,quick,imp,stage3,s32_ipd16_addr16,l2,ddr4_1x,0.008652,8652488517.0,24424723.0,25983449.0,0.940425,234259.0,9220556.0,2191.0,82825.0,,,,28315.0,26303.0,19.0,0.009731,1.124711049468331,28315.0,26303.0,19.0,0.9289422567543705,0.0006710224262758256,0.025406168565106052,0.026453365529731362,s16,0.008812,1.1042896050839763,1.0184928340268147,1.8492834026814675
quick_imp3_s32_ipd8_addr8_l1d_ddr4_1x,quick,imp,stage3,s32_ipd8_addr8,l1d,ddr4_1x,0.008422,8421500070.0,24424723.0,25289790.0,0.966219,48062.0,9161629.0,28509.0,86918.0,174498.0,74561.0,2246.0,,,,0.009731,1.1554262645452387,174498.0,74561.0,2246.0,0.42728856491191874,0.012871207692924847,0.005246010289218217,0.3279988034699372,s16_sth8,0.00849,1.1461719670200237,1.0080740916646875,0.8074091664687533
quick_imp3_s32_ipd8_addr8_l1d_ddr4_2x,quick,imp,stage3,s32_ipd8_addr8,l1d,ddr4_2x,0.008388,8388313290.0,24424723.0,25190130.0,0.970042,46732.0,9161063.0,28533.0,86999.0,172896.0,74633.0,2323.0,,,,0.00967,1.1528373867429662,172896.0,74633.0,2323.0,0.43166412178419394,0.013435822691097539,0.005101154745906671,0.3279692870032989,s16_pt8_sth2,0.008459,1.143161130157229,1.0084644730567478,0.8464473056747801
quick_imp3_s32_ipd8_addr8_l2_ddr4_1x,quick,imp,stage3,s32_ipd8_addr8,l2,ddr4_1x,0.008652,8652488517.0,24424723.0,25983449.0,0.940425,234259.0,9220556.0,2191.0,82825.0,,,,28315.0,26303.0,19.0,0.009731,1.124711049468331,28315.0,26303.0,19.0,0.9289422567543705,0.0006710224262758256,0.025406168565106052,0.026453365529731362,s16,0.008812,1.1042896050839763,1.0184928340268147,1.8492834026814675
quick_imp3_s32_l1d_ddr4_2x,quick,imp,stage3,s32,l1d,ddr4_2x,0.008388,8388313290.0,24424723.0,25190130.0,0.970042,46732.0,9161063.0,28533.0,86999.0,172896.0,74633.0,2323.0,,,,0.00967,1.1528373867429662,172896.0,74633.0,2323.0,0.43166412178419394,0.013435822691097539,0.005101154745906671,0.3279692870032989,s16_pt8_sth2,0.008459,1.143161130157229,1.0084644730567478,0.8464473056747801
quick_imp3_s32_l2_ddr4_1x,quick,imp,stage3,s32,l2,ddr4_1x,0.008652,8652488517.0,24424723.0,25983449.0,0.940425,234259.0,9220556.0,2191.0,82825.0,,,,28315.0,26303.0,19.0,0.009731,1.124711049468331,28315.0,26303.0,19.0,0.9289422567543705,0.0006710224262758256,0.025406168565106052,0.026453365529731362,s16,0.008812,1.1042896050839763,1.0184928340268147,1.8492834026814675
quick_imp3_s32_l2_ddr4_2x,quick,imp,stage3,s32,l2,ddr4_2x,0.008626,8626164534.0,24424723.0,25904398.0,0.943295,233143.0,9219528.0,2193.0,82824.0,,,,28397.0,26300.0,19.0,0.00967,1.1210294458613494,28397.0,26300.0,19.0,0.9261541712152692,0.0006690847624749093,0.02528795400371906,0.02647783251231527,s16_dist8_addr16,0.008729,1.107801580937106,1.0119406445629493,1.1940644562949299
quick_imp3_s32_sth2_dist32_ipd16_addr16_l2_ddr4_2x,quick,imp,stage3,s32_sth2_dist32_ipd16_addr16,l2,ddr4_2x,0.008626,8625947085.0,24424723.0,25903745.0,0.943319,233112.0,9219504.0,2186.0,82824.0,,,,28502.0,26307.0,80.0,0.00967,1.1210294458613494,28502.0,26307.0,80.0,0.9229878605010174,0.002806820573994807,0.02528465739588594,0.026393315947068483,s16_dist8_addr16,0.008729,1.107801580937106,1.0119406445629493,1.1940644562949299
quick_imp3_s32_sth2_dist32_ipd16_l2_ddr4_2x,quick,imp,stage3,s32_sth2_dist32_ipd16,l2,ddr4_2x,0.008626,8625947085.0,24424723.0,25903745.0,0.943319,233112.0,9219504.0,2186.0,82824.0,,,,28502.0,26307.0,80.0,0.00967,1.1210294458613494,28502.0,26307.0,80.0,0.9229878605010174,0.002806820573994807,0.02528465739588594,0.026393315947068483,s16_dist8_addr16,0.008729,1.107801580937106,1.0119406445629493,1.1940644562949299
quick_imp3_s32_sth2_pt8_l1d_ddr4_1x,quick,imp,stage3,s32_sth2_pt8,l1d,ddr4_1x,0.008421,8421309594.0,24424723.0,25289218.0,0.966241,48562.0,9161796.0,28508.0,86877.0,175910.0,74424.0,2299.0,,,,0.009731,1.1555634722717016,175910.0,74424.0,2299.0,0.4230799840827696,0.013069183104996874,0.005300489118072483,0.3281420859375899,s16_sth8,0.00849,1.1461719670200237,1.0081938012112575,0.8193801211257457
quick_imp3_s32_sth8_l1d_ddr4_1x,quick,imp,stage3,s32_sth8,l1d,ddr4_1x,0.008424,8423906661.0,24424718.0,25297017.0,0.965943,48718.0,9161994.0,28491.0,86876.0,175225.0,74377.0,2216.0,,,,0.009731,1.1551519468186136,175225.0,74377.0,2216.0,0.4244656869738907,0.012646597232130118,0.005317401430299998,0.32795018186841013,s16_sth8,0.00849,1.1461719670200237,1.007834757834758,0.7834757834757955
quick_imp3_s32_sth8_pt8_l1d_ddr4_1x,quick,imp,stage3,s32_sth8_pt8,l1d,ddr4_1x,0.008424,8424332568.0,24424723.0,25298296.0,0.965894,49278.0,9162190.0,28496.0,86831.0,175146.0,74182.0,2177.0,,,,0.009731,1.1551519468186136,175146.0,74182.0,2177.0,0.42354378632683587,0.012429630137142727,0.005378408437284099,0.32817772454538124,s16_sth8,0.00849,1.1461719670200237,1.007834757834758,0.7834757834757955
quick_imp3_s64_dist32_addr16_l1d_ddr4_1x,quick,imp,stage3,s64_dist32_addr16,l1d,ddr4_1x,0.008574,8574307110.0,24424718.0,25748670.0,0.949,61833.0,9162792.0,28526.0,88458.0,562922.0,64160.0,3343.0,,,,0.009731,1.13494285047819,562922.0,64160.0,3343.0,0.11397671435829476,0.005938655799560153,0.006748270614458999,0.32248072531596916,s16_sth8,0.00849,1.1461719670200237,0.9902029391182644,-0.9797060881735598
quick_imp3_s64_dist32_addr16_l1d_ddr4_2x,quick,imp,stage3,s64_dist32_addr16,l1d,ddr4_2x,0.00853,8529559902.0,24424723.0,25614294.0,0.953978,62716.0,9163570.0,28565.0,88446.0,574801.0,64072.0,3333.0,,,,0.00967,1.1336459554513483,574801.0,64072.0,3333.0,0.11146814288771244,0.005798528534223148,0.006844057501606907,0.3229654252312145,s16_pt8_sth2,0.008459,1.143161130157229,0.9916764361078546,-0.8323563892145391
quick_imp3_s64_dist32_addr16_l2_ddr4_1x,quick,imp,stage3,s64_dist32_addr16,l2,ddr4_1x,0.009208,9207651465.0,24424723.0,27650605.0,0.883723,276429.0,9250449.0,14225.0,82826.0,,,,428071.0,14280.0,75.0,0.009731,1.056798436142485,428071.0,14280.0,75.0,0.03335895213644466,0.00017520458054855385,0.029882765690616746,0.1717455871344747,s16,0.008812,1.1042896050839763,0.9569939183318854,-4.300608166811459
quick_imp3_s64_dist32_addr16_l2_ddr4_2x,quick,imp,stage3,s64_dist32_addr16,l2,ddr4_2x,0.009118,9117588285.0,24424718.0,27380145.0,0.892452,274945.0,9249248.0,14307.0,82820.0,,,,431589.0,14195.0,75.0,0.00967,1.060539592015793,431589.0,14195.0,75.0,0.03289008756015561,0.000173776440085359,0.029726200443538763,0.1727481284713837,s16_dist8_addr16,0.008729,1.107801580937106,0.9573371353366967,-4.266286466330326
quick_imp3_s64_dist8_addr16_l1d_ddr4_2x,quick,imp,stage3,s64_dist8_addr16,l1d,ddr4_2x,0.00853,8529559902.0,24424723.0,25614294.0,0.953978,62716.0,9163570.0,28565.0,88446.0,574801.0,64072.0,3333.0,,,,0.00967,1.1336459554513483,574801.0,64072.0,3333.0,0.11146814288771244,0.005798528534223148,0.006844057501606907,0.3229654252312145,s16_pt8_sth2,0.008459,1.143161130157229,0.9916764361078546,-0.8323563892145391
quick_imp3_s64_dist8_addr16_l2_ddr4_1x,quick,imp,stage3,s64_dist8_addr16,l2,ddr4_1x,0.009208,9207651465.0,24424723.0,27650605.0,0.883723,276429.0,9250449.0,14225.0,82826.0,,,,428071.0,14280.0,75.0,0.009731,1.056798436142485,428071.0,14280.0,75.0,0.03335895213644466,0.00017520458054855385,0.029882765690616746,0.1717455871344747,s16,0.008812,1.1042896050839763,0.9569939183318854,-4.300608166811459
quick_imp3_s64_dist8_addr16_l2_ddr4_2x,quick,imp,stage3,s64_dist8_addr16,l2,ddr4_2x,0.009118,9117588285.0,24424718.0,27380145.0,0.892452,274945.0,9249248.0,14307.0,82820.0,,,,431589.0,14195.0,75.0,0.00967,1.060539592015793,431589.0,14195.0,75.0,0.03289008756015561,0.000173776440085359,0.029726200443538763,0.1727481284713837,s16_dist8_addr16,0.008729,1.107801580937106,0.9573371353366967,-4.266286466330326
quick_imp3_s64_ipd16_addr16_l1d_ddr4_2x,quick,imp,stage3,s64_ipd16_addr16,l1d,ddr4_2x,0.00853,8529559902.0,24424723.0,25614294.0,0.953978,62716.0,9163570.0,28565.0,88446.0,574801.0,64072.0,3333.0,,,,0.00967,1.1336459554513483,574801.0,64072.0,3333.0,0.11146814288771244,0.005798528534223148,0.006844057501606907,0.3229654252312145,s16_pt8_sth2,0.008459,1.143161130157229,0.9916764361078546,-0.8323563892145391
quick_imp3_s64_ipd16_addr16_l2_ddr4_1x,quick,imp,stage3,s64_ipd16_addr16,l2,ddr4_1x,0.009208,9207651465.0,24424723.0,27650605.0,0.883723,276429.0,9250449.0,14225.0,82826.0,,,,428071.0,14280.0,75.0,0.009731,1.056798436142485,428071.0,14280.0,75.0,0.03335895213644466,0.00017520458054855385,0.029882765690616746,0.1717455871344747,s16,0.008812,1.1042896050839763,0.9569939183318854,-4.300608166811459
quick_imp3_s64_ipd8_addr8_l1d_ddr4_1x,quick,imp,stage3,s64_ipd8_addr8,l1d,ddr4_1x,0.008574,8574307110.0,24424718.0,25748670.0,0.949,61833.0,9162792.0,28526.0,88458.0,562922.0,64160.0,3343.0,,,,0.009731,1.13494285047819,562922.0,64160.0,3343.0,0.11397671435829476,0.005938655799560153,0.006748270614458999,0.32248072531596916,s16_sth8,0.00849,1.1461719670200237,0.9902029391182644,-0.9797060881735598
quick_imp3_s64_ipd8_addr8_l1d_ddr4_2x,quick,imp,stage3,s64_ipd8_addr8,l1d,ddr4_2x,0.00853,8529559902.0,24424723.0,25614294.0,0.953978,62716.0,9163570.0,28565.0,88446.0,574801.0,64072.0,3333.0,,,,0.00967,1.1336459554513483,574801.0,64072.0,3333.0,0.11146814288771244,0.005798528534223148,0.006844057501606907,0.3229654252312145,s16_pt8_sth2,0.008459,1.143161130157229,0.9916764361078546,-0.8323563892145391
quick_imp3_s64_ipd8_addr8_l2_ddr4_1x,quick,imp,stage3,s64_ipd8_addr8,l2,ddr4_1x,0.009208,9207651465.0,24424723.0,27650605.0,0.883723,276429.0,9250449.0,14225.0,82826.0,,,,428071.0,14280.0,75.0,0.009731,1.056798436142485,428071.0,14280.0,75.0,0.03335895213644466,0.00017520458054855385,0.029882765690616746,0.1717455871344747,s16,0.008812,1.1042896050839763,0.9569939183318854,-4.300608166811459
quick_imp3_s64_l1d_ddr4_2x,quick,imp,stage3,s64,l1d,ddr4_2x,0.00853,8529559902.0,24424723.0,25614294.0,0.953978,62716.0,9163570.0,28565.0,88446.0,574801.0,64072.0,3333.0,,,,0.00967,1.1336459554513483,574801.0,64072.0,3333.0,0.11146814288771244,0.005798528534223148,0.006844057501606907,0.3229654252312145,s16_pt8_sth2,0.008459,1.143161130157229,0.9916764361078546,-0.8323563892145391
quick_imp3_s64_l2_ddr4_1x,quick,imp,stage3,s64,l2,ddr4_1x,0.009208,9207651465.0,24424723.0,27650605.0,0.883723,276429.0,9250449.0,14225.0,82826.0,,,,428071.0,14280.0,75.0,0.009731,1.056798436142485,428071.0,14280.0,75.0,0.03335895213644466,0.00017520458054855385,0.029882765690616746,0.1717455871344747,s16,0.008812,1.1042896050839763,0.9569939183318854,-4.300608166811459
quick_imp3_s64_l2_ddr4_2x,quick,imp,stage3,s64,l2,ddr4_2x,0.009118,9117588285.0,24424718.0,27380145.0,0.892452,274945.0,9249248.0,14307.0,82820.0,,,,431589.0,14195.0,75.0,0.00967,1.060539592015793,431589.0,14195.0,75.0,0.03289008756015561,0.000173776440085359,0.029726200443538763,0.1727481284713837,s16_dist8_addr16,0.008729,1.107801580937106,0.9573371353366967,-4.266286466330326
quick_imp3_s64_sth2_dist32_ipd16_addr16_l2_ddr4_2x,quick,imp,stage3,s64_sth2_dist32_ipd16_addr16,l2,ddr4_2x,0.009114,9114279597.0,24424718.0,27370209.0,0.892776,274941.0,9249244.0,14279.0,82821.0,,,,430967.0,14224.0,152.0,0.00967,1.0610050471801622,430967.0,14224.0,152.0,0.03300484723888372,0.00035269521796332435,0.029725780831384704,0.1724079641636783,s16_dist8_addr16,0.008729,1.107801580937106,0.9577572964669739,-4.224270353302606
quick_imp3_s64_sth2_dist32_ipd16_l2_ddr4_2x,quick,imp,stage3,s64_sth2_dist32_ipd16,l2,ddr4_2x,0.009114,9114279597.0,24424718.0,27370209.0,0.892776,274941.0,9249244.0,14279.0,82821.0,,,,430967.0,14224.0,152.0,0.00967,1.0610050471801622,430967.0,14224.0,152.0,0.03300484723888372,0.00035269521796332435,0.029725780831384704,0.1724079641636783,s16_dist8_addr16,0.008729,1.107801580937106,0.9577572964669739,-4.224270353302606
quick_imp3_s64_sth2_pt8_l1d_ddr4_1x,quick,imp,stage3,s64_sth2_pt8,l1d,ddr4_1x,0.008574,8574048369.0,24424718.0,25747893.0,0.949028,61762.0,9162753.0,28535.0,88453.0,566247.0,64188.0,3334.0,,,,0.009731,1.13494285047819,566247.0,64188.0,3334.0,0.11335689195704349,0.005887889913765548,0.00674055057470173,0.3226007031983087,s16_sth8,0.00849,1.1461719670200237,0.9902029391182644,-0.9797060881735598
quick_imp3_s64_sth8_l1d_ddr4_1x,quick,imp,stage3,s64_sth8,l1d,ddr4_1x,0.008576,8575743339.0,24424723.0,25752983.0,0.948841,62159.0,9163029.0,28517.0,88411.0,562319.0,64072.0,3266.0,,,,0.009731,1.134678171641791,562319.0,64072.0,3266.0,0.1139424419235345,0.005808091136881379,0.0067836738266352755,0.32255036138037124,s16_sth8,0.00849,1.1461719670200237,0.989972014925373,-1.0027985074626988
quick_imp3_s64_sth8_pt8_l1d_ddr4_1x,quick,imp,stage3,s64_sth8_pt8,l1d,ddr4_1x,0.008576,8575745670.0,24424718.0,25752990.0,0.94884,62495.0,9163226.0,28513.0,88367.0,561134.0,63892.0,3238.0,,,,0.009731,1.134678171641791,561134.0,63892.0,3238.0,0.11386228601367944,0.005770457680340168,0.006820196293314167,0.3226657009969785,s16_sth8,0.00849,1.1461719670200237,0.989972014925373,-1.0027985074626988
simple_triad_imp3_s32_ipd8_addr8_l2_ddr4_2x,simple_triad,imp,stage3,s32_ipd8_addr8,l2,ddr4_2x,0.001768,1767755142.0,3510110.0,5308574.0,0.661219,1903920.0,2003829.0,140156.0,373442.0,,,,575053.0,233276.0,680.0,0.002605,1.4734162895927603,575053.0,233276.0,680.0,0.4056600000347794,0.0011824997000276496,0.9501409551413819,0.3753086155279802,s16_pt8_sth2,0.00191,1.3638743455497382,1.080316742081448,8.03167420814479
simple_triad_imp3_s32_l1d_ddr4_1x,simple_triad,imp,stage3,s32,l1d,ddr4_1x,0.002919,2918894517.0,3509934.0,8765450.0,0.40043,1503654.0,2003781.0,375404.0,375414.0,519933.0,119029.0,,,,,0.002897,0.9924631723192873,519933.0,119029.0,0.0,0.2289314200098859,0.0,0.7504083530086372,0.9999733627408675,cons_s8_sth8_pt8_ipd8,0.002772,1.045093795093795,0.9496402877697842,-5.035971223021585
simple_triad_imp3_s32_l2_ddr4_1x,simple_triad,imp,stage3,s32,l2,ddr4_1x,0.002905,2905487937.0,3509962.0,8725190.0,0.402281,1855130.0,2003754.0,178025.0,372154.0,,,,544006.0,194119.0,367.0,0.002897,0.9972461273666092,544006.0,194119.0,367.0,0.3568324614066757,0.0006746249122252328,0.9258272223037359,0.47836379563299064,s2_sth2,0.002614,1.1082631981637336,0.899827882960413,-10.017211703958695
simple_triad_imp3_s32_sth2_dist32_ipd16_addr16_l1d_ddr4_2x,simple_triad,imp,stage3,s32_sth2_dist32_ipd16_addr16,l1d,ddr4_2x,0.002066,2065527405.0,3510106.0,6202785.0,0.565895,1419061.0,2003798.0,375412.0,375422.0,575459.0,139125.0,2.0,,,,0.002605,1.260890609874153,575459.0,139125.0,2.0,0.241763531372348,3.475486524669872e-06,0.7081856554403189,0.9999733633084902,s16_sth8,0.0021,1.2404761904761905,1.0164569215876087,1.6456921587608697
simple_triad_imp3_s32_sth2_dist32_ipd16_addr16_l2_ddr4_2x,simple_triad,imp,stage3,s32_sth2_dist32_ipd16_addr16,l2,ddr4_2x,0.001765,1764783783.0,3510115.0,5299651.0,0.662333,1904487.0,2003830.0,139906.0,373481.0,,,,572652.0,233565.0,647.0,0.002605,1.4759206798866855,572652.0,233565.0,647.0,0.4078655099432116,0.0011298310317609996,0.9504234391140965,0.3746000465887154,s16_pt8_sth2,0.00191,1.3638743455497382,1.0821529745042493,8.21529745042493
simple_triad_imp3_s32_sth2_dist32_ipd16_l1d_ddr4_2x,simple_triad,imp,stage3,s32_sth2_dist32_ipd16,l1d,ddr4_2x,0.002066,2065527405.0,3510106.0,6202785.0,0.565895,1419061.0,2003798.0,375412.0,375422.0,575459.0,139125.0,2.0,,,,0.002605,1.260890609874153,575459.0,139125.0,2.0,0.241763531372348,3.475486524669872e-06,0.7081856554403189,0.9999733633084902,s16_sth8,0.0021,1.2404761904761905,1.0164569215876087,1.6456921587608697
simple_triad_imp3_s32_sth2_dist32_ipd16_l2_ddr4_2x,simple_triad,imp,stage3,s32_sth2_dist32_ipd16,l2,ddr4_2x,0.001765,1764783783.0,3510115.0,5299651.0,0.662333,1904487.0,2003830.0,139906.0,373481.0,,,,572652.0,233565.0,647.0,0.002605,1.4759206798866855,572652.0,233565.0,647.0,0.4078655099432116,0.0011298310317609996,0.9504234391140965,0.3746000465887154,s16_pt8_sth2,0.00191,1.3638743455497382,1.0821529745042493,8.21529745042493
simple_triad_imp3_s32_sth2_l1d_ddr4_2x,simple_triad,imp,stage3,s32_sth2,l1d,ddr4_2x,0.002066,2065527405.0,3510106.0,6202785.0,0.565895,1419061.0,2003798.0,375412.0,375422.0,575459.0,139125.0,2.0,,,,0.002605,1.260890609874153,575459.0,139125.0,2.0,0.241763531372348,3.475486524669872e-06,0.7081856554403189,0.9999733633084902,s16_sth8,0.0021,1.2404761904761905,1.0164569215876087,1.6456921587608697
simple_triad_imp3_s32_sth2_l2_ddr4_1x,simple_triad,imp,stage3,s32_sth2,l2,ddr4_1x,0.002899,2899447983.0,3509996.0,8707052.0,0.403123,1854587.0,2003782.0,178136.0,372167.0,,,,543370.0,194020.0,388.0,0.002897,0.9993101069334253,543370.0,194020.0,388.0,0.3570679279312439,0.0007140622411984467,0.9255432976241926,0.47864533932347575,s2_sth2,0.002614,1.1082631981637336,0.901690238013108,-9.8309761986892
simple_triad_imp3_s32_sth2_l2_ddr4_2x,simple_triad,imp,stage3,s32_sth2,l2,ddr4_2x,0.001765,1764783783.0,3510115.0,5299651.0,0.662333,1904487.0,2003830.0,139906.0,373481.0,,,,572652.0,233565.0,647.0,0.002605,1.4759206798866855,572652.0,233565.0,647.0,0.4078655099432116,0.0011298310317609996,0.9504234391140965,0.3746000465887154,s16_pt8_sth2,0.00191,1.3638743455497382,1.0821529745042493,8.21529745042493
simple_triad_imp3_s32_sth2_pt8_l2_ddr4_2x,simple_triad,imp,stage3,s32_sth2_pt8,l2,ddr4_2x,0.001765,1764783783.0,3510115.0,5299651.0,0.662333,1904487.0,2003830.0,139906.0,373481.0,,,,572652.0,233565.0,647.0,0.002605,1.4759206798866855,572652.0,233565.0,647.0,0.4078655099432116,0.0011298310317609996,0.9504234391140965,0.3746000465887154,s16_pt8_sth2,0.00191,1.3638743455497382,1.0821529745042493,8.21529745042493
simple_triad_imp3_s32_sth8_ipd8_pt8_l1d_ddr4_1x,simple_triad,imp,stage3,s32_sth8_ipd8_pt8,l1d,ddr4_1x,0.002919,2918625786.0,3509939.0,8764643.0,0.400468,1506870.0,2003756.0,375414.0,375424.0,521554.0,118169.0,5.0,,,,0.002897,0.9924631723192873,521554.0,118169.0,5.0,0.22657097826878905,9.586735026478562e-06,0.7520227013668331,0.9999733634503921,cons_s8_sth8_pt8_ipd8,0.002772,1.045093795093795,0.9496402877697842,-5.035971223021585
simple_triad_imp3_s32_sth8_l1d_ddr4_1x,simple_triad,imp,stage3,s32_sth8,l1d,ddr4_1x,0.002919,2918625786.0,3509939.0,8764643.0,0.400468,1506870.0,2003756.0,375414.0,375424.0,521554.0,118169.0,5.0,,,,0.002897,0.9924631723192873,521554.0,118169.0,5.0,0.22657097826878905,9.586735026478562e-06,0.7520227013668331,0.9999733634503921,cons_s8_sth8_pt8_ipd8,0.002772,1.045093795093795,0.9496402877697842,-5.035971223021585
simple_triad_imp3_s32_sth8_l1d_ddr4_2x,simple_triad,imp,stage3,s32_sth8,l1d,ddr4_2x,0.002059,2059492113.0,3510138.0,6184661.0,0.567558,1423829.0,2003822.0,375413.0,375423.0,570418.0,138120.0,3.0,,,,0.002605,1.2651772705196698,570418.0,138120.0,3.0,0.24213822144462482,5.259301073949279e-06,0.7105566262871652,0.9999733633794413,s16_sth8,0.0021,1.2404761904761905,1.0199125789218066,1.9912578921806645
simple_triad_imp3_s32_sth8_l2_ddr4_1x,simple_triad,imp,stage3,s32_sth8,l2,ddr4_1x,0.002902,2901627135.0,3509943.0,8713596.0,0.402814,1855078.0,2003752.0,178142.0,372078.0,,,,546937.0,193926.0,369.0,0.002897,0.9982770503101309,546937.0,193926.0,369.0,0.3545673450507097,0.0006746663692527658,0.9258021950820261,0.4787759555792065,s2_sth2,0.002614,1.1082631981637336,0.9007580978635423,-9.924190213645767
simple_triad_imp3_s32_sth8_pt8_l1d_ddr4_1x,simple_triad,imp,stage3,s32_sth8_pt8,l1d,ddr4_1x,0.002919,2918625786.0,3509939.0,8764643.0,0.400468,1506870.0,2003756.0,375414.0,375424.0,521554.0,118169.0,5.0,,,,0.002897,0.9924631723192873,521554.0,118169.0,5.0,0.22657097826878905,9.586735026478562e-06,0.7520227013668331,0.9999733634503921,cons_s8_sth8_pt8_ipd8,0.002772,1.045093795093795,0.9496402877697842,-5.035971223021585
simple_triad_imp3_s32_sth8_pt8_l1d_ddr4_2x,simple_triad,imp,stage3,s32_sth8_pt8,l1d,ddr4_2x,0.002059,2059492113.0,3510138.0,6184661.0,0.567558,1423829.0,2003822.0,375413.0,375423.0,570418.0,138120.0,3.0,,,,0.002605,1.2651772705196698,570418.0,138120.0,3.0,0.24213822144462482,5.259301073949279e-06,0.7105566262871652,0.9999733633794413,s16_sth8,0.0021,1.2404761904761905,1.0199125789218066,1.9912578921806645
simple_triad_imp3_s32_sth8_pt8_l2_ddr4_1x,simple_triad,imp,stage3,s32_sth8_pt8,l2,ddr4_1x,0.002902,2901627135.0,3509943.0,8713596.0,0.402814,1855078.0,2003752.0,178142.0,372078.0,,,,546937.0,193926.0,369.0,0.002897,0.9982770503101309,546937.0,193926.0,369.0,0.3545673450507097,0.0006746663692527658,0.9258021950820261,0.4787759555792065,s2_sth2,0.002614,1.1082631981637336,0.9007580978635423,-9.924190213645767
simple_triad_imp3_s64_ipd8_addr8_l2_ddr4_2x,simple_triad,imp,stage3,s64_ipd8_addr8,l2,ddr4_2x,0.002119,2119175037.0,3510140.0,6363889.0,0.551574,1946425.0,2003839.0,171420.0,367780.0,,,,1577201.0,196349.0,1427.0,0.002605,1.2293534686172725,1577201.0,196349.0,1427.0,0.12449205903369323,0.0009047673695362861,0.9713479975187628,0.46609386046005763,s16_pt8_sth2,0.00191,1.3638743455497382,0.9013685700802266,-9.863142991977336
simple_triad_imp3_s64_l1d_ddr4_1x,simple_triad,imp,stage3,s64,l1d,ddr4_1x,0.002878,2878299819.0,3509962.0,8643544.0,0.406081,1463924.0,2003756.0,375411.0,375421.0,429489.0,125668.0,2.0,,,,0.002897,1.0066018068102849,429489.0,125668.0,2.0,0.29259887913310934,4.656696679076763e-06,0.7305899520700125,0.9999733632375386,cons_s8_sth8_pt8_ipd8,0.002772,1.045093795093795,0.9631688672689368,-3.68311327310632
simple_triad_imp3_s64_l2_ddr4_1x,simple_triad,imp,stage3,s64,l2,ddr4_1x,0.002969,2969391636.0,3509888.0,8917093.0,0.393615,1953002.0,2003740.0,189922.0,370420.0,,,,1754349.0,180488.0,481.0,0.002897,0.9757494105759515,1754349.0,180488.0,481.0,0.1028803276885044,0.00027417577688361894,0.9746783514827273,0.5127206954268128,s2_sth2,0.002614,1.1082631981637336,0.8804311215897609,-11.95688784102391
simple_triad_imp3_s64_sth2_dist32_ipd16_addr16_l1d_ddr4_2x,simple_triad,imp,stage3,s64_sth2_dist32_ipd16_addr16,l1d,ddr4_2x,0.001997,1996618383.0,3510105.0,5995851.0,0.585425,1368084.0,2003827.0,375410.0,375420.0,546229.0,150715.0,1.0,,,,0.002605,1.3044566850275414,546229.0,150715.0,1.0,0.2759190742344328,1.8307339961810888e-06,0.6827355854572276,0.9999733631665868,s16_sth8,0.0021,1.2404761904761905,1.0515773660490735,5.157736604907348
simple_triad_imp3_s64_sth2_dist32_ipd16_addr16_l2_ddr4_2x,simple_triad,imp,stage3,s64_sth2_dist32_ipd16_addr16,l2,ddr4_2x,0.002099,2099066832.0,3510080.0,6303504.0,0.556849,1946602.0,2003831.0,172699.0,368074.0,,,,1626872.0,195365.0,1331.0,0.002605,1.2410671748451643,1626872.0,195365.0,1331.0,0.12008627599466952,0.000818134432211016,0.9714402062848614,0.46919641159114744,s16_pt8_sth2,0.00191,1.3638743455497382,0.9099571224392567,-9.004287756074325
simple_triad_imp3_s64_sth2_dist32_ipd16_l1d_ddr4_2x,simple_triad,imp,stage3,s64_sth2_dist32_ipd16,l1d,ddr4_2x,0.001997,1996618383.0,3510105.0,5995851.0,0.585425,1368084.0,2003827.0,375410.0,375420.0,546229.0,150715.0,1.0,,,,0.002605,1.3044566850275414,546229.0,150715.0,1.0,0.2759190742344328,1.8307339961810888e-06,0.6827355854572276,0.9999733631665868,s16_sth8,0.0021,1.2404761904761905,1.0515773660490735,5.157736604907348
simple_triad_imp3_s64_sth2_dist32_ipd16_l2_ddr4_2x,simple_triad,imp,stage3,s64_sth2_dist32_ipd16,l2,ddr4_2x,0.002099,2099066832.0,3510080.0,6303504.0,0.556849,1946602.0,2003831.0,172699.0,368074.0,,,,1626872.0,195365.0,1331.0,0.002605,1.2410671748451643,1626872.0,195365.0,1331.0,0.12008627599466952,0.000818134432211016,0.9714402062848614,0.46919641159114744,s16_pt8_sth2,0.00191,1.3638743455497382,0.9099571224392567,-9.004287756074325
simple_triad_imp3_s64_sth2_l1d_ddr4_2x,simple_triad,imp,stage3,s64_sth2,l1d,ddr4_2x,0.001997,1996618383.0,3510105.0,5995851.0,0.585425,1368084.0,2003827.0,375410.0,375420.0,546229.0,150715.0,1.0,,,,0.002605,1.3044566850275414,546229.0,150715.0,1.0,0.2759190742344328,1.8307339961810888e-06,0.6827355854572276,0.9999733631665868,s16_sth8,0.0021,1.2404761904761905,1.0515773660490735,5.157736604907348
simple_triad_imp3_s64_sth2_l2_ddr4_1x,simple_triad,imp,stage3,s64_sth2,l2,ddr4_1x,0.002961,2961207828.0,3509889.0,8892517.0,0.394703,1953673.0,2003744.0,189609.0,370381.0,,,,1751709.0,180762.0,466.0,0.002897,0.97838568051334,1751709.0,180762.0,466.0,0.10319179726769687,0.0002660259209720336,0.9750112788859255,0.5119296076202613,s2_sth2,0.002614,1.1082631981637336,0.8828098615332658,-11.71901384667342
simple_triad_imp3_s64_sth2_l2_ddr4_2x,simple_triad,imp,stage3,s64_sth2,l2,ddr4_2x,0.002099,2099066832.0,3510080.0,6303504.0,0.556849,1946602.0,2003831.0,172699.0,368074.0,,,,1626872.0,195365.0,1331.0,0.002605,1.2410671748451643,1626872.0,195365.0,1331.0,0.12008627599466952,0.000818134432211016,0.9714402062848614,0.46919641159114744,s16_pt8_sth2,0.00191,1.3638743455497382,0.9099571224392567,-9.004287756074325
simple_triad_imp3_s64_sth2_pt8_l2_ddr4_2x,simple_triad,imp,stage3,s64_sth2_pt8,l2,ddr4_2x,0.002099,2099066832.0,3510080.0,6303504.0,0.556849,1946602.0,2003831.0,172699.0,368074.0,,,,1626872.0,195365.0,1331.0,0.002605,1.2410671748451643,1626872.0,195365.0,1331.0,0.12008627599466952,0.000818134432211016,0.9714402062848614,0.46919641159114744,s16_pt8_sth2,0.00191,1.3638743455497382,0.9099571224392567,-9.004287756074325
simple_triad_imp3_s64_sth8_ipd8_pt8_l1d_ddr4_1x,simple_triad,imp,stage3,s64_sth8_ipd8_pt8,l1d,ddr4_1x,0.002875,2875243545.0,3509934.0,8634366.0,0.40651,1455529.0,2003763.0,375409.0,375419.0,430205.0,127937.0,2.0,,,,0.002897,1.0076521739130435,430205.0,127937.0,2.0,0.2973861298683186,4.648946432514731e-06,0.7263977825720906,0.9999733630956344,cons_s8_sth8_pt8_ipd8,0.002772,1.045093795093795,0.9641739130434783,-3.5826086956521674
simple_triad_imp3_s64_sth8_l1d_ddr4_1x,simple_triad,imp,stage3,s64_sth8,l1d,ddr4_1x,0.002875,2875243545.0,3509934.0,8634366.0,0.40651,1455529.0,2003762.0,375409.0,375419.0,430205.0,127937.0,2.0,,,,0.002897,1.0076521739130435,430205.0,127937.0,2.0,0.2973861298683186,4.648946432514731e-06,0.7263981450890874,0.9999733630956344,cons_s8_sth8_pt8_ipd8,0.002772,1.045093795093795,0.9641739130434783,-3.5826086956521674
simple_triad_imp3_s64_sth8_l1d_ddr4_2x,simple_triad,imp,stage3,s64_sth8,l1d,ddr4_2x,0.001992,1991676996.0,3510081.0,5981012.0,0.586874,1368674.0,2003842.0,375407.0,375417.0,545558.0,150579.0,1.0,,,,0.002605,1.3077309236947792,545558.0,150579.0,1.0,0.27600915026449985,1.8329856770499196e-06,0.6830249091495237,0.9999733629537287,s16_sth8,0.0021,1.2404761904761905,1.0542168674698795,5.421686746987953
simple_triad_imp3_s64_sth8_l2_ddr4_1x,simple_triad,imp,stage3,s64_sth8,l2,ddr4_1x,0.002974,2973831525.0,3509865.0,8930426.0,0.393025,1953723.0,2003729.0,189817.0,370351.0,,,,1755313.0,180524.0,491.0,0.002897,0.9741089441829186,1755313.0,180524.0,491.0,0.10284433602440135,0.0002797221919965271,0.9750435313358243,0.5125327054604956,s2_sth2,0.002614,1.1082631981637336,0.878950907868191,-12.104909213180903
simple_triad_imp3_s64_sth8_pt8_l1d_ddr4_1x,simple_triad,imp,stage3,s64_sth8_pt8,l1d,ddr4_1x,0.002875,2875243545.0,3509934.0,8634366.0,0.40651,1455529.0,2003763.0,375409.0,375419.0,430205.0,127937.0,2.0,,,,0.002897,1.0076521739130435,430205.0,127937.0,2.0,0.2973861298683186,4.648946432514731e-06,0.7263977825720906,0.9999733630956344,cons_s8_sth8_pt8_ipd8,0.002772,1.045093795093795,0.9641739130434783,-3.5826086956521674
simple_triad_imp3_s64_sth8_pt8_l1d_ddr4_2x,simple_triad,imp,stage3,s64_sth8_pt8,l1d,ddr4_2x,0.001992,1991676996.0,3510081.0,5981012.0,0.586874,1368674.0,2003842.0,375407.0,375417.0,545558.0,150579.0,1.0,,,,0.002605,1.3077309236947792,545558.0,150579.0,1.0,0.27600915026449985,1.8329856770499196e-06,0.6830249091495237,0.9999733629537287,s16_sth8,0.0021,1.2404761904761905,1.0542168674698795,5.421686746987953
simple_triad_imp3_s64_sth8_pt8_l2_ddr4_1x,simple_triad,imp,stage3,s64_sth8_pt8,l2,ddr4_1x,0.002974,2973831525.0,3509865.0,8930426.0,0.393025,1953723.0,2003728.0,189817.0,370351.0,,,,1755313.0,180524.0,491.0,0.002897,0.9741089441829186,1755313.0,180524.0,491.0,0.10284433602440135,0.0002797221919965271,0.9750440179505402,0.5125327054604956,s2_sth2,0.002614,1.1082631981637336,0.878950907868191,-12.104909213180903
spmv_imp3_s32_dist32_addr16_l1d_ddr4_1x,spmv,imp,stage3,s32_dist32_addr16,l1d,ddr4_1x,0.005947,5947402311.0,11279576.0,17860067.0,0.632896,1965987.0,4825810.0,670330.0,3758296.0,2681006.0,154397.0,2017355.0,,,,0.010599,1.7822431478056164,2681006.0,154397.0,2017355.0,0.05758920345571774,0.7524619489848213,0.40739005472656403,0.17836008659243444,s16_dist8_addr16,0.00594,1.7843434343434346,0.9988229359340844,-0.11770640659155562
spmv_imp3_s32_dist32_addr16_l1d_ddr4_2x,spmv,imp,stage3,s32_dist32_addr16,l1d,ddr4_2x,0.005347,5346691956.0,11279576.0,16056132.0,0.704003,1966423.0,4825954.0,671176.0,3755065.0,2672913.0,154709.0,2014339.0,,,,0.009047,1.691976809425846,2672913.0,154709.0,2014339.0,0.05788029763782061,0.7536118833647036,0.4074682435845845,0.1787388500598525,s16_dist32_addr16,0.0054,1.6753703703703702,1.009912100243127,0.9912100243127053
spmv_imp3_s32_dist32_addr16_l2_ddr4_2x,spmv,imp,stage3,s32_dist32_addr16,l2,ddr4_2x,0.005306,5305850838.0,11279581.0,15933486.0,0.709423,2257792.0,4827545.0,344719.0,1687035.0,,,,378862.0,207267.0,16939.0,0.009047,1.705050885789672,378862.0,207267.0,16939.0,0.5470778278106541,0.044710211105890796,0.4676894777780425,0.20433423135856696,aggr_s16_sth2_d32_ipd16_addr16,0.00558,1.6213261648745518,1.0516396532227668,5.163965322276676
spmv_imp3_s32_dist8_addr16_l1d_ddr4_1x,spmv,imp,stage3,s32_dist8_addr16,l1d,ddr4_1x,0.005947,5947402311.0,11279576.0,17860067.0,0.632896,1965987.0,4825810.0,670330.0,3758296.0,2681006.0,154397.0,2017355.0,,,,0.010599,1.7822431478056164,2681006.0,154397.0,2017355.0,0.05758920345571774,0.7524619489848213,0.40739005472656403,0.17836008659243444,s16_dist8_addr16,0.00594,1.7843434343434346,0.9988229359340844,-0.11770640659155562
spmv_imp3_s32_dist8_addr16_l1d_ddr4_2x,spmv,imp,stage3,s32_dist8_addr16,l1d,ddr4_2x,0.005347,5346691956.0,11279576.0,16056132.0,0.704003,1966423.0,4825954.0,671176.0,3755065.0,2672913.0,154709.0,2014339.0,,,,0.009047,1.691976809425846,2672913.0,154709.0,2014339.0,0.05788029763782061,0.7536118833647036,0.4074682435845845,0.1787388500598525,s16_dist32_addr16,0.0054,1.6753703703703702,1.009912100243127,0.9912100243127053
spmv_imp3_s32_dist8_addr16_l2_ddr4_2x,spmv,imp,stage3,s32_dist8_addr16,l2,ddr4_2x,0.005306,5305850838.0,11279581.0,15933486.0,0.709423,2257792.0,4827545.0,344719.0,1687035.0,,,,378862.0,207267.0,16939.0,0.009047,1.705050885789672,378862.0,207267.0,16939.0,0.5470778278106541,0.044710211105890796,0.4676894777780425,0.20433423135856696,aggr_s16_sth2_d32_ipd16_addr16,0.00558,1.6213261648745518,1.0516396532227668,5.163965322276676
spmv_imp3_s32_ipd16_addr16_l1d_ddr4_1x,spmv,imp,stage3,s32_ipd16_addr16,l1d,ddr4_1x,0.005947,5947402311.0,11279576.0,17860067.0,0.632896,1965987.0,4825810.0,670330.0,3758296.0,2681006.0,154397.0,2017355.0,,,,0.010599,1.7822431478056164,2681006.0,154397.0,2017355.0,0.05758920345571774,0.7524619489848213,0.40739005472656403,0.17836008659243444,s16_dist8_addr16,0.00594,1.7843434343434346,0.9988229359340844,-0.11770640659155562
spmv_imp3_s32_ipd16_addr16_l1d_ddr4_2x,spmv,imp,stage3,s32_ipd16_addr16,l1d,ddr4_2x,0.005347,5346691956.0,11279576.0,16056132.0,0.704003,1966423.0,4825954.0,671176.0,3755065.0,2672913.0,154709.0,2014339.0,,,,0.009047,1.691976809425846,2672913.0,154709.0,2014339.0,0.05788029763782061,0.7536118833647036,0.4074682435845845,0.1787388500598525,s16_dist32_addr16,0.0054,1.6753703703703702,1.009912100243127,0.9912100243127053
spmv_imp3_s32_ipd8_addr8_l1d_ddr4_1x,spmv,imp,stage3,s32_ipd8_addr8,l1d,ddr4_1x,0.005947,5947402311.0,11279576.0,17860067.0,0.632896,1965987.0,4825810.0,670330.0,3758296.0,2681006.0,154397.0,2017355.0,,,,0.010599,1.7822431478056164,2681006.0,154397.0,2017355.0,0.05758920345571774,0.7524619489848213,0.40739005472656403,0.17836008659243444,s16_dist8_addr16,0.00594,1.7843434343434346,0.9988229359340844,-0.11770640659155562
spmv_imp3_s32_ipd8_addr8_l1d_ddr4_2x,spmv,imp,stage3,s32_ipd8_addr8,l1d,ddr4_2x,0.005347,5346691956.0,11279576.0,16056132.0,0.704003,1966423.0,4825954.0,671176.0,3755065.0,2672913.0,154709.0,2014339.0,,,,0.009047,1.691976809425846,2672913.0,154709.0,2014339.0,0.05788029763782061,0.7536118833647036,0.4074682435845845,0.1787388500598525,s16_dist32_addr16,0.0054,1.6753703703703702,1.009912100243127,0.9912100243127053
spmv_imp3_s32_l1d_ddr4_1x,spmv,imp,stage3,s32,l1d,ddr4_1x,0.005947,5947402311.0,11279576.0,17860067.0,0.632896,1965987.0,4825810.0,670330.0,3758296.0,2681006.0,154397.0,2017355.0,,,,0.010599,1.7822431478056164,2681006.0,154397.0,2017355.0,0.05758920345571774,0.7524619489848213,0.40739005472656403,0.17836008659243444,s16_dist8_addr16,0.00594,1.7843434343434346,0.9988229359340844,-0.11770640659155562
spmv_imp3_s32_l1d_ddr4_2x,spmv,imp,stage3,s32,l1d,ddr4_2x,0.005347,5346691956.0,11279576.0,16056132.0,0.704003,1966423.0,4825954.0,671176.0,3755065.0,2672913.0,154709.0,2014339.0,,,,0.009047,1.691976809425846,2672913.0,154709.0,2014339.0,0.05788029763782061,0.7536118833647036,0.4074682435845845,0.1787388500598525,s16_dist32_addr16,0.0054,1.6753703703703702,1.009912100243127,0.9912100243127053
spmv_imp3_s32_l2_ddr4_2x,spmv,imp,stage3,s32,l2,ddr4_2x,0.005306,5305850838.0,11279581.0,15933486.0,0.709423,2257792.0,4827545.0,344719.0,1687035.0,,,,378862.0,207267.0,16939.0,0.009047,1.705050885789672,378862.0,207267.0,16939.0,0.5470778278106541,0.044710211105890796,0.4676894777780425,0.20433423135856696,aggr_s16_sth2_d32_ipd16_addr16,0.00558,1.6213261648745518,1.0516396532227668,5.163965322276676
spmv_imp3_s32_sth2_dist32_ipd16_addr16_l2_ddr4_2x,spmv,imp,stage3,s32_sth2_dist32_ipd16_addr16,l2,ddr4_2x,0.005304,5304447909.0,11279581.0,15929273.0,0.70961,2258183.0,4827520.0,344646.0,1687026.0,,,,378169.0,207279.0,16856.0,0.009047,1.7056938159879336,378169.0,207279.0,16856.0,0.5481120874529641,0.044572664602333875,0.4677728937425428,0.20429205003360945,aggr_s16_sth2_d32_ipd16_addr16,0.00558,1.6213261648745518,1.0520361990950227,5.203619909502266
spmv_imp3_s32_sth2_dist32_ipd16_l2_ddr4_1x,spmv,imp,stage3,s32_sth2_dist32_ipd16,l2,ddr4_1x,0.005975,5975283402.0,11279576.0,17943794.0,0.629943,2258306.0,4827528.0,343448.0,1687033.0,,,,362291.0,208368.0,16873.0,0.010599,1.7738912133891214,362291.0,208368.0,16873.0,0.5751398737478988,0.046573058673828494,0.4677975974453178,0.20358107991959848,s16_pt8_sth8,0.006186,1.7133850630455871,1.0353138075313806,3.531380753138058
spmv_imp3_s32_sth2_dist32_ipd16_l2_ddr4_2x,spmv,imp,stage3,s32_sth2_dist32_ipd16,l2,ddr4_2x,0.005304,5304447909.0,11279581.0,15929273.0,0.70961,2258183.0,4827520.0,344646.0,1687026.0,,,,378169.0,207279.0,16856.0,0.009047,1.7056938159879336,378169.0,207279.0,16856.0,0.5481120874529641,0.044572664602333875,0.4677728937425428,0.20429205003360945,aggr_s16_sth2_d32_ipd16_addr16,0.00558,1.6213261648745518,1.0520361990950227,5.203619909502266
spmv_imp3_s32_sth2_l2_ddr4_1x,spmv,imp,stage3,s32_sth2,l2,ddr4_1x,0.005975,5975283402.0,11279576.0,17943794.0,0.629943,2258306.0,4827528.0,343448.0,1687033.0,,,,362291.0,208368.0,16873.0,0.010599,1.7738912133891214,362291.0,208368.0,16873.0,0.5751398737478988,0.046573058673828494,0.4677975974453178,0.20358107991959848,s16_pt8_sth8,0.006186,1.7133850630455871,1.0353138075313806,3.531380753138058
spmv_imp3_s32_sth2_pt8_l2_ddr4_1x,spmv,imp,stage3,s32_sth2_pt8,l2,ddr4_1x,0.005975,5975283402.0,11279576.0,17943794.0,0.629943,2258306.0,4827528.0,343448.0,1687033.0,,,,362291.0,208368.0,16873.0,0.010599,1.7738912133891214,362291.0,208368.0,16873.0,0.5751398737478988,0.046573058673828494,0.4677975974453178,0.20358107991959848,s16_pt8_sth8,0.006186,1.7133850630455871,1.0353138075313806,3.531380753138058
spmv_imp3_s32_sth8_l2_ddr4_1x,spmv,imp,stage3,s32_sth8,l2,ddr4_1x,0.005975,5975163855.0,11279576.0,17943435.0,0.629956,2258345.0,4827549.0,343390.0,1687040.0,,,,362184.0,208415.0,16822.0,0.010599,1.7738912133891214,362184.0,208415.0,16822.0,0.5754395555850065,0.046446005345349324,0.4678036411437771,0.20354585546282244,s16_pt8_sth8,0.006186,1.7133850630455871,1.0353138075313806,3.531380753138058
spmv_imp3_s32_sth8_pt8_l2_ddr4_1x,spmv,imp,stage3,s32_sth8_pt8,l2,ddr4_1x,0.005975,5975163855.0,11279576.0,17943435.0,0.629956,2258345.0,4827549.0,343390.0,1687040.0,,,,362184.0,208415.0,16822.0,0.010599,1.7738912133891214,362184.0,208415.0,16822.0,0.5754395555850065,0.046446005345349324,0.4678036411437771,0.20354585546282244,s16_pt8_sth8,0.006186,1.7133850630455871,1.0353138075313806,3.531380753138058
spmv_imp3_s64_dist32_addr16_l1d_ddr4_1x,spmv,imp,stage3,s64_dist32_addr16,l1d,ddr4_1x,0.006022,6021581391.0,11279581.0,18082827.0,0.6251,1963440.0,4825858.0,689851.0,3795924.0,2763913.0,161436.0,2054671.0,,,,0.010599,1.7600464961806712,2763913.0,161436.0,2054671.0,0.05840849549171772,0.7433920676953291,0.4068582208593788,0.18173467118941264,s16_dist8_addr16,0.00594,1.7843434343434346,0.9863832613749586,-1.3616738625041425
spmv_imp3_s64_dist32_addr16_l1d_ddr4_2x,spmv,imp,stage3,s64_dist32_addr16,l1d,ddr4_2x,0.005405,5405276313.0,11279581.0,16232061.0,0.696373,1964970.0,4826064.0,689032.0,3793542.0,2751404.0,161294.0,2052213.0,,,,0.009047,1.6738205365402403,2751404.0,161294.0,2052213.0,0.05862243421903872,0.7458784678658605,0.4071578826969555,0.18163289084449308,s16_dist32_addr16,0.0054,1.6753703703703702,0.9990749306197966,-0.09250693802034249
spmv_imp3_s64_dist32_addr16_l2_ddr4_2x,spmv,imp,stage3,s64_dist32_addr16,l2,ddr4_2x,0.006896,6896186577.0,11279576.0,20709269.0,0.545822,3120225.0,4826316.0,434773.0,1686692.0,,,,3172149.0,123248.0,19519.0,0.009047,1.3119199535962875,3172149.0,123248.0,19519.0,0.03885315601505478,0.006153241855915343,0.646502425452457,0.25776668176525414,aggr_s16_sth2_d32_ipd16_addr16,0.00558,1.6213261648745518,0.8091647331786542,-19.083526682134575
spmv_imp3_s64_dist8_addr16_l1d_ddr4_1x,spmv,imp,stage3,s64_dist8_addr16,l1d,ddr4_1x,0.006022,6021581391.0,11279581.0,18082827.0,0.6251,1963440.0,4825858.0,689851.0,3795924.0,2763913.0,161436.0,2054671.0,,,,0.010599,1.7600464961806712,2763913.0,161436.0,2054671.0,0.05840849549171772,0.7433920676953291,0.4068582208593788,0.18173467118941264,s16_dist8_addr16,0.00594,1.7843434343434346,0.9863832613749586,-1.3616738625041425
spmv_imp3_s64_dist8_addr16_l1d_ddr4_2x,spmv,imp,stage3,s64_dist8_addr16,l1d,ddr4_2x,0.005405,5405276313.0,11279581.0,16232061.0,0.696373,1964970.0,4826064.0,689032.0,3793542.0,2751404.0,161294.0,2052213.0,,,,0.009047,1.6738205365402403,2751404.0,161294.0,2052213.0,0.05862243421903872,0.7458784678658605,0.4071578826969555,0.18163289084449308,s16_dist32_addr16,0.0054,1.6753703703703702,0.9990749306197966,-0.09250693802034249
spmv_imp3_s64_dist8_addr16_l2_ddr4_2x,spmv,imp,stage3,s64_dist8_addr16,l2,ddr4_2x,0.006896,6896186577.0,11279576.0,20709269.0,0.545822,3120225.0,4826316.0,434773.0,1686692.0,,,,3172149.0,123248.0,19519.0,0.009047,1.3119199535962875,3172149.0,123248.0,19519.0,0.03885315601505478,0.006153241855915343,0.646502425452457,0.25776668176525414,aggr_s16_sth2_d32_ipd16_addr16,0.00558,1.6213261648745518,0.8091647331786542,-19.083526682134575
spmv_imp3_s64_ipd16_addr16_l1d_ddr4_1x,spmv,imp,stage3,s64_ipd16_addr16,l1d,ddr4_1x,0.006022,6021581391.0,11279581.0,18082827.0,0.6251,1963440.0,4825858.0,689851.0,3795924.0,2763913.0,161436.0,2054671.0,,,,0.010599,1.7600464961806712,2763913.0,161436.0,2054671.0,0.05840849549171772,0.7433920676953291,0.4068582208593788,0.18173467118941264,s16_dist8_addr16,0.00594,1.7843434343434346,0.9863832613749586,-1.3616738625041425
spmv_imp3_s64_ipd16_addr16_l1d_ddr4_2x,spmv,imp,stage3,s64_ipd16_addr16,l1d,ddr4_2x,0.005405,5405276313.0,11279581.0,16232061.0,0.696373,1964970.0,4826064.0,689032.0,3793542.0,2751404.0,161294.0,2052213.0,,,,0.009047,1.6738205365402403,2751404.0,161294.0,2052213.0,0.05862243421903872,0.7458784678658605,0.4071578826969555,0.18163289084449308,s16_dist32_addr16,0.0054,1.6753703703703702,0.9990749306197966,-0.09250693802034249
spmv_imp3_s64_ipd8_addr8_l1d_ddr4_1x,spmv,imp,stage3,s64_ipd8_addr8,l1d,ddr4_1x,0.006022,6021581391.0,11279581.0,18082827.0,0.6251,1963440.0,4825858.0,689851.0,3795924.0,2763913.0,161436.0,2054671.0,,,,0.010599,1.7600464961806712,2763913.0,161436.0,2054671.0,0.05840849549171772,0.7433920676953291,0.4068582208593788,0.18173467118941264,s16_dist8_addr16,0.00594,1.7843434343434346,0.9863832613749586,-1.3616738625041425
spmv_imp3_s64_ipd8_addr8_l1d_ddr4_2x,spmv,imp,stage3,s64_ipd8_addr8,l1d,ddr4_2x,0.005405,5405276313.0,11279581.0,16232061.0,0.696373,1964970.0,4826064.0,689032.0,3793542.0,2751404.0,161294.0,2052213.0,,,,0.009047,1.6738205365402403,2751404.0,161294.0,2052213.0,0.05862243421903872,0.7458784678658605,0.4071578826969555,0.18163289084449308,s16_dist32_addr16,0.0054,1.6753703703703702,0.9990749306197966,-0.09250693802034249
spmv_imp3_s64_l1d_ddr4_1x,spmv,imp,stage3,s64,l1d,ddr4_1x,0.006022,6021581391.0,11279581.0,18082827.0,0.6251,1963440.0,4825858.0,689851.0,3795924.0,2763913.0,161436.0,2054671.0,,,,0.010599,1.7600464961806712,2763913.0,161436.0,2054671.0,0.05840849549171772,0.7433920676953291,0.4068582208593788,0.18173467118941264,s16_dist8_addr16,0.00594,1.7843434343434346,0.9863832613749586,-1.3616738625041425
spmv_imp3_s64_l1d_ddr4_2x,spmv,imp,stage3,s64,l1d,ddr4_2x,0.005405,5405276313.0,11279581.0,16232061.0,0.696373,1964970.0,4826064.0,689032.0,3793542.0,2751404.0,161294.0,2052213.0,,,,0.009047,1.6738205365402403,2751404.0,161294.0,2052213.0,0.05862243421903872,0.7458784678658605,0.4071578826969555,0.18163289084449308,s16_dist32_addr16,0.0054,1.6753703703703702,0.9990749306197966,-0.09250693802034249
spmv_imp3_s64_l2_ddr4_2x,spmv,imp,stage3,s64,l2,ddr4_2x,0.006896,6896186577.0,11279576.0,20709269.0,0.545822,3120225.0,4826316.0,434773.0,1686692.0,,,,3172149.0,123248.0,19519.0,0.009047,1.3119199535962875,3172149.0,123248.0,19519.0,0.03885315601505478,0.006153241855915343,0.646502425452457,0.25776668176525414,aggr_s16_sth2_d32_ipd16_addr16,0.00558,1.6213261648745518,0.8091647331786542,-19.083526682134575
spmv_imp3_s64_sth2_dist32_ipd16_addr16_l2_ddr4_2x,spmv,imp,stage3,s64_sth2_dist32_ipd16_addr16,l2,ddr4_2x,0.006894,6893888877.0,11279581.0,20702369.0,0.546004,3119918.0,4826199.0,434805.0,1686688.0,,,,3171444.0,123269.0,19621.0,0.009047,1.3123005512039454,3171444.0,123269.0,19621.0,0.038868414514019484,0.006186771703993512,0.6464544872683451,0.2577862651539585,aggr_s16_sth2_d32_ipd16_addr16,0.00558,1.6213261648745518,0.8093994778067884,-19.060052219321154
spmv_imp3_s64_sth2_dist32_ipd16_l2_ddr4_1x,spmv,imp,stage3,s64_sth2_dist32_ipd16,l2,ddr4_1x,0.007965,7965388305.0,11279581.0,23920085.0,0.472556,3126701.0,4826246.0,434989.0,1686666.0,,,,3163915.0,123012.0,19612.0,0.010599,1.3306967984934088,3163915.0,123012.0,19612.0,0.03887967913170866,0.006198649458029056,0.6478536319947222,0.2578987185370429,s16_pt8_sth8,0.006186,1.7133850630455871,0.7766478342749529,-22.335216572504713
spmv_imp3_s64_sth2_dist32_ipd16_l2_ddr4_2x,spmv,imp,stage3,s64_sth2_dist32_ipd16,l2,ddr4_2x,0.006894,6893888877.0,11279581.0,20702369.0,0.546004,3119918.0,4826199.0,434805.0,1686688.0,,,,3171444.0,123269.0,19621.0,0.009047,1.3123005512039454,3171444.0,123269.0,19621.0,0.038868414514019484,0.006186771703993512,0.6464544872683451,0.2577862651539585,aggr_s16_sth2_d32_ipd16_addr16,0.00558,1.6213261648745518,0.8093994778067884,-19.060052219321154
spmv_imp3_s64_sth2_l2_ddr4_1x,spmv,imp,stage3,s64_sth2,l2,ddr4_1x,0.007965,7965388305.0,11279581.0,23920085.0,0.472556,3126701.0,4826246.0,434989.0,1686666.0,,,,3163915.0,123012.0,19612.0,0.010599,1.3306967984934088,3163915.0,123012.0,19612.0,0.03887967913170866,0.006198649458029056,0.6478536319947222,0.2578987185370429,s16_pt8_sth8,0.006186,1.7133850630455871,0.7766478342749529,-22.335216572504713
spmv_imp3_s64_sth2_pt8_l2_ddr4_1x,spmv,imp,stage3,s64_sth2_pt8,l2,ddr4_1x,0.007964,7963543152.0,11279576.0,23914544.0,0.472665,3126534.0,4826289.0,434996.0,1686666.0,,,,3163871.0,123023.0,19626.0,0.010599,1.3308638874937218,3163871.0,123023.0,19626.0,0.038883696585606684,0.006203160621909048,0.6478132577638844,0.25790286873631174,s16_pt8_sth8,0.006186,1.7133850630455871,0.7767453540934203,-22.325464590657973
spmv_imp3_s64_sth8_l2_ddr4_1x,spmv,imp,stage3,s64_sth8,l2,ddr4_1x,0.007968,7968287403.0,11279576.0,23928791.0,0.472384,3127097.0,4826252.0,434976.0,1686662.0,,,,3164915.0,122986.0,19564.0,0.010599,1.3301957831325304,3164915.0,122986.0,19564.0,0.03885917947243449,0.006181524622304232,0.6479348778306645,0.25789162262504284,s16_pt8_sth8,0.006186,1.7133850630455871,0.776355421686747,-22.364457831325304
spmv_imp3_s64_sth8_pt8_l2_ddr4_1x,spmv,imp,stage3,s64_sth8_pt8,l2,ddr4_1x,0.007968,7968287403.0,11279576.0,23928791.0,0.472384,3127097.0,4826252.0,434976.0,1686662.0,,,,3164915.0,122986.0,19564.0,0.010599,1.3301957831325304,3164915.0,122986.0,19564.0,0.03885917947243449,0.006181524622304232,0.6479348778306645,0.25789162262504284,s16_pt8_sth8,0.006186,1.7133850630455871,0.776355421686747,-22.364457831325304
