run,benchmark,prefetcher,config,pf_level,memory,simSeconds,simTicks,simInsts,numCycles,ipc,l1d_demand_misses,l1d_demand_accesses,l2_demand_misses,l2_demand_accesses,l1d_pf_issued,l1d_pf_useful,l1d_pf_unused,l2_pf_issued,l2_pf_useful,l2_pf_unused,imp_default_simSeconds,stage1_best_config,stage1_best_simSeconds,stage1_best_speedup,speedup_vs_imp_default,speedup_vs_stage1_best,l1d_miss_rate,l2_miss_rate,pf_issued,pf_useful,pf_unused,pf_accuracy,pf_unused_ratio,pf_coverage_l1d
simple_triad_imp_stage2_aggr_s16_sth2_d32_ipd16_addr16_l2_ddr4_2x,simple_triad,imp,aggr_s16_sth2_d32_ipd16_addr16,l2,ddr4_2x,0.00191,1910172915.0,3510120.0,5736255.0,0.611922,1882018.0,2003835.0,130707.0,373842.0,,,,595202.0,243125.0,811.0,0.002264,sdist16,0.001912,1.184100418410042,1.1853403141361256,1.0010471204188482,0.9392080685285964,0.3496316625740286,595202.0,243125.0,811.0,0.40847476991004733,0.0013625626257976284,0.1291831427754676
simple_triad_imp_stage2_s16_sth2_l2_ddr4_2x,simple_triad,imp,s16_sth2,l2,ddr4_2x,0.00191,1910172915.0,3510120.0,5736255.0,0.611922,1882018.0,2003835.0,130707.0,373842.0,,,,595202.0,243125.0,811.0,0.002264,sdist16,0.001912,1.184100418410042,1.1853403141361256,1.0010471204188482,0.9392080685285964,0.3496316625740286,595202.0,243125.0,811.0,0.40847476991004733,0.0013625626257976284,0.1291831427754676
simple_triad_imp_stage2_s16_pt8_sth2_l2_ddr4_2x,simple_triad,imp,s16_pt8_sth2,l2,ddr4_2x,0.00191,1910172915.0,3510120.0,5736255.0,0.611922,1882018.0,2003835.0,130707.0,373842.0,,,,595202.0,243125.0,811.0,0.002264,sdist16,0.001912,1.184100418410042,1.1853403141361256,1.0010471204188482,0.9392080685285964,0.3496316625740286,595202.0,243125.0,811.0,0.40847476991004733,0.0013625626257976284,0.1291831427754676
simple_triad_imp_stage2_aggr_s16_sth2_d32_ipd16_l2_ddr4_2x,simple_triad,imp,aggr_s16_sth2_d32_ipd16,l2,ddr4_2x,0.00191,1910172915.0,3510120.0,5736255.0,0.611922,1882018.0,2003835.0,130707.0,373842.0,,,,595202.0,243125.0,811.0,0.002264,sdist16,0.001912,1.184100418410042,1.1853403141361256,1.0010471204188482,0.9392080685285964,0.3496316625740286,595202.0,243125.0,811.0,0.40847476991004733,0.0013625626257976284,0.1291831427754676
simple_triad_imp_stage2_s16_pt8_sth8_l2_ddr4_2x,simple_triad,imp,s16_pt8_sth8,l2,ddr4_2x,0.001912,1912310442.0,3510138.0,5742674.0,0.611241,1882298.0,2003827.0,130933.0,373828.0,,,,595709.0,242885.0,787.0,0.002264,sdist16,0.001912,1.184100418410042,1.1841004184100419,1.0,0.9393515508075297,0.3502493125180564,595709.0,242885.0,787.0,0.4077242411983032,0.0013211148396280734,0.12903642250058173
spmv_imp_stage2_s16_ipd8_addr8_l1d_ddr4_2x,spmv,imp,s16_ipd8_addr8,l1d,ddr4_2x,0.0054,5399526735.0,11279581.0,16214795.0,0.697115,1981716.0,4826617.0,654649.0,3667613.0,2609723.0,150653.0,1927818.0,,,,0.006318,sdist16,0.0054,1.17,1.17,1.0,0.4105807442355588,0.17849456853817455,2609723.0,150653.0,1927818.0,0.057727582582519296,0.7387059852712338,0.076021488447386
spmv_imp_stage2_s16_dist8_addr16_l1d_ddr4_2x,spmv,imp,s16_dist8_addr16,l1d,ddr4_2x,0.0054,5399526735.0,11279581.0,16214795.0,0.697115,1981716.0,4826617.0,654649.0,3667613.0,2609723.0,150653.0,1927818.0,,,,0.006318,sdist16,0.0054,1.17,1.17,1.0,0.4105807442355588,0.17849456853817455,2609723.0,150653.0,1927818.0,0.057727582582519296,0.7387059852712338,0.076021488447386
spmv_imp_stage2_s16_dist32_addr16_l1d_ddr4_2x,spmv,imp,s16_dist32_addr16,l1d,ddr4_2x,0.0054,5399526735.0,11279581.0,16214795.0,0.697115,1981716.0,4826617.0,654649.0,3667613.0,2609723.0,150653.0,1927818.0,,,,0.006318,sdist16,0.0054,1.17,1.17,1.0,0.4105807442355588,0.17849456853817455,2609723.0,150653.0,1927818.0,0.057727582582519296,0.7387059852712338,0.076021488447386
spmv_imp_stage2_s16_ipd16_addr16_l1d_ddr4_2x,spmv,imp,s16_ipd16_addr16,l1d,ddr4_2x,0.0054,5399526735.0,11279581.0,16214795.0,0.697115,1981716.0,4826617.0,654649.0,3667613.0,2609723.0,150653.0,1927818.0,,,,0.006318,sdist16,0.0054,1.17,1.17,1.0,0.4105807442355588,0.17849456853817455,2609723.0,150653.0,1927818.0,0.057727582582519296,0.7387059852712338,0.076021488447386
spmv_imp_stage2_s16_ipd16_pt32_l1d_ddr4_2x,spmv,imp,s16_ipd16_pt32,l1d,ddr4_2x,0.0054,5399526735.0,11279581.0,16214795.0,0.697115,1981716.0,4826617.0,654649.0,3667613.0,2609723.0,150653.0,1927818.0,,,,0.006318,sdist16,0.0054,1.17,1.17,1.0,0.4105807442355588,0.17849456853817455,2609723.0,150653.0,1927818.0,0.057727582582519296,0.7387059852712338,0.076021488447386
spmv_imp_stage2_s16_l2_ddr4_2x,spmv,imp,s16,l2,ddr4_2x,0.00558,5579598150.0,11279576.0,16755550.0,0.674616,2389944.0,4827797.0,354649.0,1687010.0,,,,373170.0,191223.0,12627.0,0.006431,sdist16,0.00558,1.1525089605734768,1.1525089605734768,1.0,0.49503821308145307,0.2102234130206697,373170.0,191223.0,12627.0,0.5124286518208859,0.03383712517083367,0.08001149817736315
spmv_imp_stage2_aggr_s16_sth2_d32_ipd16_addr16_l2_ddr4_2x,spmv,imp,aggr_s16_sth2_d32_ipd16_addr16,l2,ddr4_2x,0.00558,5579716698.0,11279581.0,16755906.0,0.674602,2390875.0,4827880.0,354593.0,1687033.0,,,,373385.0,191195.0,12617.0,0.006431,sdist16,0.00558,1.1525089605734768,1.1525089605734768,1.0,0.49522254074252053,0.21018735258883495,373385.0,191195.0,12617.0,0.5120585990331695,0.03379085930072177,0.07996863073142678
spmv_imp_stage2_aggr_s16_sth2_d32_ipd16_l2_ddr4_2x,spmv,imp,aggr_s16_sth2_d32_ipd16,l2,ddr4_2x,0.00558,5579716698.0,11279581.0,16755906.0,0.674602,2390875.0,4827880.0,354593.0,1687033.0,,,,373385.0,191195.0,12617.0,0.006431,sdist16,0.00558,1.1525089605734768,1.1525089605734768,1.0,0.49522254074252053,0.21018735258883495,373385.0,191195.0,12617.0,0.5120585990331695,0.03379085930072177,0.07996863073142678
spmv_imp_stage2_s16_pt8_sth2_l2_ddr4_2x,spmv,imp,s16_pt8_sth2,l2,ddr4_2x,0.00558,5579716698.0,11279581.0,16755906.0,0.674602,2390875.0,4827880.0,354593.0,1687033.0,,,,373385.0,191195.0,12617.0,0.006431,sdist16,0.00558,1.1525089605734768,1.1525089605734768,1.0,0.49522254074252053,0.21018735258883495,373385.0,191195.0,12617.0,0.5120585990331695,0.03379085930072177,0.07996863073142678
spmv_imp_stage2_s16_sth2_l2_ddr4_2x,spmv,imp,s16_sth2,l2,ddr4_2x,0.00558,5579716698.0,11279581.0,16755906.0,0.674602,2390875.0,4827880.0,354593.0,1687033.0,,,,373385.0,191195.0,12617.0,0.006431,sdist16,0.00558,1.1525089605734768,1.1525089605734768,1.0,0.49522254074252053,0.21018735258883495,373385.0,191195.0,12617.0,0.5120585990331695,0.03379085930072177,0.07996863073142678
spmv_imp_stage2_s16_dist8_addr16_l1d_ddr4_1x,spmv,imp,s16_dist8_addr16,l1d,ddr4_1x,0.00594,5940466587.0,11279576.0,17839239.0,0.633635,1980905.0,4826356.0,654062.0,3666897.0,2610892.0,150638.0,1927141.0,,,,0.006737,sdist16,0.00594,1.1341750841750842,1.1341750841750842,1.0,0.41043491197085336,0.1783693406168758,2610892.0,150638.0,1927141.0,0.057695990489074235,0.7381159389204915,0.076045040019587
spmv_imp_stage2_s16_ipd16_addr16_l1d_ddr4_1x,spmv,imp,s16_ipd16_addr16,l1d,ddr4_1x,0.00594,5940466587.0,11279576.0,17839239.0,0.633635,1980905.0,4826356.0,654062.0,3666897.0,2610892.0,150638.0,1927141.0,,,,0.006737,sdist16,0.00594,1.1341750841750842,1.1341750841750842,1.0,0.41043491197085336,0.1783693406168758,2610892.0,150638.0,1927141.0,0.057695990489074235,0.7381159389204915,0.076045040019587
spmv_imp_stage2_s16_dist32_addr16_l1d_ddr4_1x,spmv,imp,s16_dist32_addr16,l1d,ddr4_1x,0.00594,5940466587.0,11279576.0,17839239.0,0.633635,1980905.0,4826356.0,654062.0,3666897.0,2610892.0,150638.0,1927141.0,,,,0.006737,sdist16,0.00594,1.1341750841750842,1.1341750841750842,1.0,0.41043491197085336,0.1783693406168758,2610892.0,150638.0,1927141.0,0.057695990489074235,0.7381159389204915,0.076045040019587
spmv_imp_stage2_s16_l1d_ddr4_1x,spmv,imp,s16,l1d,ddr4_1x,0.00594,5940466587.0,11279576.0,17839239.0,0.633635,1980905.0,4826356.0,654062.0,3666897.0,2610892.0,150638.0,1927141.0,,,,0.006737,sdist16,0.00594,1.1341750841750842,1.1341750841750842,1.0,0.41043491197085336,0.1783693406168758,2610892.0,150638.0,1927141.0,0.057695990489074235,0.7381159389204915,0.076045040019587
spmv_imp_stage2_s16_ipd16_pt32_l1d_ddr4_1x,spmv,imp,s16_ipd16_pt32,l1d,ddr4_1x,0.00594,5940466587.0,11279576.0,17839239.0,0.633635,1980905.0,4826356.0,654062.0,3666897.0,2610892.0,150638.0,1927141.0,,,,0.006737,sdist16,0.00594,1.1341750841750842,1.1341750841750842,1.0,0.41043491197085336,0.1783693406168758,2610892.0,150638.0,1927141.0,0.057695990489074235,0.7381159389204915,0.076045040019587
simple_triad_imp_stage2_s2_sth2_l2_ddr4_1x,simple_triad,imp,s2_sth2,l2,ddr4_1x,0.002614,2614332051.0,3509939.0,7850848.0,0.44708,1977072.0,2003761.0,361111.0,375373.0,,,,704306.0,14252.0,2.0,0.002935,sdist2,0.002654,1.1058779201205726,1.1228003060443765,1.015302218821729,0.9866805472309322,0.9620057915726491,704306.0,14252.0,2.0,0.020235522627948647,2.8396748004418532e-06,0.007208639847208397
simple_triad_imp_stage2_cons_s2_sth8_pt8_l2_ddr4_1x,simple_triad,imp,cons_s2_sth8_pt8,l2,ddr4_1x,0.002622,2621662713.0,3509883.0,7872862.0,0.445823,1972343.0,2003735.0,357973.0,375374.0,,,,698191.0,17391.0,2.0,0.002935,sdist2,0.002654,1.1058779201205726,1.1193745232646835,1.0122044241037376,0.9843332576413548,0.9536435661500263,698191.0,17391.0,2.0,0.02490865680021656,2.864545661573982e-06,0.008817431856426595
simple_triad_imp_stage2_s2_sth8_l2_ddr4_1x,simple_triad,imp,s2_sth8,l2,ddr4_1x,0.002622,2621662713.0,3509883.0,7872862.0,0.445823,1972343.0,2003734.0,357973.0,375374.0,,,,698191.0,17391.0,2.0,0.002935,sdist2,0.002654,1.1058779201205726,1.1193745232646835,1.0122044241037376,0.9843337488908208,0.9536435661500263,698191.0,17391.0,2.0,0.02490865680021656,2.864545661573982e-06,0.008817431856426595
spmv_imp_stage2_s16_pt8_sth8_l2_ddr4_1x,spmv,imp,s16_pt8_sth8,l2,ddr4_1x,0.006186,6185903904.0,11279576.0,18576288.0,0.608495,2388080.0,4827670.0,353912.0,1686968.0,,,,366644.0,191774.0,12517.0,0.006899,sdist16,0.006189,1.1147196639198578,1.1152602651147754,1.0004849660523765,0.4946651283124157,0.20979176842714267,366644.0,191774.0,12517.0,0.5230523341442925,0.03413938316186819,0.08030467991022076
spmv_imp_stage2_s16_pt8_sth2_l2_ddr4_1x,spmv,imp,s16_pt8_sth2,l2,ddr4_1x,0.006186,6186120021.0,11279576.0,18576937.0,0.608473,2387785.0,4827676.0,353875.0,1686940.0,,,,366545.0,191810.0,12501.0,0.006899,sdist16,0.006189,1.1147196639198578,1.1152602651147754,1.0004849660523765,0.4946034075194773,0.20977331736754123,366545.0,191810.0,12501.0,0.523291819558308,0.03410495300713418,0.0803296779232636
spmv_imp_stage2_s16_sth8_l2_ddr4_1x,spmv,imp,s16_sth8,l2,ddr4_1x,0.006186,6185903904.0,11279576.0,18576288.0,0.608495,2388080.0,4827670.0,353912.0,1686968.0,,,,366644.0,191774.0,12517.0,0.006899,sdist16,0.006189,1.1147196639198578,1.1152602651147754,1.0004849660523765,0.4946651283124157,0.20979176842714267,366644.0,191774.0,12517.0,0.5230523341442925,0.03413938316186819,0.08030467991022076
spmv_imp_stage2_s16_sth2_l2_ddr4_1x,spmv,imp,s16_sth2,l2,ddr4_1x,0.006187,6186913560.0,11279576.0,18579320.0,0.608395,2387968.0,4827653.0,353873.0,1686964.0,,,,366451.0,191796.0,12499.0,0.006899,sdist16,0.006189,1.1147196639198578,1.115080006465169,1.000323258445127,0.4946436705372155,0.2097691474151197,366451.0,191796.0,12499.0,0.5233878472155895,0.03410824366695684,0.0803176591981132
spmv_imp_stage2_aggr_s16_sth2_d32_ipd16_addr16_l2_ddr4_1x,spmv,imp,aggr_s16_sth2_d32_ipd16_addr16,l2,ddr4_1x,0.006187,6186913560.0,11279576.0,18579320.0,0.608395,2387968.0,4827653.0,353873.0,1686964.0,,,,366451.0,191796.0,12499.0,0.006899,sdist16,0.006189,1.1147196639198578,1.115080006465169,1.000323258445127,0.4946436705372155,0.2097691474151197,366451.0,191796.0,12499.0,0.5233878472155895,0.03410824366695684,0.0803176591981132
simple_triad_imp_stage2_s2_l2_ddr4_1x,simple_triad,imp,s2,l2,ddr4_1x,0.002654,2653648695.0,3509929.0,7968916.0,0.440455,1972892.0,2003762.0,356264.0,375375.0,,,,693958.0,19101.0,2.0,0.002935,sdist2,0.002654,1.1058779201205726,1.1058779201205726,1.0,0.9845939787260164,0.9490882450882451,693958.0,19101.0,2.0,0.027524720516227206,2.8820187965265907e-06,0.00968172611577319
simple_triad_imp_stage2_s16_pt8_sth8_l1d_ddr4_2x,simple_triad,imp,s16_pt8_sth8,l1d,ddr4_2x,0.0021,2100242322.0,3510117.0,6307034.0,0.556543,1394301.0,2003835.0,375395.0,375405.0,592864.0,146123.0,,,,,0.002258,sdist16,0.002125,1.0625882352941176,1.0752380952380953,1.011904761904762,0.6958162722978688,0.9999733621022628,592864.0,146123.0,0.0,0.24646967938684083,0.0,0.1048001830307803
simple_triad_imp_stage2_s16_sth8_l1d_ddr4_2x,simple_triad,imp,s16_sth8,l1d,ddr4_2x,0.0021,2100242322.0,3510117.0,6307034.0,0.556543,1394301.0,2003835.0,375395.0,375405.0,592864.0,146123.0,,,,,0.002258,sdist16,0.002125,1.0625882352941176,1.0752380952380953,1.011904761904762,0.6958162722978688,0.9999733621022628,592864.0,146123.0,0.0,0.24646967938684083,0.0,0.1048001830307803
simple_triad_imp_stage2_aggr_s16_sth2_d32_ipd16_l1d_ddr4_2x,simple_triad,imp,aggr_s16_sth2_d32_ipd16,l1d,ddr4_2x,0.002113,2113082469.0,3510090.0,6345593.0,0.553157,1389696.0,2003810.0,375393.0,375403.0,589187.0,147512.0,,,,,0.002258,sdist16,0.002125,1.0625882352941176,1.0686228111689542,1.0056791292001894,0.6935268313862093,0.9999733619603466,589187.0,147512.0,0.0,0.2503653339262407,0.0,0.10614695588099843
simple_triad_imp_stage2_s16_pt8_sth2_l1d_ddr4_2x,simple_triad,imp,s16_pt8_sth2,l1d,ddr4_2x,0.002113,2113082469.0,3510090.0,6345593.0,0.553157,1389696.0,2003810.0,375393.0,375403.0,589187.0,147512.0,,,,,0.002258,sdist16,0.002125,1.0625882352941176,1.0686228111689542,1.0056791292001894,0.6935268313862093,0.9999733619603466,589187.0,147512.0,0.0,0.2503653339262407,0.0,0.10614695588099843
simple_triad_imp_stage2_s16_sth2_l1d_ddr4_2x,simple_triad,imp,s16_sth2,l1d,ddr4_2x,0.002113,2113082469.0,3510090.0,6345593.0,0.553157,1389696.0,2003810.0,375393.0,375403.0,589187.0,147512.0,,,,,0.002258,sdist16,0.002125,1.0625882352941176,1.0686228111689542,1.0056791292001894,0.6935268313862093,0.9999733619603466,589187.0,147512.0,0.0,0.2503653339262407,0.0,0.10614695588099843
bfs_imp_stage2_s16_pt8_sth8_l1d_ddr4_2x,bfs,imp,s16_pt8_sth8,l1d,ddr4_2x,0.019608,19608341364.0,30729211.0,58883908.0,0.521862,5369239.0,11382170.0,2443558.0,6413705.0,5346093.0,455370.0,2683458.0,,,,0.020727,sdist16,0.019617,1.0565835754702553,1.0570685434516522,1.0004589963280293,0.47172366956388806,0.3809900829551718,5346093.0,455370.0,2683458.0,0.08517809173914483,0.5019474969851815,0.08481090150764382
bfs_imp_stage2_s16_sth2_l1d_ddr4_2x,bfs,imp,s16_sth2,l1d,ddr4_2x,0.019611,19610929107.0,30729211.0,58891679.0,0.521793,5374334.0,11381679.0,2444855.0,6417484.0,5354997.0,454997.0,2687429.0,,,,0.020727,sdist16,0.019617,1.0565835754702553,1.056906837999082,1.0003059507419305,0.4721916687335849,0.38096783723964095,5354997.0,454997.0,2687429.0,0.08496680763780073,0.5018544361462761,0.0846610947514613
bfs_imp_stage2_aggr_s16_sth2_d32_ipd16_l1d_ddr4_2x,bfs,imp,aggr_s16_sth2_d32_ipd16,l1d,ddr4_2x,0.019611,19610929107.0,30729211.0,58891679.0,0.521793,5374334.0,11381679.0,2444855.0,6417484.0,5354997.0,454997.0,2687429.0,,,,0.020727,sdist16,0.019617,1.0565835754702553,1.056906837999082,1.0003059507419305,0.4721916687335849,0.38096783723964095,5354997.0,454997.0,2687429.0,0.08496680763780073,0.5018544361462761,0.0846610947514613
bfs_imp_stage2_aggr_s16_sth2_d32_ipd16_addr16_l1d_ddr4_2x,bfs,imp,aggr_s16_sth2_d32_ipd16_addr16,l1d,ddr4_2x,0.019611,19610929107.0,30729211.0,58891679.0,0.521793,5374334.0,11381679.0,2444855.0,6417484.0,5354997.0,454997.0,2687429.0,,,,0.020727,sdist16,0.019617,1.0565835754702553,1.056906837999082,1.0003059507419305,0.4721916687335849,0.38096783723964095,5354997.0,454997.0,2687429.0,0.08496680763780073,0.5018544361462761,0.0846610947514613
bfs_imp_stage2_s16_pt8_sth2_l1d_ddr4_2x,bfs,imp,s16_pt8_sth2,l1d,ddr4_2x,0.019612,19612180854.0,30729211.0,58895438.0,0.521759,5371872.0,11384763.0,2443183.0,6412706.0,5347276.0,454488.0,2682826.0,,,,0.020727,sdist16,0.019617,1.0565835754702553,1.0568529471751988,1.0002549459514583,0.4718475035448696,0.3809909576394115,5347276.0,454488.0,2682826.0,0.08499430364170467,0.5017182580439087,0.08460514323498401
simple_triad_imp_stage2_s8_sth2_l2_ddr4_1x,simple_triad,imp,s8_sth2,l2,ddr4_1x,0.002787,2787208668.0,3509939.0,8369997.0,0.41935,1866771.0,2003761.0,169682.0,373955.0,,,,572006.0,204263.0,706.0,0.002935,sdist2,0.002654,1.1058779201205726,1.0531036957301758,0.9522784355938285,0.9316335630846194,0.4537497827278683,572006.0,204263.0,706.0,0.3570994010552337,0.0012342527875581725,0.10942049131896735
quick_imp_stage2_s16_pt8_sth8_l1d_ddr4_1x,quick,imp,s16_pt8_sth8,l1d,ddr4_1x,0.00849,8489955879.0,24424718.0,25495363.0,0.958428,59358.0,9166431.0,28509.0,85106.0,164132.0,69935.0,1212.0,,,,0.008793,sdist16,0.008497,1.0348358244086149,1.0356890459363959,1.0008244994110718,0.006475584663212978,0.3349822574201584,164132.0,69935.0,1212.0,0.42608997636049034,0.007384300441108376,1.178189965969204
quick_imp_stage2_s16_pt8_sth2_l1d_ddr4_1x,quick,imp,s16_pt8_sth2,l1d,ddr4_1x,0.00849,8490490011.0,24424718.0,25496967.0,0.958368,59116.0,9166631.0,28507.0,85194.0,165289.0,70193.0,1341.0,,,,0.008793,sdist16,0.008497,1.0348358244086149,1.0356890459363959,1.0008244994110718,0.006449043274459286,0.3346127661572411,165289.0,70193.0,1341.0,0.42466830823587776,0.008113062575246991,1.1873773597672372
quick_imp_stage2_s16_sth8_l1d_ddr4_1x,quick,imp,s16_sth8,l1d,ddr4_1x,0.00849,8490007827.0,24424723.0,25495519.0,0.958423,59063.0,9166344.0,28514.0,85097.0,164158.0,70080.0,1228.0,,,,0.008793,sdist16,0.008497,1.0348358244086149,1.0356890459363959,1.0008244994110718,0.006443463173540072,0.3350764421777501,164158.0,70080.0,1228.0,0.4269057858892043,0.007480597960501468,1.1865296378443357
quick_imp_stage2_s16_l1d_ddr4_1x,quick,imp,s16,l1d,ddr4_1x,0.008497,8497387440.0,24424723.0,25517680.0,0.95759,59414.0,9167049.0,28515.0,85137.0,165998.0,70140.0,1297.0,,,,0.008793,sdist16,0.008497,1.0348358244086149,1.0348358244086149,1.0,0.006481256945392132,0.3349307586595722,165998.0,70140.0,1297.0,0.4225352112676056,0.007813347148760828,1.1805298414515097
quick_imp_stage2_s16_dist8_addr16_l1d_ddr4_1x,quick,imp,s16_dist8_addr16,l1d,ddr4_1x,0.008497,8497387440.0,24424723.0,25517680.0,0.95759,59414.0,9167049.0,28515.0,85137.0,165998.0,70140.0,1297.0,,,,0.008793,sdist16,0.008497,1.0348358244086149,1.0348358244086149,1.0,0.006481256945392132,0.3349307586595722,165998.0,70140.0,1297.0,0.4225352112676056,0.007813347148760828,1.1805298414515097
merge_imp_stage2_s16_pt8_sth8_l1d_ddr4_2x,merge,imp,s16_pt8_sth8,l1d,ddr4_2x,0.00999,9990228771.0,37918834.0,30000687.0,1.263934,768116.0,10970967.0,73145.0,210512.0,205334.0,75336.0,4993.0,,,,0.010338,sdist16,0.009995,1.0343171585792896,1.0348348348348348,1.0005005005005005,0.07001351840726529,0.347462377441666,205334.0,75336.0,4993.0,0.36689491267885493,0.0243164794919497,0.09807893599404256
merge_imp_stage2_s16_sth8_l1d_ddr4_2x,merge,imp,s16_sth8,l1d,ddr4_2x,0.00999,9990264735.0,37918829.0,30000795.0,1.263929,770031.0,10969702.0,73471.0,211544.0,211735.0,75396.0,5471.0,,,,0.010338,sdist16,0.009995,1.0343171585792896,1.0348348348348348,1.0005005005005005,0.07019616394319554,0.34730836138108384,211735.0,75396.0,5471.0,0.3560866177060949,0.02583890240158689,0.09791294116730366
merge_imp_stage2_aggr_s16_sth2_d32_ipd16_l1d_ddr4_2x,merge,imp,aggr_s16_sth2_d32_ipd16,l1d,ddr4_2x,0.009993,9993063600.0,37918834.0,30009200.0,1.263575,768582.0,10970392.0,73579.0,211892.0,214107.0,75861.0,5650.0,,,,0.010338,sdist16,0.009995,1.0343171585792896,1.0345241669168417,1.0002001400980687,0.07005966605386571,0.3472476544654824,214107.0,75861.0,5650.0,0.354313497456879,0.02638867482146777,0.0987025457270662
merge_imp_stage2_aggr_s16_sth2_d32_ipd16_addr16_l1d_ddr4_2x,merge,imp,aggr_s16_sth2_d32_ipd16_addr16,l1d,ddr4_2x,0.009993,9993063600.0,37918834.0,30009200.0,1.263575,768582.0,10970392.0,73579.0,211892.0,214107.0,75861.0,5650.0,,,,0.010338,sdist16,0.009995,1.0343171585792896,1.0345241669168417,1.0002001400980687,0.07005966605386571,0.3472476544654824,214107.0,75861.0,5650.0,0.354313497456879,0.02638867482146777,0.0987025457270662
merge_imp_stage2_s16_sth2_l1d_ddr4_2x,merge,imp,s16_sth2,l1d,ddr4_2x,0.009993,9993063600.0,37918834.0,30009200.0,1.263575,768582.0,10970392.0,73579.0,211892.0,214107.0,75861.0,5650.0,,,,0.010338,sdist16,0.009995,1.0343171585792896,1.0345241669168417,1.0002001400980687,0.07005966605386571,0.3472476544654824,214107.0,75861.0,5650.0,0.354313497456879,0.02638867482146777,0.0987025457270662
quick_imp_stage2_s16_ipd16_addr16_l1d_ddr4_2x,quick,imp,s16_ipd16_addr16,l1d,ddr4_2x,0.008459,8459326872.0,24424732.0,25403384.0,0.961899,57720.0,9165808.0,28531.0,85108.0,162834.0,70256.0,1252.0,,,,0.008745,sdist16,0.008459,1.0338101430429127,1.0338101430429127,1.0,0.006297317159600114,0.33523288057526907,162834.0,70256.0,1252.0,0.4314578036527998,0.007688811918886719,1.2171864171864173
quick_imp_stage2_s16_pt8_sth2_l1d_ddr4_2x,quick,imp,s16_pt8_sth2,l1d,ddr4_2x,0.008459,8459277588.0,24424718.0,25403236.0,0.961904,57633.0,9165991.0,28527.0,85164.0,162965.0,70261.0,1321.0,,,,0.008745,sdist16,0.008459,1.0338101430429127,1.0338101430429127,1.0,0.0062876998242743206,0.3349654783711427,162965.0,70261.0,1321.0,0.43114165618384315,0.008106035038198386,1.2191105790085541
quick_imp_stage2_s16_l1d_ddr4_2x,quick,imp,s16,l1d,ddr4_2x,0.008459,8459326872.0,24424732.0,25403384.0,0.961899,57720.0,9165808.0,28531.0,85108.0,162834.0,70256.0,1252.0,,,,0.008745,sdist16,0.008459,1.0338101430429127,1.0338101430429127,1.0,0.006297317159600114,0.33523288057526907,162834.0,70256.0,1252.0,0.4314578036527998,0.007688811918886719,1.2171864171864173
quick_imp_stage2_s16_ipd8_addr8_l1d_ddr4_2x,quick,imp,s16_ipd8_addr8,l1d,ddr4_2x,0.008459,8459326872.0,24424732.0,25403384.0,0.961899,57720.0,9165808.0,28531.0,85108.0,162834.0,70256.0,1252.0,,,,0.008745,sdist16,0.008459,1.0338101430429127,1.0338101430429127,1.0,0.006297317159600114,0.33523288057526907,162834.0,70256.0,1252.0,0.4314578036527998,0.007688811918886719,1.2171864171864173
quick_imp_stage2_s16_dist8_addr16_l1d_ddr4_2x,quick,imp,s16_dist8_addr16,l1d,ddr4_2x,0.008459,8459326872.0,24424732.0,25403384.0,0.961899,57720.0,9165808.0,28531.0,85108.0,162834.0,70256.0,1252.0,,,,0.008745,sdist16,0.008459,1.0338101430429127,1.0338101430429127,1.0,0.006297317159600114,0.33523288057526907,162834.0,70256.0,1252.0,0.4314578036527998,0.007688811918886719,1.2171864171864173
bfs_imp_stage2_s16_sth2_l1d_ddr4_1x,bfs,imp,s16_sth2,l1d,ddr4_1x,0.022635,22634973369.0,30729211.0,67972893.0,0.452081,5501676.0,11472491.0,2388423.0,6323158.0,5216034.0,439733.0,2594898.0,,,,0.023393,sdist16,0.022644,1.0330771948419006,1.0334879611221561,1.0003976143141153,0.4795537429491119,0.3777262880351875,5216034.0,439733.0,2594898.0,0.08430409004235785,0.4974848706891098,0.07992709857868766
bfs_imp_stage2_s16_sth8_l1d_ddr4_1x,bfs,imp,s16_sth8,l1d,ddr4_1x,0.022635,22635299043.0,30729211.0,67973871.0,0.452074,5497076.0,11469485.0,2386651.0,6325372.0,5222776.0,440969.0,2596783.0,,,,0.023393,sdist16,0.022644,1.0330771948419006,1.0334879611221561,1.0003976143141153,0.47927836341387603,0.37731393505393834,5222776.0,440969.0,2596783.0,0.08443191896416771,0.4972035944103289,0.08021882906476098
bfs_imp_stage2_aggr_s16_sth2_d32_ipd16_l1d_ddr4_1x,bfs,imp,aggr_s16_sth2_d32_ipd16,l1d,ddr4_1x,0.022635,22634973369.0,30729211.0,67972893.0,0.452081,5501676.0,11472491.0,2388423.0,6323158.0,5216034.0,439733.0,2594898.0,,,,0.023393,sdist16,0.022644,1.0330771948419006,1.0334879611221561,1.0003976143141153,0.4795537429491119,0.3777262880351875,5216034.0,439733.0,2594898.0,0.08430409004235785,0.4974848706891098,0.07992709857868766
bfs_imp_stage2_aggr_s16_sth2_d32_ipd16_addr16_l1d_ddr4_1x,bfs,imp,aggr_s16_sth2_d32_ipd16_addr16,l1d,ddr4_1x,0.022635,22634973369.0,30729211.0,67972893.0,0.452081,5501676.0,11472491.0,2388423.0,6323158.0,5216034.0,439733.0,2594898.0,,,,0.023393,sdist16,0.022644,1.0330771948419006,1.0334879611221561,1.0003976143141153,0.4795537429491119,0.3777262880351875,5216034.0,439733.0,2594898.0,0.08430409004235785,0.4974848706891098,0.07992709857868766
bfs_imp_stage2_s16_pt8_sth2_l1d_ddr4_1x,bfs,imp,s16_pt8_sth2,l1d,ddr4_1x,0.022637,22636982025.0,30729211.0,67978925.0,0.452041,5497933.0,11472007.0,2387155.0,6321946.0,5212597.0,440317.0,2593668.0,,,,0.023393,sdist16,0.022644,1.0330771948419006,1.033396651499757,1.0003092282546273,0.479247702690558,0.3775981319675935,5212597.0,440317.0,2593668.0,0.08447171342806667,0.4975769275852325,0.08008773479051128
matmult_imp_stage2_s16_sth2_l1d_ddr4_2x,matmult,imp,s16_sth2,l1d,ddr4_2x,0.001221,1221087690.0,7397876.0,3666930.0,2.01746,1150477.0,2139319.0,5380.0,1082013.0,30522.0,3567.0,4212.0,,,,0.001261,sdist16,0.001223,1.0310711365494685,1.0327600327600326,1.0016380016380015,0.5377772085415966,0.004972213827375457,30522.0,3567.0,4212.0,0.11686652250835462,0.13799882052290152,0.0031004531164030226
matmult_imp_stage2_aggr_s16_sth2_d32_ipd16_l1d_ddr4_2x,matmult,imp,aggr_s16_sth2_d32_ipd16,l1d,ddr4_2x,0.001221,1221087690.0,7397876.0,3666930.0,2.01746,1150477.0,2139319.0,5380.0,1082013.0,30522.0,3567.0,4212.0,,,,0.001261,sdist16,0.001223,1.0310711365494685,1.0327600327600326,1.0016380016380015,0.5377772085415966,0.004972213827375457,30522.0,3567.0,4212.0,0.11686652250835462,0.13799882052290152,0.0031004531164030226
matmult_imp_stage2_aggr_s16_sth2_d32_ipd16_addr16_l1d_ddr4_2x,matmult,imp,aggr_s16_sth2_d32_ipd16_addr16,l1d,ddr4_2x,0.001221,1221087690.0,7397876.0,3666930.0,2.01746,1150477.0,2139319.0,5380.0,1082013.0,30522.0,3567.0,4212.0,,,,0.001261,sdist16,0.001223,1.0310711365494685,1.0327600327600326,1.0016380016380015,0.5377772085415966,0.004972213827375457,30522.0,3567.0,4212.0,0.11686652250835462,0.13799882052290152,0.0031004531164030226
matmult_imp_stage2_s16_pt8_sth2_l1d_ddr4_2x,matmult,imp,s16_pt8_sth2,l1d,ddr4_2x,0.001221,1221087690.0,7397876.0,3666930.0,2.01746,1150477.0,2139319.0,5380.0,1082013.0,30522.0,3567.0,4212.0,,,,0.001261,sdist16,0.001223,1.0310711365494685,1.0327600327600326,1.0016380016380015,0.5377772085415966,0.004972213827375457,30522.0,3567.0,4212.0,0.11686652250835462,0.13799882052290152,0.0031004531164030226
merge_imp_stage2_s16_dist32_addr16_l2_ddr4_2x,merge,imp,s16_dist32_addr16,l2,ddr4_2x,0.010224,10223847585.0,37919467.0,30702245.0,1.235073,866082.0,11117254.0,15815.0,201421.0,,,,98998.0,56402.0,298.0,0.010555,sdist16,0.010224,1.0323748043818466,1.0323748043818466,1.0,0.07790430982327111,0.07851713575049275,98998.0,56402.0,298.0,0.5697286813875028,0.0030101618214509384,0.06512316385746385
merge_imp_stage2_s16_l2_ddr4_2x,merge,imp,s16,l2,ddr4_2x,0.010224,10223847585.0,37919467.0,30702245.0,1.235073,866082.0,11117254.0,15815.0,201421.0,,,,98998.0,56402.0,298.0,0.010555,sdist16,0.010224,1.0323748043818466,1.0323748043818466,1.0,0.07790430982327111,0.07851713575049275,98998.0,56402.0,298.0,0.5697286813875028,0.0030101618214509384,0.06512316385746385
merge_imp_stage2_s16_pt8_sth8_l2_ddr4_2x,merge,imp,s16_pt8_sth8,l2,ddr4_2x,0.010224,10224203229.0,37919492.0,30703313.0,1.235031,866788.0,11115358.0,16038.0,201482.0,,,,99266.0,56185.0,249.0,0.010555,sdist16,0.010224,1.0323748043818466,1.0323748043818466,1.0,0.07798111405858453,0.07960016279369869,99266.0,56185.0,249.0,0.5660044728305764,0.0025084117421876576,0.06481977138585214
merge_imp_stage2_aggr_s16_sth2_d32_ipd16_addr16_l2_ddr4_2x,merge,imp,aggr_s16_sth2_d32_ipd16_addr16,l2,ddr4_2x,0.010224,10223971461.0,37919511.0,30702617.0,1.235059,866074.0,11117249.0,15807.0,201423.0,,,,99038.0,56412.0,322.0,0.010555,sdist16,0.010224,1.0323748043818466,1.0323748043818466,1.0,0.07790362525837102,0.07847663871553893,99038.0,56412.0,322.0,0.5695995476483774,0.003251277287505806,0.06513531176319806
merge_imp_stage2_s16_ipd16_pt32_l2_ddr4_2x,merge,imp,s16_ipd16_pt32,l2,ddr4_2x,0.010224,10223847585.0,37919467.0,30702245.0,1.235073,866082.0,11117254.0,15815.0,201421.0,,,,98998.0,56402.0,298.0,0.010555,sdist16,0.010224,1.0323748043818466,1.0323748043818466,1.0,0.07790430982327111,0.07851713575049275,98998.0,56402.0,298.0,0.5697286813875028,0.0030101618214509384,0.06512316385746385
matmult_imp_stage2_s16_sth8_l1d_ddr4_2x,matmult,imp,s16_sth8,l1d,ddr4_2x,0.001222,1221884559.0,7397871.0,3669323.0,2.016143,1150390.0,2139297.0,5372.0,1081761.0,32427.0,3486.0,4004.0,,,,0.001261,sdist16,0.001223,1.0310711365494685,1.0319148936170213,1.0008183306055647,0.5377420713439975,0.004965976773058004,32427.0,3486.0,4004.0,0.10750300675363124,0.12347734912264471,0.003030276688775111
merge_imp_stage2_s16_pt8_sth8_l1d_ddr4_1x,merge,imp,s16_pt8_sth8,l1d,ddr4_1x,0.010035,10034701587.0,37919536.0,30134239.0,1.258355,773620.0,10971739.0,73194.0,210652.0,208908.0,74955.0,5080.0,,,,0.010348,sdist16,0.010037,1.0309853541894989,1.031190832087693,1.0001993024414548,0.07051024454737759,0.34746406395381957,208908.0,74955.0,5080.0,0.3587943017979206,0.024316924196296934,0.09688865334401903
merge_imp_stage2_s16_ipd16_pt32_l1d_ddr4_1x,merge,imp,s16_ipd16_pt32,l1d,ddr4_1x,0.010037,10037417868.0,37919489.0,30142396.0,1.258013,776026.0,10971648.0,73528.0,211815.0,217822.0,74992.0,5608.0,,,,0.010348,sdist16,0.010037,1.0309853541894989,1.0309853541894987,1.0,0.07073012185589622,0.3471331114415882,217822.0,74992.0,5608.0,0.34428111026434427,0.025745792436025747,0.0966359374557038
merge_imp_stage2_s16_pt8_sth2_l1d_ddr4_1x,merge,imp,s16_pt8_sth2,l1d,ddr4_1x,0.010037,10036986966.0,37919508.0,30141102.0,1.258068,776354.0,10970742.0,73234.0,210956.0,213931.0,74664.0,5187.0,,,,0.010348,sdist16,0.010037,1.0309853541894989,1.0309853541894987,1.0,0.07076586068654245,0.3471529608069929,213931.0,74664.0,5187.0,0.34900972743548153,0.024246135436192043,0.09617262228313372
merge_imp_stage2_s16_l1d_ddr4_1x,merge,imp,s16,l1d,ddr4_1x,0.010037,10037417868.0,37919489.0,30142396.0,1.258013,776026.0,10971648.0,73528.0,211815.0,217822.0,74992.0,5608.0,,,,0.010348,sdist16,0.010037,1.0309853541894989,1.0309853541894987,1.0,0.07073012185589622,0.3471331114415882,217822.0,74992.0,5608.0,0.34428111026434427,0.025745792436025747,0.0966359374557038
merge_imp_stage2_s16_dist8_addr16_l1d_ddr4_1x,merge,imp,s16_dist8_addr16,l1d,ddr4_1x,0.010037,10037417868.0,37919489.0,30142396.0,1.258013,776026.0,10971648.0,73528.0,211815.0,217822.0,74992.0,5608.0,,,,0.010348,sdist16,0.010037,1.0309853541894989,1.0309853541894987,1.0,0.07073012185589622,0.3471331114415882,217822.0,74992.0,5608.0,0.34428111026434427,0.025745792436025747,0.0966359374557038
bfs_imp_stage2_s16_pt8_sth2_l2_ddr4_2x,bfs,imp,s16_pt8_sth2,l2,ddr4_2x,0.021377,21376526076.0,30729211.0,64193772.0,0.478695,6692249.0,11396553.0,1329471.0,3529098.0,,,,1915207.0,366251.0,852083.0,0.022034,sdist16,0.021395,1.02986679130638,1.0307339664124995,1.0008420264770548,0.5872169418244271,0.37671694013597806,1915207.0,366251.0,852083.0,0.19123311474947616,0.44490386678828975,0.054727640887241344
bfs_imp_stage2_s16_pt8_sth8_l2_ddr4_2x,bfs,imp,s16_pt8_sth8,l2,ddr4_2x,0.021381,21380834430.0,30729211.0,64206710.0,0.478599,6693704.0,11398836.0,1329362.0,3529119.0,,,,1911316.0,366021.0,850260.0,0.022034,sdist16,0.021395,1.02986679130638,1.0305411346522615,1.0006547869603855,0.5872269765088295,0.3766838125889209,1911316.0,366021.0,850260.0,0.1915020854740922,0.4448557956926013,0.05468138417832638
bfs_imp_stage2_s16_sth8_l2_ddr4_2x,bfs,imp,s16_sth8,l2,ddr4_2x,0.021381,21381285978.0,30729211.0,64208066.0,0.478589,6693814.0,11398816.0,1329401.0,3529139.0,,,,1911735.0,366024.0,850382.0,0.022034,sdist16,0.021395,1.02986679130638,1.0305411346522615,1.0006547869603855,0.5872376569636706,0.3766927287363858,1911735.0,366024.0,850382.0,0.1914616827123006,0.44482211185127646,0.054680933769596825
bfs_imp_stage2_aggr_s16_sth2_d32_ipd16_l2_ddr4_2x,bfs,imp,aggr_s16_sth2_d32_ipd16,l2,ddr4_2x,0.021395,21395128788.0,30729211.0,64249636.0,0.478279,6692730.0,11400170.0,1329785.0,3529210.0,,,,1916117.0,366278.0,852497.0,0.022034,sdist16,0.021395,1.02986679130638,1.02986679130638,1.0,0.5870728243526193,0.37679395672119254,1916117.0,366278.0,852497.0,0.19115638554430653,0.4449086355373915,0.054727741893069046
bfs_imp_stage2_aggr_s16_sth2_d32_ipd16_addr16_l2_ddr4_2x,bfs,imp,aggr_s16_sth2_d32_ipd16_addr16,l2,ddr4_2x,0.021395,21395128788.0,30729211.0,64249636.0,0.478279,6692730.0,11400170.0,1329785.0,3529210.0,,,,1916117.0,366278.0,852497.0,0.022034,sdist16,0.021395,1.02986679130638,1.02986679130638,1.0,0.5870728243526193,0.37679395672119254,1916117.0,366278.0,852497.0,0.19115638554430653,0.4449086355373915,0.054727741893069046
merge_imp_stage2_s16_dist8_addr16_l2_ddr4_1x,merge,imp,s16_dist8_addr16,l2,ddr4_1x,0.010353,10353499137.0,37919539.0,31091589.0,1.219609,865516.0,11117479.0,19246.0,201370.0,,,,99914.0,52918.0,300.0,0.010657,sdist16,0.010353,1.0293634695257414,1.0293634695257414,1.0,0.07785182234209752,0.09557530913244276,99914.0,52918.0,300.0,0.5296354865184059,0.0030025822207098104,0.06114040641651916
merge_imp_stage2_s16_dist32_addr16_l2_ddr4_1x,merge,imp,s16_dist32_addr16,l2,ddr4_1x,0.010353,10353499137.0,37919539.0,31091589.0,1.219609,865516.0,11117479.0,19246.0,201370.0,,,,99914.0,52918.0,300.0,0.010657,sdist16,0.010353,1.0293634695257414,1.0293634695257414,1.0,0.07785182234209752,0.09557530913244276,99914.0,52918.0,300.0,0.5296354865184059,0.0030025822207098104,0.06114040641651916
merge_imp_stage2_s16_ipd8_addr8_l2_ddr4_1x,merge,imp,s16_ipd8_addr8,l2,ddr4_1x,0.010353,10353499137.0,37919539.0,31091589.0,1.219609,865516.0,11117479.0,19246.0,201370.0,,,,99914.0,52918.0,300.0,0.010657,sdist16,0.010353,1.0293634695257414,1.0293634695257414,1.0,0.07785182234209752,0.09557530913244276,99914.0,52918.0,300.0,0.5296354865184059,0.0030025822207098104,0.06114040641651916
merge_imp_stage2_s16_l2_ddr4_1x,merge,imp,s16,l2,ddr4_1x,0.010353,10353499137.0,37919539.0,31091589.0,1.219609,865516.0,11117479.0,19246.0,201370.0,,,,99914.0,52918.0,300.0,0.010657,sdist16,0.010353,1.0293634695257414,1.0293634695257414,1.0,0.07785182234209752,0.09557530913244276,99914.0,52918.0,300.0,0.5296354865184059,0.0030025822207098104,0.06114040641651916
merge_imp_stage2_s16_sth8_l2_ddr4_1x,merge,imp,s16_sth8,l2,ddr4_1x,0.010353,10353423546.0,37919539.0,31091362.0,1.219618,865472.0,11117547.0,19425.0,201361.0,,,,99651.0,52731.0,282.0,0.010657,sdist16,0.010353,1.0293634695257414,1.0293634695257414,1.0,0.07784738845718395,0.096468531642175,99651.0,52731.0,282.0,0.529156757082217,0.002829876268175934,0.06092744768172743
matmult_imp_stage2_s16_ipd16_addr16_l1d_ddr4_1x,matmult,imp,s16_ipd16_addr16,l1d,ddr4_1x,0.001208,1207908882.0,7397876.0,3627354.0,2.039471,1150500.0,2138816.0,5475.0,1083178.0,34743.0,3667.0,5007.0,,,,0.001242,sdist16,0.001208,1.0281456953642385,1.0281456953642383,1.0,0.5379144349023011,0.005054570901550807,34743.0,3667.0,5007.0,0.1055464410096998,0.14411536136775754,0.003187309865275967
matmult_imp_stage2_s16_ipd8_addr8_l1d_ddr4_1x,matmult,imp,s16_ipd8_addr8,l1d,ddr4_1x,0.001208,1207908882.0,7397876.0,3627354.0,2.039471,1150500.0,2138816.0,5475.0,1083178.0,34743.0,3667.0,5007.0,,,,0.001242,sdist16,0.001208,1.0281456953642385,1.0281456953642383,1.0,0.5379144349023011,0.005054570901550807,34743.0,3667.0,5007.0,0.1055464410096998,0.14411536136775754,0.003187309865275967
matmult_imp_stage2_s16_l1d_ddr4_1x,matmult,imp,s16,l1d,ddr4_1x,0.001208,1207908882.0,7397876.0,3627354.0,2.039471,1150500.0,2138816.0,5475.0,1083178.0,34743.0,3667.0,5007.0,,,,0.001242,sdist16,0.001208,1.0281456953642385,1.0281456953642383,1.0,0.5379144349023011,0.005054570901550807,34743.0,3667.0,5007.0,0.1055464410096998,0.14411536136775754,0.003187309865275967
matmult_imp_stage2_s16_dist32_addr16_l1d_ddr4_1x,matmult,imp,s16_dist32_addr16,l1d,ddr4_1x,0.001208,1207908882.0,7397876.0,3627354.0,2.039471,1150500.0,2138816.0,5475.0,1083178.0,34743.0,3667.0,5007.0,,,,0.001242,sdist16,0.001208,1.0281456953642385,1.0281456953642383,1.0,0.5379144349023011,0.005054570901550807,34743.0,3667.0,5007.0,0.1055464410096998,0.14411536136775754,0.003187309865275967
matmult_imp_stage2_s16_dist8_addr16_l1d_ddr4_1x,matmult,imp,s16_dist8_addr16,l1d,ddr4_1x,0.001208,1207908882.0,7397876.0,3627354.0,2.039471,1150500.0,2138816.0,5475.0,1083178.0,34743.0,3667.0,5007.0,,,,0.001242,sdist16,0.001208,1.0281456953642385,1.0281456953642383,1.0,0.5379144349023011,0.005054570901550807,34743.0,3667.0,5007.0,0.1055464410096998,0.14411536136775754,0.003187309865275967
quick_imp_stage2_s16_dist8_addr16_l2_ddr4_1x,quick,imp,s16_dist8_addr16,l2,ddr4_1x,0.008812,8812392453.0,24424718.0,26463641.0,0.92336,242742.0,9227157.0,3981.0,82820.0,,,,30092.0,24510.0,32.0,0.00905,sdist16,0.008812,1.0270086246028145,1.0270086246028143,1.0,0.026307344721673207,0.04806809949287612,30092.0,24510.0,32.0,0.8145021932739599,0.0010634055562940316,0.10097140173517562
quick_imp_stage2_s16_ipd16_addr16_l2_ddr4_1x,quick,imp,s16_ipd16_addr16,l2,ddr4_1x,0.008812,8812392453.0,24424718.0,26463641.0,0.92336,242742.0,9227157.0,3981.0,82820.0,,,,30092.0,24510.0,32.0,0.00905,sdist16,0.008812,1.0270086246028145,1.0270086246028143,1.0,0.026307344721673207,0.04806809949287612,30092.0,24510.0,32.0,0.8145021932739599,0.0010634055562940316,0.10097140173517562
quick_imp_stage2_s16_dist32_addr16_l2_ddr4_1x,quick,imp,s16_dist32_addr16,l2,ddr4_1x,0.008812,8812392453.0,24424718.0,26463641.0,0.92336,242742.0,9227157.0,3981.0,82820.0,,,,30092.0,24510.0,32.0,0.00905,sdist16,0.008812,1.0270086246028145,1.0270086246028143,1.0,0.026307344721673207,0.04806809949287612,30092.0,24510.0,32.0,0.8145021932739599,0.0010634055562940316,0.10097140173517562
quick_imp_stage2_s16_ipd8_addr8_l2_ddr4_1x,quick,imp,s16_ipd8_addr8,l2,ddr4_1x,0.008812,8812392453.0,24424718.0,26463641.0,0.92336,242742.0,9227157.0,3981.0,82820.0,,,,30092.0,24510.0,32.0,0.00905,sdist16,0.008812,1.0270086246028145,1.0270086246028143,1.0,0.026307344721673207,0.04806809949287612,30092.0,24510.0,32.0,0.8145021932739599,0.0010634055562940316,0.10097140173517562
quick_imp_stage2_s16_l2_ddr4_1x,quick,imp,s16,l2,ddr4_1x,0.008812,8812392453.0,24424718.0,26463641.0,0.92336,242742.0,9227157.0,3981.0,82820.0,,,,30092.0,24510.0,32.0,0.00905,sdist16,0.008812,1.0270086246028145,1.0270086246028143,1.0,0.026307344721673207,0.04806809949287612,30092.0,24510.0,32.0,0.8145021932739599,0.0010634055562940316,0.10097140173517562
quick_imp_stage2_s16_sth2_l2_ddr4_2x,quick,imp,s16_sth2,l2,ddr4_2x,0.008729,8728624305.0,24424718.0,26212085.0,0.932222,240456.0,9225235.0,3987.0,82819.0,,,,30402.0,24503.0,85.0,0.008962,sdist16,0.008729,1.0266926337495703,1.0266926337495703,1.0,0.026065027069771124,0.0481411270360666,30402.0,24503.0,85.0,0.8059667127162686,0.0027958686928491547,0.10190221911701101
quick_imp_stage2_s16_pt8_sth2_l2_ddr4_2x,quick,imp,s16_pt8_sth2,l2,ddr4_2x,0.008729,8729217045.0,24424723.0,26213865.0,0.932159,240447.0,9225218.0,3993.0,82823.0,,,,30358.0,24501.0,39.0,0.008962,sdist16,0.008729,1.0266926337495703,1.0266926337495703,1.0,0.02606409951504669,0.048211245668473734,30358.0,24501.0,39.0,0.807068976875947,0.0012846696093286778,0.10189771550487217
quick_imp_stage2_s16_ipd16_pt32_l2_ddr4_2x,quick,imp,s16_ipd16_pt32,l2,ddr4_2x,0.008729,8729331930.0,24424723.0,26214210.0,0.932146,240499.0,9225301.0,4006.0,82824.0,,,,30347.0,24489.0,32.0,0.008962,sdist16,0.008729,1.0266926337495703,1.0266926337495703,1.0,0.026069501688887983,0.048367622911233456,30347.0,24489.0,32.0,0.8069660922002175,0.0010544699640821168,0.10182578721741047
quick_imp_stage2_s16_ipd8_addr8_l2_ddr4_2x,quick,imp,s16_ipd8_addr8,l2,ddr4_2x,0.008729,8729331930.0,24424723.0,26214210.0,0.932146,240499.0,9225301.0,4006.0,82824.0,,,,30347.0,24489.0,32.0,0.008962,sdist16,0.008729,1.0266926337495703,1.0266926337495703,1.0,0.026069501688887983,0.048367622911233456,30347.0,24489.0,32.0,0.8069660922002175,0.0010544699640821168,0.10182578721741047
quick_imp_stage2_s16_l2_ddr4_2x,quick,imp,s16,l2,ddr4_2x,0.008729,8729331930.0,24424723.0,26214210.0,0.932146,240499.0,9225301.0,4006.0,82824.0,,,,30347.0,24489.0,32.0,0.008962,sdist16,0.008729,1.0266926337495703,1.0266926337495703,1.0,0.026069501688887983,0.048367622911233456,30347.0,24489.0,32.0,0.8069660922002175,0.0010544699640821168,0.10182578721741047
matmult_imp_stage2_s16_pt8_sth2_l2_ddr4_1x,matmult,imp,s16_pt8_sth2,l2,ddr4_1x,0.001221,1220895882.0,7397876.0,3666354.0,2.017777,1158184.0,2138468.0,1925.0,1077465.0,,,,6462.0,3498.0,19.0,0.001238,sdist16,0.001225,1.010612244897959,1.0139230139230138,1.003276003276003,0.541595198057675,0.0017866009568756295,6462.0,3498.0,19.0,0.5413184772516249,0.002940266171463943,0.0030202454877636025
matmult_imp_stage2_s16_ipd16_pt32_l2_ddr4_2x,matmult,imp,s16_ipd16_pt32,l2,ddr4_2x,0.001214,1213927191.0,7397876.0,3645427.0,2.02936,1159562.0,2139089.0,1912.0,1078053.0,,,,6424.0,3499.0,14.0,0.00123,sdist16,0.001214,1.013179571663921,1.013179571663921,1.0,0.542082166754165,0.0017735677188412814,6424.0,3499.0,14.0,0.5446762141967622,0.0021793275217932753,0.003017518683778875
matmult_imp_stage2_s16_l2_ddr4_2x,matmult,imp,s16,l2,ddr4_2x,0.001214,1213927191.0,7397876.0,3645427.0,2.02936,1159562.0,2139089.0,1912.0,1078053.0,,,,6424.0,3499.0,14.0,0.00123,sdist16,0.001214,1.013179571663921,1.013179571663921,1.0,0.542082166754165,0.0017735677188412814,6424.0,3499.0,14.0,0.5446762141967622,0.0021793275217932753,0.003017518683778875
matmult_imp_stage2_s16_dist8_addr16_l2_ddr4_2x,matmult,imp,s16_dist8_addr16,l2,ddr4_2x,0.001214,1213927191.0,7397876.0,3645427.0,2.02936,1159562.0,2139089.0,1912.0,1078053.0,,,,6424.0,3499.0,14.0,0.00123,sdist16,0.001214,1.013179571663921,1.013179571663921,1.0,0.542082166754165,0.0017735677188412814,6424.0,3499.0,14.0,0.5446762141967622,0.0021793275217932753,0.003017518683778875
matmult_imp_stage2_s16_dist32_addr16_l2_ddr4_2x,matmult,imp,s16_dist32_addr16,l2,ddr4_2x,0.001214,1213927191.0,7397876.0,3645427.0,2.02936,1159562.0,2139089.0,1912.0,1078053.0,,,,6424.0,3499.0,14.0,0.00123,sdist16,0.001214,1.013179571663921,1.013179571663921,1.0,0.542082166754165,0.0017735677188412814,6424.0,3499.0,14.0,0.5446762141967622,0.0021793275217932753,0.003017518683778875
matmult_imp_stage2_s16_ipd8_addr8_l2_ddr4_2x,matmult,imp,s16_ipd8_addr8,l2,ddr4_2x,0.001214,1213927191.0,7397876.0,3645427.0,2.02936,1159562.0,2139089.0,1912.0,1078053.0,,,,6424.0,3499.0,14.0,0.00123,sdist16,0.001214,1.013179571663921,1.013179571663921,1.0,0.542082166754165,0.0017735677188412814,6424.0,3499.0,14.0,0.5446762141967622,0.0021793275217932753,0.003017518683778875
matmult_imp_stage2_s16_ipd8_addr8_l2_ddr4_1x,matmult,imp,s16_ipd8_addr8,l2,ddr4_1x,0.001225,1225199907.0,7397876.0,3679279.0,2.010689,1157985.0,2138080.0,1932.0,1076921.0,,,,6610.0,3480.0,5.0,0.001238,sdist16,0.001225,1.010612244897959,1.010612244897959,1.0,0.5416004078425504,0.0017940034598638154,6610.0,3480.0,5.0,0.5264750378214826,0.0007564296520423601,0.003005220274874027
matmult_imp_stage2_s16_ipd16_pt32_l2_ddr4_1x,matmult,imp,s16_ipd16_pt32,l2,ddr4_1x,0.001225,1225199907.0,7397876.0,3679279.0,2.010689,1157985.0,2138080.0,1932.0,1076921.0,,,,6610.0,3480.0,5.0,0.001238,sdist16,0.001225,1.010612244897959,1.010612244897959,1.0,0.5416004078425504,0.0017940034598638154,6610.0,3480.0,5.0,0.5264750378214826,0.0007564296520423601,0.003005220274874027
matmult_imp_stage2_s16_dist32_addr16_l2_ddr4_1x,matmult,imp,s16_dist32_addr16,l2,ddr4_1x,0.001225,1225199907.0,7397876.0,3679279.0,2.010689,1157985.0,2138080.0,1932.0,1076921.0,,,,6610.0,3480.0,5.0,0.001238,sdist16,0.001225,1.010612244897959,1.010612244897959,1.0,0.5416004078425504,0.0017940034598638154,6610.0,3480.0,5.0,0.5264750378214826,0.0007564296520423601,0.003005220274874027
matmult_imp_stage2_s16_ipd16_addr16_l2_ddr4_1x,matmult,imp,s16_ipd16_addr16,l2,ddr4_1x,0.001225,1225199907.0,7397876.0,3679279.0,2.010689,1157985.0,2138080.0,1932.0,1076921.0,,,,6610.0,3480.0,5.0,0.001238,sdist16,0.001225,1.010612244897959,1.010612244897959,1.0,0.5416004078425504,0.0017940034598638154,6610.0,3480.0,5.0,0.5264750378214826,0.0007564296520423601,0.003005220274874027
simple_triad_imp_stage2_s8_sth8_l1d_ddr4_1x,simple_triad,imp,s8_sth8,l1d,ddr4_1x,0.002772,2771957601.0,3509964.0,8324198.0,0.42166,1821918.0,2003765.0,375371.0,375381.0,949656.0,41411.0,,,,,0.00279,sthr8,0.002789,1.0003585514521334,1.0064935064935063,1.006132756132756,0.909247341878913,0.9999733603991677,949656.0,41411.0,0.0,0.04360631639246211,0.0,0.022729343472099182
simple_triad_imp_stage2_cons_s8_sth8_pt8_ipd8_l1d_ddr4_1x,simple_triad,imp,cons_s8_sth8_pt8_ipd8,l1d,ddr4_1x,0.002772,2771957601.0,3509964.0,8324198.0,0.42166,1821918.0,2003766.0,375371.0,375381.0,949656.0,41411.0,,,,,0.00279,sthr8,0.002789,1.0003585514521334,1.0064935064935063,1.006132756132756,0.9092468881096895,0.9999733603991677,949656.0,41411.0,0.0,0.04360631639246211,0.0,0.022729343472099182
simple_triad_imp_stage2_s8_pt8_sth8_l1d_ddr4_1x,simple_triad,imp,s8_pt8_sth8,l1d,ddr4_1x,0.002772,2771957601.0,3509964.0,8324198.0,0.42166,1821918.0,2003765.0,375371.0,375381.0,949656.0,41411.0,,,,,0.00279,sthr8,0.002789,1.0003585514521334,1.0064935064935063,1.006132756132756,0.909247341878913,0.9999733603991677,949656.0,41411.0,0.0,0.04360631639246211,0.0,0.022729343472099182
bfs_imp_stage2_s16_pt8_sth8_l2_ddr4_1x,bfs,imp,s16_pt8_sth8,l2,ddr4_1x,0.025505,25505128008.0,30729211.0,76591976.0,0.401207,6760531.0,11475077.0,1335441.0,3528847.0,,,,1839532.0,351612.0,809055.0,0.02562,sdist16,0.025506,1.0044695365796283,1.0045089198196433,1.0000392079984317,0.5891490749909565,0.37843550598821657,1839532.0,351612.0,809055.0,0.1911420948371651,0.43981567050749865,0.05200952410394982
bfs_imp_stage2_s16_ipd8_addr8_l2_ddr4_1x,bfs,imp,s16_ipd8_addr8,l2,ddr4_1x,0.025506,25505763705.0,30729211.0,76593885.0,0.401197,6759177.0,11471944.0,1336083.0,3528858.0,,,,1838477.0,351029.0,809468.0,0.02562,sdist16,0.025506,1.0044695365796283,1.0044695365796283,1.0,0.5891919451489651,0.3786162548903923,1838477.0,351029.0,809468.0,0.1909346703820608,0.44029269879362104,0.05193368956013432
bfs_imp_stage2_s16_dist32_addr16_l2_ddr4_1x,bfs,imp,s16_dist32_addr16,l2,ddr4_1x,0.025506,25505763705.0,30729211.0,76593885.0,0.401197,6759177.0,11471944.0,1336083.0,3528858.0,,,,1838477.0,351029.0,809468.0,0.02562,sdist16,0.025506,1.0044695365796283,1.0044695365796283,1.0,0.5891919451489651,0.3786162548903923,1838477.0,351029.0,809468.0,0.1909346703820608,0.44029269879362104,0.05193368956013432
bfs_imp_stage2_s16_ipd16_addr16_l2_ddr4_1x,bfs,imp,s16_ipd16_addr16,l2,ddr4_1x,0.025506,25505763705.0,30729211.0,76593885.0,0.401197,6759177.0,11471944.0,1336083.0,3528858.0,,,,1838477.0,351029.0,809468.0,0.02562,sdist16,0.025506,1.0044695365796283,1.0044695365796283,1.0,0.5891919451489651,0.3786162548903923,1838477.0,351029.0,809468.0,0.1909346703820608,0.44029269879362104,0.05193368956013432
bfs_imp_stage2_s16_l2_ddr4_1x,bfs,imp,s16,l2,ddr4_1x,0.025506,25505763705.0,30729211.0,76593885.0,0.401197,6759177.0,11471944.0,1336083.0,3528858.0,,,,1838477.0,351029.0,809468.0,0.02562,sdist16,0.025506,1.0044695365796283,1.0044695365796283,1.0,0.5891919451489651,0.3786162548903923,1838477.0,351029.0,809468.0,0.1909346703820608,0.44029269879362104,0.05193368956013432
simple_triad_imp_stage2_default_l1d_ddr4_1x,simple_triad,imp,default,l1d,ddr4_1x,0.00279,2790028845.0,3509962.0,8378466.0,0.418929,1984803.0,2003757.0,375369.0,375379.0,1684969.0,1639.0,,,,,0.00279,sthr8,0.002789,1.0003585514521334,1.0,0.9996415770609318,0.9905407691651233,0.9999733602572334,1684969.0,1639.0,0.0,0.0009727181924415227,0.0,0.0008257746486679031
simple_triad_imp_stage2_s2_sth8_l1d_ddr4_1x,simple_triad,imp,s2_sth8,l1d,ddr4_1x,0.002797,2797142058.0,3509943.0,8399827.0,0.417861,1997936.0,2003753.0,375363.0,375373.0,1206342.0,1.0,,,,,0.00279,sthr8,0.002789,1.0003585514521334,0.9974973185555953,0.997139792634966,0.9970969475778702,0.999973359831421,1206342.0,1.0,0.0,8.289523203204398e-07,0.0,5.005165330621201e-07
