run,benchmark,prefetcher,stage,config,pf_level,memory,simSeconds,simTicks,simInsts,numCycles,ipc,l1d_demand_misses,l1d_demand_accesses,l2_demand_misses,l2_demand_accesses,l1d_pf_issued,l1d_pf_useful,l1d_pf_unused,l2_pf_issued,l2_pf_useful,l2_pf_unused
bfs_imp3_s32_dist32_addr16_l2_ddr4_2x,bfs,imp,stage3,s32_dist32_addr16,l2,ddr4_2x,0.021006,21005588385.0,30729211.0,63079845.0,0.487148,6599597.0,11404095.0,1341934.0,3529215.0,nan,nan,nan,2196247.0,390524.0,1084991.0
bfs_imp3_s32_ipd8_addr8_l2_ddr4_1x,bfs,imp,stage3,s32_ipd8_addr8,l2,ddr4_1x,0.025464,25464035142.0,30729211.0,76468574.0,0.401855,6649503.0,11479109.0,1347715.0,3528375.0,nan,nan,nan,2115865.0,373340.0,1037232.0
bfs_imp3_s32_ipd8_addr8_l2_ddr4_2x,bfs,imp,stage3,s32_ipd8_addr8,l2,ddr4_2x,0.021006,21005588385.0,30729211.0,63079845.0,0.487148,6599597.0,11404095.0,1341934.0,3529215.0,nan,nan,nan,2196247.0,390524.0,1084991.0
bfs_imp3_s32_l2_ddr4_1x,bfs,imp,stage3,s32,l2,ddr4_1x,0.025464,25464035142.0,30729211.0,76468574.0,0.401855,6649503.0,11479109.0,1347715.0,3528375.0,nan,nan,nan,2115865.0,373340.0,1037232.0
bfs_imp3_s32_sth2_dist32_ipd16_addr16_l1d_ddr4_1x,bfs,imp,stage3,s32_sth2_dist32_ipd16_addr16,l1d,ddr4_1x,0.022779,22779044154.0,30729211.0,68405538.0,0.449222,5400379.0,11466497.0,2531089.0,6471582.0,5592023.0,457696.0,2736370.0,nan,nan,nan
bfs_imp3_s32_sth2_dist32_ipd16_addr16_l1d_ddr4_2x,bfs,imp,stage3,s32_sth2_dist32_ipd16_addr16,l1d,ddr4_2x,0.019525,19525198257.0,30729211.0,58634229.0,0.524084,5283128.0,11378411.0,2584866.0,6583178.0,5765647.0,473421.0,2845521.0,nan,nan,nan
bfs_imp3_s32_sth2_l1d_ddr4_2x,bfs,imp,stage3,s32_sth2,l1d,ddr4_2x,0.019525,19525198257.0,30729211.0,58634229.0,0.524084,5283128.0,11378411.0,2584866.0,6583178.0,5765647.0,473421.0,2845521.0,nan,nan,nan
bfs_imp3_s32_sth2_pt8_l1d_ddr4_1x,bfs,imp,stage3,s32_sth2_pt8,l1d,ddr4_1x,0.022778,22778496702.0,30729211.0,68403894.0,0.449232,5399795.0,11469225.0,2530049.0,6472188.0,5596692.0,459164.0,2736769.0,nan,nan,nan
bfs_imp3_s32_sth2_pt8_l1d_ddr4_2x,bfs,imp,stage3,s32_sth2_pt8,l1d,ddr4_2x,0.019517,19517148315.0,30729211.0,58610055.0,0.5243,5283000.0,11381265.0,2585402.0,6578470.0,5750517.0,472751.0,2840670.0,nan,nan,nan
bfs_imp3_s32_sth8_l1d_ddr4_1x,bfs,imp,stage3,s32_sth8,l1d,ddr4_1x,0.022792,22791683502.0,30729211.0,68443494.0,0.448972,5401864.0,11469457.0,2530323.0,6476667.0,5605502.0,457605.0,2741068.0,nan,nan,nan
bfs_imp3_s32_sth8_l2_ddr4_2x,bfs,imp,stage3,s32_sth8,l2,ddr4_2x,0.02101,21010059243.0,30729211.0,63093271.0,0.487045,6598048.0,11401816.0,1341420.0,3529106.0,nan,nan,nan,2193033.0,390594.0,1083404.0
bfs_imp3_s32_sth8_pt8_l2_ddr4_1x,bfs,imp,stage3,s32_sth8_pt8,l2,ddr4_1x,0.025476,25476268896.0,30729211.0,76505312.0,0.401662,6650942.0,11480353.0,1347316.0,3528310.0,nan,nan,nan,2115143.0,373421.0,1035949.0
bfs_imp3_s32_sth8_pt8_l2_ddr4_2x,bfs,imp,stage3,s32_sth8_pt8,l2,ddr4_2x,0.021012,21011696271.0,30729211.0,63098187.0,0.487007,6597804.0,11399880.0,1341545.0,3529166.0,nan,nan,nan,2194339.0,390502.0,1083962.0
bfs_imp3_s64_dist8_addr16_l2_ddr4_1x,bfs,imp,stage3,s64_dist8_addr16,l2,ddr4_1x,0.028237,28236898503.0,30729211.0,84795491.0,0.362392,7027264.0,11483661.0,1424342.0,3529156.0,nan,nan,nan,4733404.0,301798.0,1187861.0
bfs_imp3_s64_ipd8_addr8_l2_ddr4_2x,bfs,imp,stage3,s64_ipd8_addr8,l2,ddr4_2x,0.023171,23171348790.0,30729211.0,69583630.0,0.441616,6936493.0,11409439.0,1420965.0,3529163.0,nan,nan,nan,4844021.0,314644.0,1231128.0
bfs_imp3_s64_l2_ddr4_1x,bfs,imp,stage3,s64,l2,ddr4_1x,0.028237,28236898503.0,30729211.0,84795491.0,0.362392,7027264.0,11483661.0,1424342.0,3529156.0,nan,nan,nan,4733404.0,301798.0,1187861.0
bfs_imp3_s64_sth2_dist32_ipd16_l1d_ddr4_2x,bfs,imp,stage3,s64_sth2_dist32_ipd16,l1d,ddr4_2x,0.019647,19647393606.0,30729211.0,59001182.0,0.520824,5210884.0,11372144.0,2765231.0,6773010.0,6642435.0,481021.0,3028012.0,nan,nan,nan
bfs_imp3_s64_sth2_l1d_ddr4_1x,bfs,imp,stage3,s64_sth2,l1d,ddr4_1x,0.023093,23092920630.0,30729211.0,69348110.0,0.443116,5322826.0,11456684.0,2718362.0,6658368.0,6347669.0,465404.0,2915943.0,nan,nan,nan
bfs_imp3_s64_sth2_l1d_ddr4_2x,bfs,imp,stage3,s64_sth2,l1d,ddr4_2x,0.019647,19647393606.0,30729211.0,59001182.0,0.520824,5210884.0,11372144.0,2765231.0,6773010.0,6642435.0,481021.0,3028012.0,nan,nan,nan
bfs_imp3_s64_sth2_pt8_l1d_ddr4_1x,bfs,imp,stage3,s64_sth2_pt8,l1d,ddr4_1x,0.023083,23082834726.0,30729211.0,69317822.0,0.443309,5323217.0,11459117.0,2717754.0,6660706.0,6349986.0,465762.0,2918097.0,nan,nan,nan
bfs_imp3_s64_sth2_pt8_l1d_ddr4_2x,bfs,imp,stage3,s64_sth2_pt8,l1d,ddr4_2x,0.019642,19641823848.0,30729211.0,58984456.0,0.520972,5209520.0,11374718.0,2768633.0,6766812.0,6624785.0,481065.0,3021741.0,nan,nan,nan
bfs_imp3_s64_sth2_pt8_l2_ddr4_2x,bfs,imp,stage3,s64_sth2_pt8,l2,ddr4_2x,0.023173,23173206930.0,30729211.0,69589210.0,0.441581,6935201.0,11410363.0,1420615.0,3529166.0,nan,nan,nan,4842451.0,314700.0,1231544.0
bfs_imp3_s64_sth8_l1d_ddr4_1x,bfs,imp,stage3,s64_sth8,l1d,ddr4_1x,0.023068,23067887355.0,30729211.0,69272935.0,0.443597,5325134.0,11457869.0,2716274.0,6653938.0,6330939.0,465053.0,2911617.0,nan,nan,nan
bfs_imp3_s64_sth8_pt8_l1d_ddr4_2x,bfs,imp,stage3,s64_sth8_pt8,l1d,ddr4_2x,0.019671,19671380262.0,30729211.0,59073214.0,0.520189,5205845.0,11367670.0,2767225.0,6769711.0,6640238.0,482236.0,3024938.0,nan,nan,nan
bfs_imp3_s64_sth8_pt8_l2_ddr4_1x,bfs,imp,stage3,s64_sth8_pt8,l2,ddr4_1x,0.028232,28232451954.0,30729211.0,84782138.0,0.36245,7026474.0,11479817.0,1424262.0,3529154.0,nan,nan,nan,4720320.0,302046.0,1189485.0
bfs_imp3_s64_sth8_pt8_l2_ddr4_2x,bfs,imp,stage3,s64_sth8_pt8,l2,ddr4_2x,0.02317,23169954852.0,30729211.0,69579444.0,0.441643,6935172.0,11408477.0,1420468.0,3529080.0,nan,nan,nan,4834807.0,314868.0,1230294.0
matmult_imp3_s32_dist32_addr16_l1d_ddr4_1x,matmult,imp,stage3,s32_dist32_addr16,l1d,ddr4_1x,0.001212,1212481638.0,7397876.0,3641086.0,2.03178,1150786.0,2138452.0,5475.0,1082498.0,31305.0,2993.0,4715.0,nan,nan,nan
matmult_imp3_s32_dist32_addr16_l2_ddr4_1x,matmult,imp,stage3,s32_dist32_addr16,l2,ddr4_1x,0.001205,1204672788.0,7397871.0,3617636.0,2.044949,1158165.0,2136806.0,1669.0,1076248.0,nan,nan,nan,5773.0,3771.0,23.0
matmult_imp3_s32_dist32_addr16_l2_ddr4_2x,matmult,imp,stage3,s32_dist32_addr16,l2,ddr4_2x,0.001204,1203633495.0,7397876.0,3614515.0,2.046716,1159095.0,2138428.0,1618.0,1077370.0,nan,nan,nan,6106.0,3776.0,5.0
matmult_imp3_s32_dist8_addr16_l2_ddr4_2x,matmult,imp,stage3,s32_dist8_addr16,l2,ddr4_2x,0.001204,1203633495.0,7397876.0,3614515.0,2.046716,1159095.0,2138428.0,1618.0,1077370.0,nan,nan,nan,6106.0,3776.0,5.0
matmult_imp3_s32_ipd16_addr16_l2_ddr4_1x,matmult,imp,stage3,s32_ipd16_addr16,l2,ddr4_1x,0.001205,1204672788.0,7397871.0,3617636.0,2.044949,1158165.0,2136806.0,1669.0,1076248.0,nan,nan,nan,5773.0,3771.0,23.0
matmult_imp3_s32_ipd16_pt32_l2_ddr4_1x,matmult,imp,stage3,s32_ipd16_pt32,l2,ddr4_1x,0.001205,1204672788.0,7397871.0,3617636.0,2.044949,1158165.0,2136806.0,1669.0,1076248.0,nan,nan,nan,5773.0,3771.0,23.0
matmult_imp3_s32_ipd8_addr8_l1d_ddr4_1x,matmult,imp,stage3,s32_ipd8_addr8,l1d,ddr4_1x,nan,nan,nan,nan,nan,nan,nan,nan,nan,nan,nan,nan,nan,nan,nan
matmult_imp3_s32_ipd8_addr8_l2_ddr4_1x,matmult,imp,stage3,s32_ipd8_addr8,l2,ddr4_1x,0.001205,1204672788.0,7397871.0,3617636.0,2.044949,1158165.0,2136806.0,1669.0,1076248.0,nan,nan,nan,5773.0,3771.0,23.0
matmult_imp3_s32_ipd8_addr8_l2_ddr4_2x,matmult,imp,stage3,s32_ipd8_addr8,l2,ddr4_2x,0.001204,1203633495.0,7397876.0,3614515.0,2.046716,1159095.0,2138428.0,1618.0,1077370.0,nan,nan,nan,6106.0,3776.0,5.0
matmult_imp3_s32_l1d_ddr4_1x,matmult,imp,stage3,s32,l1d,ddr4_1x,0.001212,1212481638.0,7397876.0,3641086.0,2.03178,1150786.0,2138452.0,5475.0,1082498.0,31305.0,2993.0,4715.0,nan,nan,nan
matmult_imp3_s32_sth2_dist32_ipd16_l1d_ddr4_2x,matmult,imp,stage3,s32_sth2_dist32_ipd16,l1d,ddr4_2x,0.001222,1221808635.0,7397876.0,3669095.0,2.01627,1151259.0,2139717.0,5403.0,1082958.0,27139.0,3255.0,4548.0,nan,nan,nan
matmult_imp3_s32_sth2_l1d_ddr4_2x,matmult,imp,stage3,s32_sth2,l1d,ddr4_2x,0.001222,1221808635.0,7397876.0,3669095.0,2.01627,1151259.0,2139717.0,5403.0,1082958.0,27139.0,3255.0,4548.0,nan,nan,nan
matmult_imp3_s32_sth2_pt8_l1d_ddr4_2x,matmult,imp,stage3,s32_sth2_pt8,l1d,ddr4_2x,0.001222,1221808635.0,7397876.0,3669095.0,2.01627,1151259.0,2139717.0,5403.0,1082958.0,27139.0,3255.0,4548.0,nan,nan,nan
matmult_imp3_s32_sth8_pt8_l1d_ddr4_2x,matmult,imp,stage3,s32_sth8_pt8,l1d,ddr4_2x,0.001219,1219116996.0,7397876.0,3661012.0,2.020721,1148919.0,2138385.0,5381.0,1081880.0,27750.0,3257.0,4507.0,nan,nan,nan
matmult_imp3_s64_dist32_addr16_l1d_ddr4_1x,matmult,imp,stage3,s64_dist32_addr16,l1d,ddr4_1x,0.001207,1206685440.0,7397871.0,3623680.0,2.041538,1149126.0,2138238.0,5492.0,1082270.0,24225.0,3014.0,4710.0,nan,nan,nan
matmult_imp3_s64_dist8_addr16_l1d_ddr4_1x,matmult,imp,stage3,s64_dist8_addr16,l1d,ddr4_1x,0.001207,1206685440.0,7397871.0,3623680.0,2.041538,1149126.0,2138238.0,5492.0,1082270.0,24225.0,3014.0,4710.0,nan,nan,nan
matmult_imp3_s64_dist8_addr16_l2_ddr4_2x,matmult,imp,stage3,s64_dist8_addr16,l2,ddr4_2x,0.001236,1236110652.0,7397871.0,3712044.0,1.99294,1158899.0,2138288.0,2834.0,1077439.0,nan,nan,nan,45921.0,2559.0,20.0
matmult_imp3_s64_ipd16_addr16_l2_ddr4_1x,matmult,imp,stage3,s64_ipd16_addr16,l2,ddr4_1x,0.001241,1240896195.0,7397876.0,3726415.0,1.985255,1158773.0,2138946.0,2845.0,1077779.0,nan,nan,nan,45461.0,2559.0,23.0
matmult_imp3_s64_ipd16_addr16_l2_ddr4_2x,matmult,imp,stage3,s64_ipd16_addr16,l2,ddr4_2x,0.001236,1236110652.0,7397871.0,3712044.0,1.99294,1158899.0,2138288.0,2834.0,1077439.0,nan,nan,nan,45921.0,2559.0,20.0
matmult_imp3_s64_ipd16_pt32_l2_ddr4_1x,matmult,imp,stage3,s64_ipd16_pt32,l2,ddr4_1x,0.001241,1240896195.0,7397876.0,3726415.0,1.985255,1158773.0,2138946.0,2845.0,1077779.0,nan,nan,nan,45461.0,2559.0,23.0
matmult_imp3_s64_ipd8_addr8_l2_ddr4_1x,matmult,imp,stage3,s64_ipd8_addr8,l2,ddr4_1x,0.001241,1240896195.0,7397876.0,3726415.0,1.985255,1158773.0,2138946.0,2845.0,1077779.0,nan,nan,nan,45461.0,2559.0,23.0
matmult_imp3_s64_l1d_ddr4_1x,matmult,imp,stage3,s64,l1d,ddr4_1x,0.001207,1206685440.0,7397871.0,3623680.0,2.041538,1149126.0,2138238.0,5492.0,1082270.0,24225.0,3014.0,4710.0,nan,nan,nan
matmult_imp3_s64_l2_ddr4_2x,matmult,imp,stage3,s64,l2,ddr4_2x,0.001236,1236110652.0,7397871.0,3712044.0,1.99294,1158899.0,2138288.0,2834.0,1077439.0,nan,nan,nan,45921.0,2559.0,20.0
matmult_imp3_s64_sth2_dist32_ipd16_addr16_l1d_ddr4_2x,matmult,imp,stage3,s64_sth2_dist32_ipd16_addr16,l1d,ddr4_2x,0.001218,1218429684.0,7397876.0,3658948.0,2.021861,1150918.0,2140135.0,5413.0,1081955.0,21277.0,2954.0,3470.0,nan,nan,nan
matmult_imp3_s64_sth2_pt8_l1d_ddr4_2x,matmult,imp,stage3,s64_sth2_pt8,l1d,ddr4_2x,0.001218,1218429684.0,7397876.0,3658948.0,2.021861,1150918.0,2140135.0,5413.0,1081955.0,21277.0,2954.0,3470.0,nan,nan,nan
matmult_imp3_s64_sth2_pt8_l2_ddr4_1x,matmult,imp,stage3,s64_sth2_pt8,l2,ddr4_1x,0.001243,1243055367.0,7397876.0,3732899.0,1.981807,1160363.0,2139903.0,2994.0,1078546.0,nan,nan,nan,51618.0,2394.0,17.0
merge_imp3_s32_dist8_addr16_l1d_ddr4_1x,merge,imp,stage3,s32_dist8_addr16,l1d,ddr4_1x,0.009971,9971294724.0,37918829.0,29943828.0,1.266333,779785.0,10964064.0,73925.0,214938.0,210212.0,76526.0,7272.0,nan,nan,nan
merge_imp3_s32_dist8_addr16_l2_ddr4_2x,merge,imp,stage3,s32_dist8_addr16,l2,ddr4_2x,0.010051,10050759513.0,37919508.0,30182461.0,1.256344,848023.0,11105968.0,13428.0,201366.0,nan,nan,nan,91714.0,58643.0,357.0
merge_imp3_s32_ipd16_addr16_l1d_ddr4_1x,merge,imp,stage3,s32_ipd16_addr16,l1d,ddr4_1x,0.009971,9971294724.0,37918829.0,29943828.0,1.266333,779785.0,10964064.0,73925.0,214938.0,210212.0,76526.0,7272.0,nan,nan,nan
merge_imp3_s32_ipd16_addr16_l2_ddr4_1x,merge,imp,stage3,s32_ipd16_addr16,l2,ddr4_1x,0.010153,10152784386.0,37919464.0,30488842.0,1.243717,844646.0,11106045.0,17248.0,201240.0,nan,nan,nan,85093.0,54694.0,373.0
merge_imp3_s32_ipd8_addr8_l1d_ddr4_1x,merge,imp,stage3,s32_ipd8_addr8,l1d,ddr4_1x,0.009971,9971294724.0,37918829.0,29943828.0,1.266333,779785.0,10964064.0,73925.0,214938.0,210212.0,76526.0,7272.0,nan,nan,nan
merge_imp3_s32_ipd8_addr8_l2_ddr4_1x,merge,imp,stage3,s32_ipd8_addr8,l2,ddr4_1x,0.010153,10152784386.0,37919464.0,30488842.0,1.243717,844646.0,11106045.0,17248.0,201240.0,nan,nan,nan,85093.0,54694.0,373.0
merge_imp3_s32_l2_ddr4_2x,merge,imp,stage3,s32,l2,ddr4_2x,0.010051,10050759513.0,37919508.0,30182461.0,1.256344,848023.0,11105968.0,13428.0,201366.0,nan,nan,nan,91714.0,58643.0,357.0
merge_imp3_s32_sth2_dist32_ipd16_addr16_l1d_ddr4_2x,merge,imp,stage3,s32_sth2_dist32_ipd16_addr16,l1d,ddr4_2x,0.009923,9923241492.0,37918834.0,29799524.0,1.272466,773211.0,10964189.0,73919.0,215015.0,216109.0,76960.0,7334.0,nan,nan,nan
merge_imp3_s32_sth2_dist32_ipd16_l2_ddr4_2x,merge,imp,stage3,s32_sth2_dist32_ipd16,l2,ddr4_2x,0.010051,10050687918.0,37919536.0,30182246.0,1.256354,848012.0,11105982.0,13421.0,201367.0,nan,nan,nan,91741.0,58651.0,391.0
merge_imp3_s32_sth2_l1d_ddr4_2x,merge,imp,stage3,s32_sth2,l1d,ddr4_2x,0.009923,9923241492.0,37918834.0,29799524.0,1.272466,773211.0,10964189.0,73919.0,215015.0,216109.0,76960.0,7334.0,nan,nan,nan
merge_imp3_s32_sth8_l1d_ddr4_2x,merge,imp,stage3,s32_sth8,l1d,ddr4_2x,0.009922,9921603798.0,37918829.0,29794606.0,1.272676,770952.0,10964267.0,73686.0,214411.0,214165.0,77236.0,6962.0,nan,nan,nan
merge_imp3_s32_sth8_pt8_l1d_ddr4_1x,merge,imp,stage3,s32_sth8_pt8,l1d,ddr4_1x,0.009968,9967776912.0,37918829.0,29933264.0,1.26678,779345.0,10964256.0,73439.0,213524.0,202153.0,75622.0,6754.0,nan,nan,nan
merge_imp3_s64_dist32_addr16_l2_ddr4_1x,merge,imp,stage3,s64_dist32_addr16,l2,ddr4_1x,0.010573,10573056360.0,37919492.0,31750920.0,1.194281,893147.0,11163710.0,24937.0,201511.0,nan,nan,nan,605153.0,47255.0,335.0
merge_imp3_s64_dist32_addr16_l2_ddr4_2x,merge,imp,stage3,s64_dist32_addr16,l2,ddr4_2x,0.010401,10401107481.0,37919564.0,31234557.0,1.214027,892264.0,11157468.0,24554.0,201392.0,nan,nan,nan,600627.0,47524.0,337.0
merge_imp3_s64_dist8_addr16_l2_ddr4_2x,merge,imp,stage3,s64_dist8_addr16,l2,ddr4_2x,0.010401,10401107481.0,37919564.0,31234557.0,1.214027,892264.0,11157468.0,24554.0,201392.0,nan,nan,nan,600627.0,47524.0,337.0
merge_imp3_s64_ipd16_addr16_l1d_ddr4_1x,merge,imp,stage3,s64_ipd16_addr16,l1d,ddr4_1x,0.010113,10113311898.0,37919439.0,30370306.0,1.248571,798466.0,10959649.0,73792.0,214239.0,368099.0,70950.0,6858.0,nan,nan,nan
merge_imp3_s64_ipd8_addr8_l1d_ddr4_1x,merge,imp,stage3,s64_ipd8_addr8,l1d,ddr4_1x,0.010113,10113311898.0,37919439.0,30370306.0,1.248571,798466.0,10959649.0,73792.0,214239.0,368099.0,70950.0,6858.0,nan,nan,nan
merge_imp3_s64_ipd8_addr8_l2_ddr4_1x,merge,imp,stage3,s64_ipd8_addr8,l2,ddr4_1x,0.010573,10573056360.0,37919492.0,31750920.0,1.194281,893147.0,11163710.0,24937.0,201511.0,nan,nan,nan,605153.0,47255.0,335.0
merge_imp3_s64_l2_ddr4_1x,merge,imp,stage3,s64,l2,ddr4_1x,0.010573,10573056360.0,37919492.0,31750920.0,1.194281,893147.0,11163710.0,24937.0,201511.0,nan,nan,nan,605153.0,47255.0,335.0
merge_imp3_s64_sth2_dist32_ipd16_addr16_l2_ddr4_2x,merge,imp,stage3,s64_sth2_dist32_ipd16_addr16,l2,ddr4_2x,0.010401,10401033555.0,37919564.0,31234335.0,1.214036,892246.0,11157424.0,24547.0,201392.0,nan,nan,nan,600664.0,47531.0,378.0
merge_imp3_s64_sth2_dist32_ipd16_l1d_ddr4_2x,merge,imp,stage3,s64_sth2_dist32_ipd16,l1d,ddr4_2x,0.010072,10071841743.0,37919536.0,30245771.0,1.253715,788238.0,10959161.0,73812.0,214590.0,368746.0,72417.0,7008.0,nan,nan,nan
merge_imp3_s64_sth2_l1d_ddr4_2x,merge,imp,stage3,s64_sth2,l1d,ddr4_2x,0.010072,10071841743.0,37919536.0,30245771.0,1.253715,788238.0,10959161.0,73812.0,214590.0,368746.0,72417.0,7008.0,nan,nan,nan
merge_imp3_s64_sth8_l1d_ddr4_2x,merge,imp,stage3,s64_sth8,l1d,ddr4_2x,0.010072,10071926325.0,37919536.0,30246025.0,1.253705,789626.0,10959367.0,73659.0,214282.0,368372.0,71861.0,6830.0,nan,nan,nan
merge_imp3_s64_sth8_pt8_l1d_ddr4_1x,merge,imp,stage3,s64_sth8_pt8,l1d,ddr4_1x,0.01012,10120441095.0,37919455.0,30391715.0,1.247692,797795.0,10959687.0,73334.0,212085.0,345458.0,69569.0,6095.0,nan,nan,nan
merge_imp3_s64_sth8_pt8_l1d_ddr4_2x,merge,imp,stage3,s64_sth8_pt8,l1d,ddr4_2x,0.010067,10067462460.0,37919489.0,30232620.0,1.254259,787414.0,10959189.0,73329.0,212160.0,348480.0,71210.0,6091.0,nan,nan,nan
quick_imp3_s32_dist32_addr16_l1d_ddr4_1x,quick,imp,stage3,s32_dist32_addr16,l1d,ddr4_1x,0.008422,8421500070.0,24424723.0,25289790.0,0.966219,48062.0,9161629.0,28509.0,86918.0,174498.0,74561.0,2246.0,nan,nan,nan
quick_imp3_s32_dist32_addr16_l1d_ddr4_2x,quick,imp,stage3,s32_dist32_addr16,l1d,ddr4_2x,0.008388,8388313290.0,24424723.0,25190130.0,0.970042,46732.0,9161063.0,28533.0,86999.0,172896.0,74633.0,2323.0,nan,nan,nan
quick_imp3_s32_dist32_addr16_l2_ddr4_1x,quick,imp,stage3,s32_dist32_addr16,l2,ddr4_1x,0.008652,8652488517.0,24424723.0,25983449.0,0.940425,234259.0,9220556.0,2191.0,82825.0,nan,nan,nan,28315.0,26303.0,19.0
quick_imp3_s32_dist32_addr16_l2_ddr4_2x,quick,imp,stage3,s32_dist32_addr16,l2,ddr4_2x,0.008626,8626164534.0,24424723.0,25904398.0,0.943295,233143.0,9219528.0,2193.0,82824.0,nan,nan,nan,28397.0,26300.0,19.0
quick_imp3_s32_dist8_addr16_l2_ddr4_1x,quick,imp,stage3,s32_dist8_addr16,l2,ddr4_1x,0.008652,8652488517.0,24424723.0,25983449.0,0.940425,234259.0,9220556.0,2191.0,82825.0,nan,nan,nan,28315.0,26303.0,19.0
quick_imp3_s32_dist8_addr16_l2_ddr4_2x,quick,imp,stage3,s32_dist8_addr16,l2,ddr4_2x,0.008626,8626164534.0,24424723.0,25904398.0,0.943295,233143.0,9219528.0,2193.0,82824.0,nan,nan,nan,28397.0,26300.0,19.0
quick_imp3_s32_ipd16_addr16_l1d_ddr4_2x,quick,imp,stage3,s32_ipd16_addr16,l1d,ddr4_2x,0.008388,8388313290.0,24424723.0,25190130.0,0.970042,46732.0,9161063.0,28533.0,86999.0,172896.0,74633.0,2323.0,nan,nan,nan
quick_imp3_s32_ipd8_addr8_l1d_ddr4_1x,quick,imp,stage3,s32_ipd8_addr8,l1d,ddr4_1x,0.008422,8421500070.0,24424723.0,25289790.0,0.966219,48062.0,9161629.0,28509.0,86918.0,174498.0,74561.0,2246.0,nan,nan,nan
quick_imp3_s32_ipd8_addr8_l1d_ddr4_2x,quick,imp,stage3,s32_ipd8_addr8,l1d,ddr4_2x,0.008388,8388313290.0,24424723.0,25190130.0,0.970042,46732.0,9161063.0,28533.0,86999.0,172896.0,74633.0,2323.0,nan,nan,nan
quick_imp3_s32_l1d_ddr4_2x,quick,imp,stage3,s32,l1d,ddr4_2x,0.008388,8388313290.0,24424723.0,25190130.0,0.970042,46732.0,9161063.0,28533.0,86999.0,172896.0,74633.0,2323.0,nan,nan,nan
quick_imp3_s32_l2_ddr4_1x,quick,imp,stage3,s32,l2,ddr4_1x,0.008652,8652488517.0,24424723.0,25983449.0,0.940425,234259.0,9220556.0,2191.0,82825.0,nan,nan,nan,28315.0,26303.0,19.0
quick_imp3_s32_sth2_dist32_ipd16_addr16_l2_ddr4_2x,quick,imp,stage3,s32_sth2_dist32_ipd16_addr16,l2,ddr4_2x,0.008626,8625947085.0,24424723.0,25903745.0,0.943319,233112.0,9219504.0,2186.0,82824.0,nan,nan,nan,28502.0,26307.0,80.0
quick_imp3_s32_sth8_pt8_l1d_ddr4_1x,quick,imp,stage3,s32_sth8_pt8,l1d,ddr4_1x,0.008424,8424332568.0,24424723.0,25298296.0,0.965894,49278.0,9162190.0,28496.0,86831.0,175146.0,74182.0,2177.0,nan,nan,nan
quick_imp3_s64_dist32_addr16_l1d_ddr4_1x,quick,imp,stage3,s64_dist32_addr16,l1d,ddr4_1x,0.008574,8574307110.0,24424718.0,25748670.0,0.949,61833.0,9162792.0,28526.0,88458.0,562922.0,64160.0,3343.0,nan,nan,nan
quick_imp3_s64_dist32_addr16_l1d_ddr4_2x,quick,imp,stage3,s64_dist32_addr16,l1d,ddr4_2x,0.00853,8529559902.0,24424723.0,25614294.0,0.953978,62716.0,9163570.0,28565.0,88446.0,574801.0,64072.0,3333.0,nan,nan,nan
quick_imp3_s64_dist32_addr16_l2_ddr4_1x,quick,imp,stage3,s64_dist32_addr16,l2,ddr4_1x,0.009208,9207651465.0,24424723.0,27650605.0,0.883723,276429.0,9250449.0,14225.0,82826.0,nan,nan,nan,428071.0,14280.0,75.0
quick_imp3_s64_dist8_addr16_l1d_ddr4_2x,quick,imp,stage3,s64_dist8_addr16,l1d,ddr4_2x,0.00853,8529559902.0,24424723.0,25614294.0,0.953978,62716.0,9163570.0,28565.0,88446.0,574801.0,64072.0,3333.0,nan,nan,nan
quick_imp3_s64_dist8_addr16_l2_ddr4_1x,quick,imp,stage3,s64_dist8_addr16,l2,ddr4_1x,0.009208,9207651465.0,24424723.0,27650605.0,0.883723,276429.0,9250449.0,14225.0,82826.0,nan,nan,nan,428071.0,14280.0,75.0
quick_imp3_s64_dist8_addr16_l2_ddr4_2x,quick,imp,stage3,s64_dist8_addr16,l2,ddr4_2x,0.009118,9117588285.0,24424718.0,27380145.0,0.892452,274945.0,9249248.0,14307.0,82820.0,nan,nan,nan,431589.0,14195.0,75.0
quick_imp3_s64_ipd16_addr16_l2_ddr4_1x,quick,imp,stage3,s64_ipd16_addr16,l2,ddr4_1x,0.009208,9207651465.0,24424723.0,27650605.0,0.883723,276429.0,9250449.0,14225.0,82826.0,nan,nan,nan,428071.0,14280.0,75.0
quick_imp3_s64_ipd8_addr8_l1d_ddr4_1x,quick,imp,stage3,s64_ipd8_addr8,l1d,ddr4_1x,0.008574,8574307110.0,24424718.0,25748670.0,0.949,61833.0,9162792.0,28526.0,88458.0,562922.0,64160.0,3343.0,nan,nan,nan
quick_imp3_s64_ipd8_addr8_l1d_ddr4_2x,quick,imp,stage3,s64_ipd8_addr8,l1d,ddr4_2x,0.00853,8529559902.0,24424723.0,25614294.0,0.953978,62716.0,9163570.0,28565.0,88446.0,574801.0,64072.0,3333.0,nan,nan,nan
quick_imp3_s64_l2_ddr4_1x,quick,imp,stage3,s64,l2,ddr4_1x,0.009208,9207651465.0,24424723.0,27650605.0,0.883723,276429.0,9250449.0,14225.0,82826.0,nan,nan,nan,428071.0,14280.0,75.0
quick_imp3_s64_l2_ddr4_2x,quick,imp,stage3,s64,l2,ddr4_2x,0.009118,9117588285.0,24424718.0,27380145.0,0.892452,274945.0,9249248.0,14307.0,82820.0,nan,nan,nan,431589.0,14195.0,75.0
quick_imp3_s64_sth2_dist32_ipd16_l2_ddr4_2x,quick,imp,stage3,s64_sth2_dist32_ipd16,l2,ddr4_2x,0.009114,9114279597.0,24424718.0,27370209.0,0.892776,274941.0,9249244.0,14279.0,82821.0,nan,nan,nan,430967.0,14224.0,152.0
quick_imp3_s64_sth2_pt8_l1d_ddr4_1x,quick,imp,stage3,s64_sth2_pt8,l1d,ddr4_1x,0.008574,8574048369.0,24424718.0,25747893.0,0.949028,61762.0,9162753.0,28535.0,88453.0,566247.0,64188.0,3334.0,nan,nan,nan
simple_triad_imp3_s32_l2_ddr4_1x,simple_triad,imp,stage3,s32,l2,ddr4_1x,0.002905,2905487937.0,3509962.0,8725190.0,0.402281,1855130.0,2003754.0,178025.0,372154.0,nan,nan,nan,544006.0,194119.0,367.0
simple_triad_imp3_s32_sth2_dist32_ipd16_addr16_l1d_ddr4_2x,simple_triad,imp,stage3,s32_sth2_dist32_ipd16_addr16,l1d,ddr4_2x,0.002066,2065527405.0,3510106.0,6202785.0,0.565895,1419061.0,2003798.0,375412.0,375422.0,575459.0,139125.0,2.0,nan,nan,nan
simple_triad_imp3_s32_sth2_dist32_ipd16_l2_ddr4_2x,simple_triad,imp,stage3,s32_sth2_dist32_ipd16,l2,ddr4_2x,0.001765,1764783783.0,3510115.0,5299651.0,0.662333,1904487.0,2003830.0,139906.0,373481.0,nan,nan,nan,572652.0,233565.0,647.0
simple_triad_imp3_s32_sth2_l1d_ddr4_2x,simple_triad,imp,stage3,s32_sth2,l1d,ddr4_2x,0.002066,2065527405.0,3510106.0,6202785.0,0.565895,1419061.0,2003798.0,375412.0,375422.0,575459.0,139125.0,2.0,nan,nan,nan
simple_triad_imp3_s32_sth2_l2_ddr4_1x,simple_triad,imp,stage3,s32_sth2,l2,ddr4_1x,0.002899,2899447983.0,3509996.0,8707052.0,0.403123,1854587.0,2003782.0,178136.0,372167.0,nan,nan,nan,543370.0,194020.0,388.0
simple_triad_imp3_s32_sth2_l2_ddr4_2x,simple_triad,imp,stage3,s32_sth2,l2,ddr4_2x,0.001765,1764783783.0,3510115.0,5299651.0,0.662333,1904487.0,2003830.0,139906.0,373481.0,nan,nan,nan,572652.0,233565.0,647.0
simple_triad_imp3_s32_sth2_pt8_l2_ddr4_2x,simple_triad,imp,stage3,s32_sth2_pt8,l2,ddr4_2x,0.001765,1764783783.0,3510115.0,5299651.0,0.662333,1904487.0,2003830.0,139906.0,373481.0,nan,nan,nan,572652.0,233565.0,647.0
simple_triad_imp3_s32_sth8_ipd8_pt8_l1d_ddr4_1x,simple_triad,imp,stage3,s32_sth8_ipd8_pt8,l1d,ddr4_1x,0.002919,2918625786.0,3509939.0,8764643.0,0.400468,1506870.0,2003757.0,375414.0,375424.0,521554.0,118169.0,5.0,nan,nan,nan
simple_triad_imp3_s32_sth8_l1d_ddr4_1x,simple_triad,imp,stage3,s32_sth8,l1d,ddr4_1x,0.002919,2918625786.0,3509939.0,8764643.0,0.400468,1506870.0,2003757.0,375414.0,375424.0,521554.0,118169.0,5.0,nan,nan,nan
simple_triad_imp3_s32_sth8_l1d_ddr4_2x,simple_triad,imp,stage3,s32_sth8,l1d,ddr4_2x,0.002059,2059492113.0,3510138.0,6184661.0,0.567558,1423829.0,2003822.0,375413.0,375423.0,570418.0,138120.0,3.0,nan,nan,nan
simple_triad_imp3_s32_sth8_pt8_l1d_ddr4_1x,simple_triad,imp,stage3,s32_sth8_pt8,l1d,ddr4_1x,0.002919,2918625786.0,3509939.0,8764643.0,0.400468,1506870.0,2003756.0,375414.0,375424.0,521554.0,118169.0,5.0,nan,nan,nan
simple_triad_imp3_s64_ipd8_addr8_l2_ddr4_2x,simple_triad,imp,stage3,s64_ipd8_addr8,l2,ddr4_2x,0.002119,2119175037.0,3510140.0,6363889.0,0.551574,1946425.0,2003839.0,171420.0,367780.0,nan,nan,nan,1577201.0,196349.0,1427.0
simple_triad_imp3_s64_l1d_ddr4_1x,simple_triad,imp,stage3,s64,l1d,ddr4_1x,0.002878,2878299819.0,3509962.0,8643544.0,0.406081,1463924.0,2003757.0,375411.0,375421.0,429489.0,125668.0,2.0,nan,nan,nan
simple_triad_imp3_s64_l2_ddr4_1x,simple_triad,imp,stage3,s64,l2,ddr4_1x,0.002969,2969391636.0,3509888.0,8917093.0,0.393615,1953002.0,2003739.0,189922.0,370420.0,nan,nan,nan,1754349.0,180488.0,481.0
simple_triad_imp3_s64_sth2_dist32_ipd16_addr16_l1d_ddr4_2x,simple_triad,imp,stage3,s64_sth2_dist32_ipd16_addr16,l1d,ddr4_2x,0.001997,1996618383.0,3510105.0,5995851.0,0.585425,1368084.0,2003827.0,375410.0,375420.0,546229.0,150715.0,1.0,nan,nan,nan
simple_triad_imp3_s64_sth2_dist32_ipd16_addr16_l2_ddr4_2x,simple_triad,imp,stage3,s64_sth2_dist32_ipd16_addr16,l2,ddr4_2x,0.002099,2099066832.0,3510080.0,6303504.0,0.556849,1946602.0,2003831.0,172699.0,368074.0,nan,nan,nan,1626872.0,195365.0,1331.0
simple_triad_imp3_s64_sth2_dist32_ipd16_l1d_ddr4_2x,simple_triad,imp,stage3,s64_sth2_dist32_ipd16,l1d,ddr4_2x,0.001997,1996618383.0,3510105.0,5995851.0,0.585425,1368084.0,2003827.0,375410.0,375420.0,546229.0,150715.0,1.0,nan,nan,nan
simple_triad_imp3_s64_sth2_dist32_ipd16_l2_ddr4_2x,simple_triad,imp,stage3,s64_sth2_dist32_ipd16,l2,ddr4_2x,0.002099,2099066832.0,3510080.0,6303504.0,0.556849,1946602.0,2003831.0,172699.0,368074.0,nan,nan,nan,1626872.0,195365.0,1331.0
simple_triad_imp3_s64_sth2_l2_ddr4_1x,simple_triad,imp,stage3,s64_sth2,l2,ddr4_1x,0.002961,2961207828.0,3509889.0,8892517.0,0.394703,1953673.0,2003743.0,189609.0,370381.0,nan,nan,nan,1751709.0,180762.0,466.0
simple_triad_imp3_s64_sth8_l2_ddr4_1x,simple_triad,imp,stage3,s64_sth8,l2,ddr4_1x,0.002974,2973831525.0,3509865.0,8930426.0,0.393025,1953723.0,2003728.0,189817.0,370351.0,nan,nan,nan,1755313.0,180524.0,491.0
simple_triad_imp3_s64_sth8_pt8_l1d_ddr4_1x,simple_triad,imp,stage3,s64_sth8_pt8,l1d,ddr4_1x,0.002875,2875243545.0,3509934.0,8634366.0,0.40651,1455529.0,2003762.0,375409.0,375419.0,430205.0,127937.0,2.0,nan,nan,nan
simple_triad_imp3_s64_sth8_pt8_l1d_ddr4_2x,simple_triad,imp,stage3,s64_sth8_pt8,l1d,ddr4_2x,0.001992,1991676996.0,3510081.0,5981012.0,0.586874,1368674.0,2003842.0,375407.0,375417.0,545558.0,150579.0,1.0,nan,nan,nan
simple_triad_imp3_s64_sth8_pt8_l2_ddr4_1x,simple_triad,imp,stage3,s64_sth8_pt8,l2,ddr4_1x,0.002974,2973831525.0,3509865.0,8930426.0,0.393025,1953723.0,2003729.0,189817.0,370351.0,nan,nan,nan,1755313.0,180524.0,491.0
spmv_imp3_s32_dist32_addr16_l1d_ddr4_1x,spmv,imp,stage3,s32_dist32_addr16,l1d,ddr4_1x,0.005947,5947402311.0,11279576.0,17860067.0,0.632896,1965987.0,4825810.0,670330.0,3758296.0,2681006.0,154397.0,2017355.0,nan,nan,nan
spmv_imp3_s32_dist8_addr16_l1d_ddr4_1x,spmv,imp,stage3,s32_dist8_addr16,l1d,ddr4_1x,0.005947,5947402311.0,11279576.0,17860067.0,0.632896,1965987.0,4825810.0,670330.0,3758296.0,2681006.0,154397.0,2017355.0,nan,nan,nan
spmv_imp3_s32_dist8_addr16_l1d_ddr4_2x,spmv,imp,stage3,s32_dist8_addr16,l1d,ddr4_2x,0.005347,5346691956.0,11279576.0,16056132.0,0.704003,1966423.0,4825954.0,671176.0,3755065.0,2672913.0,154709.0,2014339.0,nan,nan,nan
spmv_imp3_s32_ipd16_addr16_l1d_ddr4_1x,spmv,imp,stage3,s32_ipd16_addr16,l1d,ddr4_1x,0.005947,5947402311.0,11279576.0,17860067.0,0.632896,1965987.0,4825810.0,670330.0,3758296.0,2681006.0,154397.0,2017355.0,nan,nan,nan
spmv_imp3_s32_ipd16_addr16_l1d_ddr4_2x,spmv,imp,stage3,s32_ipd16_addr16,l1d,ddr4_2x,0.005347,5346691956.0,11279576.0,16056132.0,0.704003,1966423.0,4825954.0,671176.0,3755065.0,2672913.0,154709.0,2014339.0,nan,nan,nan
spmv_imp3_s32_ipd8_addr8_l1d_ddr4_1x,spmv,imp,stage3,s32_ipd8_addr8,l1d,ddr4_1x,0.005947,5947402311.0,11279576.0,17860067.0,0.632896,1965987.0,4825810.0,670330.0,3758296.0,2681006.0,154397.0,2017355.0,nan,nan,nan
spmv_imp3_s32_l1d_ddr4_2x,spmv,imp,stage3,s32,l1d,ddr4_2x,0.005347,5346691956.0,11279576.0,16056132.0,0.704003,1966423.0,4825954.0,671176.0,3755065.0,2672913.0,154709.0,2014339.0,nan,nan,nan
spmv_imp3_s32_l2_ddr4_2x,spmv,imp,stage3,s32,l2,ddr4_2x,0.005306,5305850838.0,11279581.0,15933486.0,0.709423,2257792.0,4827545.0,344719.0,1687035.0,nan,nan,nan,378862.0,207267.0,16939.0
spmv_imp3_s32_sth2_dist32_ipd16_addr16_l2_ddr4_2x,spmv,imp,stage3,s32_sth2_dist32_ipd16_addr16,l2,ddr4_2x,0.005304,5304447909.0,11279581.0,15929273.0,0.70961,2258183.0,4827520.0,344646.0,1687026.0,nan,nan,nan,378169.0,207279.0,16856.0
spmv_imp3_s32_sth2_dist32_ipd16_l2_ddr4_2x,spmv,imp,stage3,s32_sth2_dist32_ipd16,l2,ddr4_2x,0.005304,5304447909.0,11279581.0,15929273.0,0.70961,2258183.0,4827520.0,344646.0,1687026.0,nan,nan,nan,378169.0,207279.0,16856.0
spmv_imp3_s32_sth8_l2_ddr4_1x,spmv,imp,stage3,s32_sth8,l2,ddr4_1x,0.005975,5975163855.0,11279576.0,17943435.0,0.629956,2258345.0,4827549.0,343390.0,1687040.0,nan,nan,nan,362184.0,208415.0,16822.0
spmv_imp3_s32_sth8_pt8_l2_ddr4_1x,spmv,imp,stage3,s32_sth8_pt8,l2,ddr4_1x,0.005975,5975163855.0,11279576.0,17943435.0,0.629956,2258345.0,4827549.0,343390.0,1687040.0,nan,nan,nan,362184.0,208415.0,16822.0
spmv_imp3_s64_dist32_addr16_l1d_ddr4_2x,spmv,imp,stage3,s64_dist32_addr16,l1d,ddr4_2x,0.005405,5405276313.0,11279581.0,16232061.0,0.696373,1964970.0,4826064.0,689032.0,3793542.0,2751404.0,161294.0,2052213.0,nan,nan,nan
spmv_imp3_s64_dist32_addr16_l2_ddr4_2x,spmv,imp,stage3,s64_dist32_addr16,l2,ddr4_2x,0.006896,6896186577.0,11279576.0,20709269.0,0.545822,3120225.0,4826316.0,434773.0,1686692.0,nan,nan,nan,3172149.0,123248.0,19519.0
spmv_imp3_s64_dist8_addr16_l2_ddr4_2x,spmv,imp,stage3,s64_dist8_addr16,l2,ddr4_2x,0.006896,6896186577.0,11279576.0,20709269.0,0.545822,3120225.0,4826316.0,434773.0,1686692.0,nan,nan,nan,3172149.0,123248.0,19519.0
spmv_imp3_s64_ipd16_addr16_l1d_ddr4_1x,spmv,imp,stage3,s64_ipd16_addr16,l1d,ddr4_1x,0.006022,6021581391.0,11279581.0,18082827.0,0.6251,1963440.0,4825858.0,689851.0,3795924.0,2763913.0,161436.0,2054671.0,nan,nan,nan
spmv_imp3_s64_ipd16_addr16_l1d_ddr4_2x,spmv,imp,stage3,s64_ipd16_addr16,l1d,ddr4_2x,0.005405,5405276313.0,11279581.0,16232061.0,0.696373,1964970.0,4826064.0,689032.0,3793542.0,2751404.0,161294.0,2052213.0,nan,nan,nan
spmv_imp3_s64_ipd8_addr8_l1d_ddr4_1x,spmv,imp,stage3,s64_ipd8_addr8,l1d,ddr4_1x,0.006022,6021581391.0,11279581.0,18082827.0,0.6251,1963440.0,4825858.0,689851.0,3795924.0,2763913.0,161436.0,2054671.0,nan,nan,nan
spmv_imp3_s64_ipd8_addr8_l1d_ddr4_2x,spmv,imp,stage3,s64_ipd8_addr8,l1d,ddr4_2x,0.005405,5405276313.0,11279581.0,16232061.0,0.696373,1964970.0,4826064.0,689032.0,3793542.0,2751404.0,161294.0,2052213.0,nan,nan,nan
spmv_imp3_s64_l1d_ddr4_2x,spmv,imp,stage3,s64,l1d,ddr4_2x,0.005405,5405276313.0,11279581.0,16232061.0,0.696373,1964970.0,4826064.0,689032.0,3793542.0,2751404.0,161294.0,2052213.0,nan,nan,nan
spmv_imp3_s64_sth2_dist32_ipd16_addr16_l2_ddr4_2x,spmv,imp,stage3,s64_sth2_dist32_ipd16_addr16,l2,ddr4_2x,0.006894,6893888877.0,11279581.0,20702369.0,0.546004,3119918.0,4826199.0,434805.0,1686688.0,nan,nan,nan,3171444.0,123269.0,19621.0
spmv_imp3_s64_sth2_dist32_ipd16_l2_ddr4_1x,spmv,imp,stage3,s64_sth2_dist32_ipd16,l2,ddr4_1x,0.007965,7965388305.0,11279581.0,23920085.0,0.472556,3126701.0,4826246.0,434989.0,1686666.0,nan,nan,nan,3163915.0,123012.0,19612.0
spmv_imp3_s64_sth2_l2_ddr4_1x,spmv,imp,stage3,s64_sth2,l2,ddr4_1x,0.007965,7965388305.0,11279581.0,23920085.0,0.472556,3126701.0,4826246.0,434989.0,1686666.0,nan,nan,nan,3163915.0,123012.0,19612.0
spmv_imp3_s64_sth8_pt8_l2_ddr4_1x,spmv,imp,stage3,s64_sth8_pt8,l2,ddr4_1x,0.007968,7968287403.0,11279576.0,23928791.0,0.472384,3127097.0,4826252.0,434976.0,1686662.0,nan,nan,nan,3164915.0,122986.0,19564.0
