run,benchmark,prefetcher,config,pf_level,memory,simSeconds,simTicks,simInsts,numCycles,ipc,l1d_demand_misses,l1d_demand_accesses,l2_demand_misses,l2_demand_accesses,l1d_pf_issued,l1d_pf_useful,l1d_pf_unused,l2_pf_issued,l2_pf_useful,l2_pf_unused
bfs_nextline_deg16_l1d_ddr4_1x,bfs,nextline,deg16,l1d,ddr4_1x,0.023275,23274763605.0,30729211.0,69894185.0,0.439654,5200348.0,11446800.0,3479610.0,7648184.0,6740115.0,419075.0,3884197.0,nan,nan,nan
bfs_nextline_deg16_l1d_ddr4_2x,bfs,nextline,deg16,l1d,ddr4_2x,0.019859,19859121999.0,30729211.0,59637003.0,0.515271,5096372.0,11347755.0,3692527.0,7951682.0,7462401.0,435508.0,4180636.0,nan,nan,nan
bfs_nextline_deg16_l2_ddr4_1x,bfs,nextline,deg16,l2,ddr4_1x,0.026315,26315215776.0,30729211.0,79024672.0,0.388856,6604593.0,11511624.0,1342287.0,3523274.0,nan,nan,nan,9259383.0,589670.0,2731058.0
bfs_nextline_deg16_l2_ddr4_2x,bfs,nextline,deg16,l2,ddr4_2x,0.020907,20906845560.0,30729211.0,62783320.0,0.489449,6518309.0,11414972.0,1325066.0,3523454.0,nan,nan,nan,10711215.0,646323.0,3106860.0
bfs_nextline_deg1_l1d_ddr4_1x,bfs,nextline,deg1,l1d,ddr4_1x,0.023908,23908478256.0,30729211.0,71797232.0,0.428,6936610.0,11506194.0,2466157.0,6390265.0,4927580.0,184279.0,2660407.0,nan,nan,nan
bfs_nextline_deg1_l1d_ddr4_2x,bfs,nextline,deg1,l1d,ddr4_2x,0.021037,21037421520.0,30729211.0,63175440.0,0.486411,6737614.0,11391944.0,2466815.0,6390960.0,4884812.0,197327.0,2661154.0,nan,nan,nan
bfs_nextline_deg1_l2_ddr4_1x,bfs,nextline,deg1,l2,ddr4_1x,0.024144,24144054111.0,30729211.0,72504667.0,0.423824,6741970.0,11505483.0,1420245.0,3524039.0,nan,nan,nan,1645588.0,278485.0,783983.0
bfs_nextline_deg1_l2_ddr4_2x,bfs,nextline,deg1,l2,ddr4_2x,0.021106,21106054818.0,30729211.0,63381546.0,0.48483,6677220.0,11388244.0,1411112.0,3523905.0,nan,nan,nan,1646875.0,287566.0,784009.0
bfs_nextline_deg32_l1d_ddr4_1x,bfs,nextline,deg32,l1d,ddr4_1x,0.022919,22918670721.0,30729211.0,68824837.0,0.446485,5020571.0,11444511.0,3389548.0,7312125.0,6975209.0,448416.0,3559860.0,nan,nan,nan
bfs_nextline_deg32_l1d_ddr4_2x,bfs,nextline,deg32,l1d,ddr4_2x,0.019459,19459133388.0,30729211.0,58435836.0,0.525863,4914174.0,11336483.0,3610428.0,7613314.0,7615469.0,465306.0,3852565.0,nan,nan,nan
bfs_nextline_deg32_l2_ddr4_1x,bfs,nextline,deg32,l2,ddr4_1x,0.026243,26242863534.0,30729211.0,78807398.0,0.389928,6547379.0,11508867.0,1321578.0,3522678.0,nan,nan,nan,10556828.0,590579.0,2579215.0
bfs_nextline_deg32_l2_ddr4_2x,bfs,nextline,deg32,l2,ddr4_2x,0.020535,20535092352.0,30729211.0,61666944.0,0.49831,6469977.0,11418719.0,1302356.0,3523366.0,nan,nan,nan,12750135.0,653595.0,2992167.0
bfs_nextline_deg4_l1d_ddr4_1x,bfs,nextline,deg4,l1d,ddr4_1x,0.024231,24230725020.0,30729211.0,72764940.0,0.422308,5860222.0,11465453.0,3502823.0,8485713.0,7072168.0,332156.0,4688318.0,nan,nan,nan
bfs_nextline_deg4_l1d_ddr4_2x,bfs,nextline,deg4,l1d,ddr4_2x,0.02099,20989573083.0,30729211.0,63031751.0,0.48752,5711533.0,11372821.0,3654338.0,8658208.0,7416661.0,342681.0,4858107.0,nan,nan,nan
bfs_nextline_deg4_l2_ddr4_1x,bfs,nextline,deg4,l2,ddr4_1x,0.027062,27061750494.0,30729211.0,81266518.0,0.378129,6630274.0,11509161.0,1359174.0,3523350.0,nan,nan,nan,5717185.0,561793.0,2418924.0
bfs_nextline_deg4_l2_ddr4_2x,bfs,nextline,deg4,l2,ddr4_2x,0.022181,22181436027.0,30729211.0,66610919.0,0.461324,6521975.0,11397529.0,1356165.0,3523532.0,nan,nan,nan,6035996.0,590773.0,2556291.0
bfs_nextline_deg8_l1d_ddr4_1x,bfs,nextline,deg8,l1d,ddr4_1x,0.02384,23840158644.0,30729211.0,71592068.0,0.429227,5444897.0,11453838.0,3554498.0,8154868.0,6909392.0,382864.0,4371189.0,nan,nan,nan
bfs_nextline_deg8_l1d_ddr4_2x,bfs,nextline,deg8,l1d,ddr4_2x,0.020497,20496624192.0,30729211.0,61551424.0,0.499245,5334756.0,11359985.0,3755241.0,8425399.0,7413920.0,394277.0,4636093.0,nan,nan,nan
bfs_nextline_deg8_l2_ddr4_1x,bfs,nextline,deg8,l2,ddr4_1x,0.026743,26743076820.0,30729211.0,80309540.0,0.382635,6633585.0,11516410.0,1354027.0,3523148.0,nan,nan,nan,7563020.0,588720.0,2802331.0
bfs_nextline_deg8_l2_ddr4_2x,bfs,nextline,deg8,l2,ddr4_2x,0.021661,21661298352.0,30729211.0,65048944.0,0.472402,6534368.0,11408707.0,1347464.0,3523209.0,nan,nan,nan,8424839.0,633145.0,3135844.0
matmult_nextline_deg16_l1d_ddr4_1x,matmult,nextline,deg16,l1d,ddr4_1x,0.001263,1262651085.0,7397871.0,3791745.0,1.951049,1150111.0,2139376.0,5626.0,1102288.0,140026.0,7123.0,24239.0,nan,nan,nan
matmult_nextline_deg16_l1d_ddr4_2x,matmult,nextline,deg16,l1d,ddr4_2x,0.001245,1244588499.0,7397876.0,3737503.0,1.979366,1147573.0,2137884.0,5603.0,1091310.0,56325.0,7518.0,14059.0,nan,nan,nan
matmult_nextline_deg16_l2_ddr4_1x,matmult,nextline,deg16,l2,ddr4_1x,0.001166,1166183982.0,7397871.0,3502054.0,2.11244,1159905.0,2139475.0,817.0,1078422.0,nan,nan,nan,68519.0,4804.0,255.0
matmult_nextline_deg16_l2_ddr4_2x,matmult,nextline,deg16,l2,ddr4_2x,0.001158,1157959881.0,7397871.0,3477357.0,2.127443,1159977.0,2139479.0,803.0,1078422.0,nan,nan,nan,69087.0,4824.0,303.0
matmult_nextline_deg1_l1d_ddr4_1x,matmult,nextline,deg1,l1d,ddr4_1x,0.001262,1261844226.0,7397876.0,3789322.0,1.952298,1157993.0,2137475.0,5448.0,1118219.0,53469.0,9478.0,39572.0,nan,nan,nan
matmult_nextline_deg1_l1d_ddr4_2x,matmult,nextline,deg1,l1d,ddr4_2x,0.001271,1271346381.0,7397871.0,3817857.0,1.937705,1157158.0,2138600.0,5387.0,1118339.0,53082.0,9480.0,39403.0,nan,nan,nan
matmult_nextline_deg1_l2_ddr4_1x,matmult,nextline,deg1,l2,ddr4_1x,0.001199,1199258208.0,7397876.0,3601376.0,2.054183,1160502.0,2138778.0,2471.0,1078158.0,nan,nan,nan,5315.0,3032.0,40.0
matmult_nextline_deg1_l2_ddr4_2x,matmult,nextline,deg1,l2,ddr4_2x,0.001207,1207241883.0,7397871.0,3625351.0,2.040597,1159286.0,2138738.0,2382.0,1077826.0,nan,nan,nan,5278.0,3077.0,40.0
matmult_nextline_deg32_l1d_ddr4_1x,matmult,nextline,deg32,l1d,ddr4_1x,0.001257,1256978763.0,7397871.0,3774711.0,1.959853,1146112.0,2134353.0,5720.0,1094354.0,123103.0,7741.0,18665.0,nan,nan,nan
matmult_nextline_deg32_l1d_ddr4_2x,matmult,nextline,deg32,l1d,ddr4_2x,0.001256,1255654422.0,7397871.0,3770734.0,1.96192,1149180.0,2136563.0,5750.0,1095684.0,117999.0,7461.0,18734.0,nan,nan,nan
matmult_nextline_deg32_l2_ddr4_1x,matmult,nextline,deg32,l2,ddr4_1x,0.001165,1165004163.0,7397876.0,3498511.0,2.114581,1160529.0,2139538.0,899.0,1078479.0,nan,nan,nan,105613.0,4711.0,285.0
matmult_nextline_deg32_l2_ddr4_2x,matmult,nextline,deg32,l2,ddr4_2x,0.001159,1158733440.0,7397876.0,3479680.0,2.126025,1159848.0,2139536.0,821.0,1078484.0,nan,nan,nan,110481.0,4775.0,318.0
matmult_nextline_deg4_l1d_ddr4_1x,matmult,nextline,deg4,l1d,ddr4_1x,0.001243,1242562860.0,7397871.0,3731420.0,1.982591,1147590.0,2137794.0,5438.0,1096637.0,39694.0,13538.0,19030.0,nan,nan,nan
matmult_nextline_deg4_l1d_ddr4_2x,matmult,nextline,deg4,l1d,ddr4_2x,0.001258,1257900174.0,7397876.0,3777478.0,1.958419,1145626.0,2136626.0,5359.0,1095392.0,39360.0,13108.0,18886.0,nan,nan,nan
matmult_nextline_deg4_l2_ddr4_1x,matmult,nextline,deg4,l2,ddr4_1x,0.001178,1177770051.0,7397885.0,3536847.0,2.091664,1159291.0,2137050.0,1963.0,1076134.0,nan,nan,nan,19754.0,3579.0,133.0
matmult_nextline_deg4_l2_ddr4_2x,matmult,nextline,deg4,l2,ddr4_2x,0.001191,1190569572.0,7397871.0,3575284.0,2.069173,1159217.0,2138752.0,1823.0,1078207.0,nan,nan,nan,19601.0,3652.0,128.0
matmult_nextline_deg8_l1d_ddr4_1x,matmult,nextline,deg8,l1d,ddr4_1x,0.001235,1235433330.0,7397871.0,3710010.0,1.994032,1147789.0,2137464.0,5514.0,1088987.0,29421.0,8886.0,11843.0,nan,nan,nan
matmult_nextline_deg8_l1d_ddr4_2x,matmult,nextline,deg8,l1d,ddr4_2x,0.001235,1235068695.0,7397871.0,3708915.0,1.994621,1145837.0,2133833.0,5481.0,1086249.0,25062.0,8702.0,10760.0,nan,nan,nan
matmult_nextline_deg8_l2_ddr4_1x,matmult,nextline,deg8,l2,ddr4_1x,0.001169,1169209620.0,7397876.0,3511140.0,2.106975,1159742.0,2139221.0,895.0,1078203.0,nan,nan,nan,37418.0,4679.0,220.0
matmult_nextline_deg8_l2_ddr4_2x,matmult,nextline,deg8,l2,ddr4_2x,0.001174,1173530961.0,7397876.0,3524117.0,2.099217,1163204.0,2139521.0,824.0,1078406.0,nan,nan,nan,37445.0,4698.0,222.0
merge_nextline_deg16_l1d_ddr4_1x,merge,nextline,deg16,l1d,ddr4_1x,0.009816,9815895612.0,37918841.0,29477164.0,1.286382,573538.0,10925243.0,73368.0,218213.0,5421794.0,113679.0,8423.0,nan,nan,nan
merge_nextline_deg16_l1d_ddr4_2x,merge,nextline,deg16,l1d,ddr4_2x,0.009838,9838271547.0,37918841.0,29544359.0,1.283456,571248.0,10925195.0,73389.0,218221.0,5347278.0,113755.0,8422.0,nan,nan,nan
merge_nextline_deg16_l2_ddr4_1x,merge,nextline,deg16,l2,ddr4_1x,0.010084,10083848391.0,37919515.0,30281827.0,1.252222,831983.0,11098990.0,26125.0,201607.0,nan,nan,nan,1006193.0,46524.0,1340.0
merge_nextline_deg16_l2_ddr4_2x,merge,nextline,deg16,l2,ddr4_2x,0.010088,10087628940.0,37919465.0,30293180.0,1.251751,830496.0,11098936.0,26104.0,201589.0,nan,nan,nan,1006391.0,46546.0,1348.0
merge_nextline_deg1_l1d_ddr4_1x,merge,nextline,deg1,l1d,ddr4_1x,0.00988,9879570540.0,37918841.0,29668380.0,1.278091,590530.0,10937349.0,72190.0,202823.0,475530.0,104597.0,573.0,nan,nan,nan
merge_nextline_deg1_l1d_ddr4_2x,merge,nextline,deg1,l1d,ddr4_2x,0.00988,9880469307.0,37918841.0,29671079.0,1.277975,564372.0,10930427.0,72192.0,202825.0,451120.0,107263.0,573.0,nan,nan,nan
merge_nextline_deg1_l2_ddr4_1x,merge,nextline,deg1,l2,ddr4_1x,0.010108,10108433115.0,37919543.0,30355655.0,1.249177,855326.0,11104348.0,30043.0,201558.0,nan,nan,nan,71039.0,42129.0,141.0
merge_nextline_deg1_l2_ddr4_2x,merge,nextline,deg1,l2,ddr4_2x,0.010115,10115084457.0,37919518.0,30375629.0,1.248355,839428.0,11101229.0,27903.0,201564.0,nan,nan,nan,71049.0,44279.0,144.0
merge_nextline_deg32_l1d_ddr4_1x,merge,nextline,deg32,l1d,ddr4_1x,0.009816,9815724117.0,37918841.0,29476649.0,1.286404,586838.0,10925066.0,73778.0,227423.0,7498052.0,116406.0,12487.0,nan,nan,nan
merge_nextline_deg32_l1d_ddr4_2x,merge,nextline,deg32,l1d,ddr4_2x,0.009836,9836422731.0,37918841.0,29538807.0,1.283697,585615.0,10924984.0,73777.0,227606.0,7238599.0,116537.0,12575.0,nan,nan,nan
merge_nextline_deg32_l2_ddr4_1x,merge,nextline,deg32,l2,ddr4_1x,0.010081,10081299276.0,37919468.0,30274172.0,1.252537,832440.0,11098344.0,26270.0,201606.0,nan,nan,nan,1703918.0,46693.0,1643.0
merge_nextline_deg32_l2_ddr4_2x,merge,nextline,deg32,l2,ddr4_2x,0.010085,10085284287.0,37919496.0,30286139.0,1.252043,830985.0,11098275.0,26264.0,201601.0,nan,nan,nan,1687135.0,46715.0,1768.0
merge_nextline_deg4_l1d_ddr4_1x,merge,nextline,deg4,l1d,ddr4_1x,0.009814,9813850659.0,37918841.0,29471023.0,1.28665,558619.0,10925125.0,72468.0,206346.0,1589994.0,111054.0,2253.0,nan,nan,nan
merge_nextline_deg4_l1d_ddr4_2x,merge,nextline,deg4,l1d,ddr4_2x,0.009832,9831896262.0,37918836.0,29525214.0,1.284288,555781.0,10924923.0,72464.0,206343.0,1561289.0,111203.0,2253.0,nan,nan,nan
merge_nextline_deg4_l2_ddr4_1x,merge,nextline,deg4,l2,ddr4_1x,0.010069,10068504750.0,37919543.0,30235750.0,1.254131,836280.0,11098971.0,26312.0,201563.0,nan,nan,nan,277774.0,45960.0,469.0
merge_nextline_deg4_l2_ddr4_2x,merge,nextline,deg4,l2,ddr4_2x,0.010075,10074579003.0,37919543.0,30253991.0,1.253375,833865.0,11098933.0,26243.0,201566.0,nan,nan,nan,277787.0,46031.0,476.0
merge_nextline_deg8_l1d_ddr4_1x,merge,nextline,deg8,l1d,ddr4_1x,0.009818,9818179326.0,37918841.0,29484022.0,1.286082,559215.0,10926874.0,72797.0,210506.0,2729045.0,112393.0,4542.0,nan,nan,nan
merge_nextline_deg8_l1d_ddr4_2x,merge,nextline,deg8,l1d,ddr4_2x,0.009837,9837491661.0,37918841.0,29542017.0,1.283558,557255.0,10924725.0,72806.0,210567.0,2937907.0,112439.0,4521.0,nan,nan,nan
merge_nextline_deg8_l2_ddr4_1x,merge,nextline,deg8,l2,ddr4_1x,0.01008,10079787123.0,37919496.0,30269631.0,1.252725,832317.0,11100835.0,26015.0,201464.0,nan,nan,nan,538373.0,46378.0,823.0
merge_nextline_deg8_l2_ddr4_2x,merge,nextline,deg8,l2,ddr4_2x,0.010083,10082649924.0,37919515.0,30278228.0,1.25237,830441.0,11098936.0,25963.0,201580.0,nan,nan,nan,538431.0,46436.0,837.0
quick_nextline_deg16_l1d_ddr4_1x,quick,nextline,deg16,l1d,ddr4_1x,0.008228,8228261502.0,24424730.0,24709494.0,0.988911,8368.0,9130786.0,28841.0,88708.0,1176477.0,82587.0,3760.0,nan,nan,nan
quick_nextline_deg16_l1d_ddr4_2x,quick,nextline,deg16,l1d,ddr4_2x,0.008223,8222522247.0,24424725.0,24692259.0,0.989601,8386.0,9130822.0,28843.0,88691.0,1176617.0,82584.0,3744.0,nan,nan,nan
quick_nextline_deg16_l2_ddr4_1x,quick,nextline,deg16,l2,ddr4_1x,0.008572,8571501585.0,24424730.0,25740245.0,0.949311,227985.0,9206180.0,785.0,82878.0,nan,nan,nan,394618.0,27726.0,1155.0
quick_nextline_deg16_l2_ddr4_2x,quick,nextline,deg16,l2,ddr4_2x,0.00855,8550381726.0,24424725.0,25676822.0,0.951655,227922.0,9206153.0,761.0,82875.0,nan,nan,nan,394872.0,27747.0,1170.0
quick_nextline_deg1_l1d_ddr4_1x,quick,nextline,deg1,l1d,ddr4_1x,0.008491,8490551283.0,24424730.0,25497151.0,0.958362,97309.0,9178882.0,28522.0,83192.0,161779.0,69551.0,220.0,nan,nan,nan
quick_nextline_deg1_l1d_ddr4_2x,quick,nextline,deg1,l1d,ddr4_2x,0.008398,8398454805.0,24424725.0,25220585.0,0.968871,96444.0,9177598.0,28520.0,83191.0,161310.0,69807.0,221.0,nan,nan,nan
quick_nextline_deg1_l2_ddr4_1x,quick,nextline,deg1,l2,ddr4_1x,0.008752,8751997908.0,24424730.0,26282276.0,0.929733,273976.0,9238749.0,9510.0,82878.0,nan,nan,nan,28044.0,18984.0,139.0
quick_nextline_deg1_l2_ddr4_2x,quick,nextline,deg1,l2,ddr4_2x,0.008669,8669334321.0,24424730.0,26034037.0,0.938598,272660.0,9237505.0,8876.0,82881.0,nan,nan,nan,28047.0,19621.0,139.0
quick_nextline_deg32_l1d_ddr4_1x,quick,nextline,deg32,l1d,ddr4_1x,0.008227,8226964134.0,24424730.0,24705598.0,0.989067,8155.0,9130645.0,28938.0,92808.0,1970185.0,83684.0,6714.0,nan,nan,nan
quick_nextline_deg32_l1d_ddr4_2x,quick,nextline,deg32,l1d,ddr4_2x,0.008223,8222858244.0,24424725.0,24693268.0,0.989561,8103.0,9130616.0,28943.0,92944.0,2001816.0,83693.0,6841.0,nan,nan,nan
quick_nextline_deg32_l2_ddr4_1x,quick,nextline,deg32,l2,ddr4_1x,0.008572,8571626127.0,24424730.0,25740619.0,0.949297,227769.0,9206000.0,784.0,82876.0,nan,nan,nan,667113.0,27726.0,1372.0
quick_nextline_deg32_l2_ddr4_2x,quick,nextline,deg32,l2,ddr4_2x,0.008551,8550895878.0,24424730.0,25678366.0,0.951598,227727.0,9205983.0,740.0,82875.0,nan,nan,nan,671382.0,27769.0,1462.0
quick_nextline_deg4_l1d_ddr4_1x,quick,nextline,deg4,l1d,ddr4_1x,0.00826,8260298100.0,24424725.0,24805700.0,0.985075,13166.0,9133503.0,28623.0,84251.0,353558.0,80463.0,885.0,nan,nan,nan
quick_nextline_deg4_l1d_ddr4_2x,quick,nextline,deg4,l1d,ddr4_2x,0.00825,8249741334.0,24424725.0,24773998.0,0.986336,10209.0,9131640.0,28618.0,84247.0,343262.0,80738.0,884.0,nan,nan,nan
quick_nextline_deg4_l2_ddr4_1x,quick,nextline,deg4,l2,ddr4_1x,0.008586,8585824914.0,24424725.0,25783258.0,0.947727,230213.0,9207885.0,1267.0,82880.0,nan,nan,nan,109499.0,27234.0,441.0
quick_nextline_deg4_l2_ddr4_2x,quick,nextline,deg4,l2,ddr4_2x,0.00857,8569606149.0,24424730.0,25734553.0,0.949521,228493.0,9206515.0,1031.0,82882.0,nan,nan,nan,109515.0,27472.0,441.0
quick_nextline_deg8_l1d_ddr4_1x,quick,nextline,deg8,l1d,ddr4_1x,0.008231,8230798296.0,24424725.0,24717112.0,0.988606,8609.0,9130858.0,28715.0,85612.0,654062.0,81396.0,1806.0,nan,nan,nan
quick_nextline_deg8_l1d_ddr4_2x,quick,nextline,deg8,l1d,ddr4_2x,0.008228,8227567197.0,24424730.0,24707409.0,0.988994,8517.0,9130891.0,28719.0,85618.0,653485.0,81411.0,1808.0,nan,nan,nan
quick_nextline_deg8_l2_ddr4_1x,quick,nextline,deg8,l2,ddr4_1x,0.008567,8566759998.0,24424725.0,25726006.0,0.949836,228062.0,9206201.0,802.0,82874.0,nan,nan,nan,211744.0,27697.0,756.0
quick_nextline_deg8_l2_ddr4_2x,quick,nextline,deg8,l2,ddr4_2x,0.008554,8553619818.0,24424725.0,25686546.0,0.951295,228082.0,9206197.0,799.0,82874.0,nan,nan,nan,211778.0,27700.0,756.0
simple_triad_nextline_deg16_l1d_ddr4_1x,simple_triad,nextline,deg16,l1d,ddr4_1x,0.002871,2871428364.0,3509930.0,8622909.0,0.407049,1463055.0,2003799.0,375808.0,375920.0,535436.0,111753.0,460.0,nan,nan,nan
simple_triad_nextline_deg16_l1d_ddr4_2x,simple_triad,nextline,deg16,l1d,ddr4_2x,0.001937,1937361033.0,3510094.0,5817901.0,0.60333,1202264.0,2003877.0,375810.0,375944.0,769512.0,164111.0,495.0,nan,nan,nan
simple_triad_nextline_deg16_l2_ddr4_1x,simple_triad,nextline,deg16,l2,ddr4_1x,0.002558,2557693080.0,3509957.0,7680760.0,0.456983,1705076.0,2003856.0,203206.0,374131.0,nan,nan,nan,881104.0,170915.0,234.0
simple_triad_nextline_deg16_l2_ddr4_2x,simple_triad,nextline,deg16,l2,ddr4_2x,0.001603,1603404324.0,3510077.0,4815028.0,0.728987,1791935.0,2003905.0,153347.0,374527.0,nan,nan,nan,1148744.0,221170.0,240.0
simple_triad_nextline_deg1_l1d_ddr4_1x,simple_triad,nextline,deg1,l1d,ddr4_1x,0.002829,2828842326.0,3509962.0,8495023.0,0.413181,1947982.0,2003780.0,375411.0,375421.0,1430230.0,5932.0,14.0,nan,nan,nan
simple_triad_nextline_deg1_l1d_ddr4_2x,simple_triad,nextline,deg1,l1d,ddr4_2x,0.002203,2202851943.0,3510082.0,6615171.0,0.530614,1993219.0,2003861.0,375409.0,375419.0,1393158.0,553.0,14.0,nan,nan,nan
simple_triad_nextline_deg1_l2_ddr4_1x,simple_triad,nextline,deg1,l2,ddr4_1x,0.002801,2800587942.0,3509929.0,8410175.0,0.417345,1990371.0,2003820.0,364007.0,375382.0,nan,nan,nan,369497.0,11364.0,19.0
simple_triad_nextline_deg1_l2_ddr4_2x,simple_triad,nextline,deg1,l2,ddr4_2x,0.002198,2198247219.0,3510106.0,6601343.0,0.531729,1993291.0,2003890.0,374501.0,375379.0,nan,nan,nan,369496.0,868.0,19.0
simple_triad_nextline_deg32_l1d_ddr4_1x,simple_triad,nextline,deg32,l1d,ddr4_1x,0.002846,2846146338.0,3509913.0,8546987.0,0.410663,1364883.0,2003796.0,375905.0,376211.0,907521.0,126459.0,697.0,nan,nan,nan
simple_triad_nextline_deg32_l1d_ddr4_2x,simple_triad,nextline,deg32,l1d,ddr4_2x,0.001919,1919434977.0,3510084.0,5764069.0,0.608963,1213692.0,2003869.0,375920.0,376173.0,1174029.0,151206.0,687.0,nan,nan,nan
simple_triad_nextline_deg32_l2_ddr4_1x,simple_triad,nextline,deg32,l2,ddr4_1x,0.003013,3013011639.0,3509923.0,9048084.0,0.387921,1943878.0,2003835.0,130436.0,375206.0,nan,nan,nan,3462984.0,244760.0,131.0
simple_triad_nextline_deg32_l2_ddr4_2x,simple_triad,nextline,deg32,l2,ddr4_2x,0.002099,2098729836.0,3510069.0,6302492.0,0.556936,1945219.0,2003878.0,129216.0,375043.0,nan,nan,nan,3821737.0,245817.0,187.0
simple_triad_nextline_deg4_l1d_ddr4_1x,simple_triad,nextline,deg4,l1d,ddr4_1x,0.002637,2636526168.0,3509906.0,7917497.0,0.443312,1931944.0,2003784.0,375529.0,375548.0,490421.0,9050.0,92.0,nan,nan,nan
simple_triad_nextline_deg4_l1d_ddr4_2x,simple_triad,nextline,deg4,l1d,ddr4_2x,0.001926,1926037368.0,3510145.0,5783896.0,0.606886,1775233.0,2003862.0,375536.0,375555.0,931097.0,39578.0,92.0,nan,nan,nan
simple_triad_nextline_deg4_l2_ddr4_1x,simple_triad,nextline,deg4,l2,ddr4_1x,0.002435,2435488407.0,3509939.0,7313779.0,0.47991,1973047.0,2003835.0,351403.0,375376.0,nan,nan,nan,1029970.0,23963.0,71.0
simple_triad_nextline_deg4_l2_ddr4_2x,simple_triad,nextline,deg4,l2,ddr4_2x,0.00177,1769639922.0,3510105.0,5314234.0,0.660513,1952139.0,2003926.0,320432.0,375378.0,nan,nan,nan,1225969.0,54936.0,70.0
simple_triad_nextline_deg8_l1d_ddr4_1x,simple_triad,nextline,deg8,l1d,ddr4_1x,0.002671,2670695631.0,3509911.0,8020108.0,0.437641,1889932.0,2003785.0,375660.0,375726.0,380814.0,16894.0,282.0,nan,nan,nan
simple_triad_nextline_deg8_l1d_ddr4_2x,simple_triad,nextline,deg8,l1d,ddr4_2x,0.001948,1948084965.0,3510087.0,5850105.0,0.600007,1748816.0,2003857.0,375664.0,375733.0,450118.0,44464.0,288.0,nan,nan,nan
simple_triad_nextline_deg8_l2_ddr4_1x,simple_triad,nextline,deg8,l2,ddr4_1x,0.002381,2381158458.0,3510062.0,7150626.0,0.490877,1968478.0,2003886.0,337389.0,375375.0,nan,nan,nan,526192.0,37976.0,138.0
simple_triad_nextline_deg8_l2_ddr4_2x,simple_triad,nextline,deg8,l2,ddr4_2x,0.001541,1541219904.0,3510083.0,4628288.0,0.758402,1962503.0,2003908.0,336557.0,375372.0,nan,nan,nan,574939.0,38805.0,138.0
spmv_nextline_deg16_l1d_ddr4_1x,spmv,nextline,deg16,l1d,ddr4_1x,0.006083,6083091486.0,11279581.0,18267542.0,0.618779,1922298.0,4825272.0,688456.0,4444713.0,3465356.0,166523.0,2693965.0,nan,nan,nan
spmv_nextline_deg16_l1d_ddr4_2x,spmv,nextline,deg16,l1d,ddr4_2x,0.00547,5470351173.0,11279576.0,16427481.0,0.688089,1924455.0,4825802.0,686163.0,4378819.0,3418090.0,167080.0,2628956.0,nan,nan,nan
spmv_nextline_deg16_l2_ddr4_1x,spmv,nextline,deg16,l2,ddr4_1x,0.008094,8094322575.0,11279800.0,24307275.0,0.465038,2233489.0,4828750.0,211576.0,1687286.0,nan,nan,nan,8975311.0,628415.0,376656.0
spmv_nextline_deg16_l2_ddr4_2x,spmv,nextline,deg16,l2,ddr4_2x,0.006653,6653146527.0,11279581.0,19979419.0,0.565761,2235367.0,4828623.0,209904.0,1687259.0,nan,nan,nan,9355447.0,638797.0,394143.0
spmv_nextline_deg1_l1d_ddr4_1x,spmv,nextline,deg1,l1d,ddr4_1x,0.007798,7797941253.0,11279581.0,23417241.0,0.482703,2860747.0,4827087.0,607299.0,3138486.0,2590012.0,77841.0,1409398.0,nan,nan,nan
spmv_nextline_deg1_l1d_ddr4_2x,spmv,nextline,deg1,l1d,ddr4_2x,0.007089,7088844060.0,11279576.0,21287820.0,0.530988,3017243.0,4827214.0,607519.0,3138580.0,2687721.0,74709.0,1409561.0,nan,nan,nan
spmv_nextline_deg1_l2_ddr4_1x,spmv,nextline,deg1,l2,ddr4_1x,0.008012,8011537776.0,11279795.0,24058672.0,0.469843,2718115.0,4827563.0,433674.0,1687025.0,nan,nan,nan,548239.0,123707.0,19279.0
spmv_nextline_deg1_l2_ddr4_2x,spmv,nextline,deg1,l2,ddr4_2x,0.007314,7313754591.0,11279581.0,21963227.0,0.514659,2831030.0,4827867.0,435829.0,1687002.0,nan,nan,nan,548282.0,121566.0,19291.0
spmv_nextline_deg32_l1d_ddr4_1x,spmv,nextline,deg32,l1d,ddr4_1x,0.006169,6168817341.0,11279576.0,18524977.0,0.61018,1973748.0,4825049.0,693896.0,4468086.0,3757761.0,164924.0,2716972.0,nan,nan,nan
spmv_nextline_deg32_l1d_ddr4_2x,spmv,nextline,deg32,l1d,ddr4_2x,0.005501,5500858968.0,11279581.0,16519096.0,0.684273,1978327.0,4825368.0,692993.0,4377910.0,3672713.0,162957.0,2628035.0,nan,nan,nan
spmv_nextline_deg32_l2_ddr4_1x,spmv,nextline,deg32,l2,ddr4_1x,0.008151,8151380460.0,11279795.0,24478620.0,0.461782,2253925.0,4828636.0,221618.0,1687313.0,nan,nan,nan,11038487.0,629051.0,427070.0
spmv_nextline_deg32_l2_ddr4_2x,spmv,nextline,deg32,l2,ddr4_2x,0.006472,6472430091.0,11279576.0,19436727.0,0.581557,2251645.0,4828463.0,216723.0,1687202.0,nan,nan,nan,11898254.0,649439.0,465352.0
spmv_nextline_deg4_l1d_ddr4_1x,spmv,nextline,deg4,l1d,ddr4_1x,0.006614,6613518528.0,11279576.0,19860416.0,0.569151,1726144.0,4826477.0,685344.0,4504975.0,3471224.0,213882.0,2753570.0,nan,nan,nan
spmv_nextline_deg4_l1d_ddr4_2x,spmv,nextline,deg4,l1d,ddr4_2x,0.005904,5904080676.0,11279576.0,17729972.0,0.63754,1722181.0,4826855.0,684753.0,4471287.0,3433443.0,213832.0,2720418.0,nan,nan,nan
spmv_nextline_deg4_l2_ddr4_1x,spmv,nextline,deg4,l2,ddr4_1x,0.007721,7720784154.0,11279576.0,23185538.0,0.487527,2184430.0,4827728.0,252429.0,1687210.0,nan,nan,nan,2504744.0,401912.0,96419.0
spmv_nextline_deg4_l2_ddr4_2x,spmv,nextline,deg4,l2,ddr4_2x,0.006975,6975409608.0,11279576.0,20947176.0,0.539623,2200101.0,4828061.0,252448.0,1687218.0,nan,nan,nan,2505952.0,402088.0,96540.0
spmv_nextline_deg8_l1d_ddr4_1x,spmv,nextline,deg8,l1d,ddr4_1x,0.006205,6205335453.0,11279581.0,18634641.0,0.606589,1912410.0,4825845.0,684089.0,4492322.0,3472650.0,172435.0,2740959.0,nan,nan,nan
spmv_nextline_deg8_l1d_ddr4_2x,spmv,nextline,deg8,l1d,ddr4_2x,0.005613,5612909805.0,11279576.0,16855585.0,0.670613,1927392.0,4826423.0,684604.0,4450154.0,3440490.0,171125.0,2699322.0,nan,nan,nan
spmv_nextline_deg8_l2_ddr4_1x,spmv,nextline,deg8,l2,ddr4_1x,0.007919,7918597143.0,11279581.0,23779571.0,0.475348,2206027.0,4828390.0,223844.0,1687251.0,nan,nan,nan,5527616.0,543109.0,233701.0
spmv_nextline_deg8_l2_ddr4_2x,spmv,nextline,deg8,l2,ddr4_2x,0.006817,6817155021.0,11279581.0,20471937.0,0.55215,2216053.0,4828439.0,223751.0,1687307.0,nan,nan,nan,5549284.0,544195.0,235249.0
