benchmark,pf_level,memory,run,prefetcher,config,simSeconds,simTicks,simInsts,simOps,numCycles,ipc,l1d_demand_misses,l1d_demand_accesses,l2_demand_misses,l2_demand_accesses,l1d_demand_miss_latency,l1d_demand_avg_miss_latency,l2_demand_miss_latency,l2_demand_avg_miss_latency,l1d_blocked_cycles_no_mshrs,l1d_blocked_causes_no_mshrs,l1d_avg_blocked_no_mshrs,l2_blocked_cycles_no_mshrs,l2_blocked_causes_no_mshrs,l2_avg_blocked_no_mshrs,l1d_demand_mshr_hits,l1d_demand_mshr_misses,l1d_demand_mshr_miss_rate,l1d_demand_avg_mshr_miss_latency,l2_demand_mshr_hits,l2_demand_mshr_misses,l2_demand_mshr_miss_rate,l2_demand_avg_mshr_miss_latency,mem_avg_rdq_len,mem_avg_wrq_len,mem_num_rd_retry,mem_num_wr_retry,mem_avg_read_bw_sys,mem_avg_write_bw_sys,dram_bw_read_total,dram_bw_write_total,dram_bw_total,dram_peak_bw,dram_avg_rd_bw,dram_avg_wr_bw,dram_avg_q_lat,dram_avg_bus_lat,dram_avg_mem_acc_lat,load_to_use_samples,load_to_use_mean,load_to_use_stdev,load_to_use_overflows,load_to_use_min,load_to_use_max,added_loads_and_stores,l1d_pf_issued,l1d_pf_useful,l1d_pf_unused,l1d_prefetcher_accuracy,l1d_prefetcher_coverage,l1d_pf_late,l1d_pf_hit_in_cache,l1d_pf_hit_in_mshr,l1d_pf_hit_in_wb,l1d_pf_identified,l1d_pf_buffer_hit,l1d_pf_in_cache,l1d_pf_removed_demand,l1d_pf_removed_full,l1d_pf_span_page,l1d_pf_useful_span_page,l2_pf_issued,l2_pf_useful,l2_pf_unused,l2_prefetcher_accuracy,l2_prefetcher_coverage,l2_pf_late,l2_pf_hit_in_cache,l2_pf_hit_in_mshr,l2_pf_hit_in_wb,l2_pf_identified,l2_pf_buffer_hit,l2_pf_in_cache,l2_pf_removed_demand,l2_pf_removed_full,l2_pf_span_page,l2_pf_useful_span_page,l1d_prefetcher_read_bytes,l1d_prefetcher_read_rate,l1d_prefetcher_read_accesses,l1d_prefetcher_read_avg_lat,l2_prefetcher_read_bytes,l2_prefetcher_read_rate,l2_prefetcher_read_accesses,l2_prefetcher_read_avg_lat,nopf_simSeconds,speedup_vs_nopf,pf_issued,pf_useful,pf_unused,pf_accuracy,pf_unused_ratio,l1d_miss_rate,l2_miss_rate,pf_coverage,pf_late,pf_late_ratio,pf_removed_full,pf_removed_demand,pf_buffer_hit,pf_identified,pf_removed_full_ratio,pf_removed_demand_ratio,pf_buffer_hit_ratio,prefetcher_read_rate,prefetcher_read_bytes,dram_bw_utilization
bfs,l1d,ddr4_1x,bfs_nextline_deg32_l1d_ddr4_1x,nextline,deg32,0.022919,22918670721.0,30729211.0,31124590.0,68824837.0,0.446485,5020571.0,11444511.0,3389548.0,7312125.0,207190209221.0,41268.255985,291066472853.0,85871.766045,11656016.0,1881958.0,6.193558,0.0,0.0,,1888277.0,3132294.0,0.273694,37424.829397,,3389548.0,0.463552,85538.766634,10.03,57.87,0.0,0.0,9465255408.605772,445747317.73773015,9465252616.0,445747318.0,9910999934.0,19207.0,9436.009733,445.331238,40724.11,3332.0,58216.11,8774099.0,58.286363,109.92019,239494.0,2.0,1838.0,12951209.0,6975209.0,448416.0,3559860.0,0.064287,0.125231,2795598.0,2194105.0,600566.0,927.0,128320300.0,55745046.0,0.0,1368043.0,61841929.0,46687412.0,4688194.0,,,,,,,,,,,,,,,,,140257088.0,6119774122.479308,2197129.0,58163.72,,,,,0.02764,1.2059862995767705,6975209.0,448416.0,3559860.0,0.06428710594908339,0.5103589010737886,0.43868811869725144,0.4635517035061627,0.08199251525008196,2795598.0,0.40079057129327594,61841929.0,1368043.0,55745046.0,128320300.0,0.4819341055156511,0.010661158055272627,0.4344211009481742,6119774122.479308,140257088.0,0.4921052786463185
bfs,l1d,ddr4_2x,bfs_nextline_deg32_l1d_ddr4_2x,nextline,deg32,0.019459,19459133388.0,30729211.0,31124590.0,58435836.0,0.525863,4914174.0,11336483.0,3610428.0,7613314.0,165315652210.0,33640.577686,236909460557.0,65618.109697,8238383.0,1729610.0,4.763145,0.0,0.0,,1803351.0,3110823.0,0.274408,31108.517745,,3610428.0,0.474226,65285.109697,,,,,,,,,,,,,,,,8774099.0,48.200831,91.05722,61763.0,2.0,1728.0,12786674.0,7615469.0,465306.0,3852565.0,0.0611,0.130114,3113203.0,2446242.0,665751.0,1210.0,126195172.0,54560955.0,0.0,1348010.0,60339396.0,45948316.0,4844144.0,,,,,,,,,,,,,,,,,,,,,,,,,0.025176,1.2937972146564571,7615469.0,465306.0,3852565.0,0.06110011084018594,0.5058867681031858,0.43348311817695134,0.47422554750795776,0.08649646434227844,3113203.0,0.408799904510149,60339396.0,1348010.0,54560955.0,126195172.0,0.4781434586102866,0.010681945898849443,0.4323537432953457,,,
bfs,l2,ddr4_1x,bfs_nextline_deg1_l2_ddr4_1x,nextline,deg1,0.024144,24144054111.0,30729211.0,31124590.0,72504667.0,0.423824,6741970.0,11505483.0,1420245.0,3524039.0,244003177238.0,36191.673537,116859591575.0,82281.290605,945552.0,61420.0,15.394855,2726455.0,131577.0,20.721365,3218160.0,3523810.0,0.306272,37900.6576,231905.0,1188340.0,0.33721,89225.830887,8.27,57.63,0.0,0.0,6584348397.710564,421796271.3793058,6584343096.0,421796271.0,7006139368.0,19207.0,6562.068792,421.456975,40073.43,3332.0,57565.43,8774099.0,63.094461,111.697412,236697.0,2.0,1785.0,12874746.0,,,,,,,,,,,,,,,,,1645588.0,278485.0,783983.0,0.169231,0.189856,349939.0,349799.0,107.0,33.0,1672373.0,0.0,0.0,26785.0,0.0,26357.0,4305.0,,,,,82633984.0,3422539711.8519573,1294475.0,53099.84,0.02764,1.1447978793903248,1645588.0,278485.0,783983.0,0.1692313021242255,0.4764151172711517,0.585978876332267,0.40301625492793924,0.16393717659663395,349939.0,0.2126528632926346,0.0,26785.0,0.0,1672373.0,0.0,0.016016163858182355,0.0,3422539711.8519573,82633984.0,0.347871878608024
bfs,l2,ddr4_2x,bfs_nextline_deg32_l2_ddr4_2x,nextline,deg32,0.020535,20535092352.0,30729211.0,31124590.0,61666944.0,0.49831,6469977.0,11418719.0,1302356.0,3523366.0,187680723387.0,29007.942901,91688744189.0,70402.212751,1152427.0,74932.0,15.379638,6641128.0,595223.0,11.157378,2946713.0,3523264.0,0.308552,32356.848316,118346.0,1184010.0,0.336045,72632.346109,,,,,,,,,,,,,,,,8774099.0,49.671344,95.800615,97482.0,2.0,1765.0,12717451.0,,,,,,,,,,,,,,,,,12750135.0,653595.0,2992167.0,0.051262,0.355678,8984760.0,8174510.0,809518.0,732.0,45926692.0,6454583.0,0.0,334851.0,26084009.0,16663740.0,6087442.0,,,,,,,,,0.025176,1.2260043827611395,12750135.0,653595.0,2992167.0,0.0512618101690688,0.2346772798876247,0.5666114561537069,0.3696340374516868,0.334157144018434,8984760.0,0.704679597510144,26084009.0,334851.0,6454583.0,45926692.0,0.5679487867316897,0.007290988865472828,0.14054099520165747,,,
matmult,l1d,ddr4_1x,matmult_nextline_deg8_l1d_ddr4_1x,nextline,deg8,0.001235,1235433330.0,7397871.0,7415194.0,3710010.0,1.994032,1147789.0,2137464.0,5514.0,1088987.0,19256192792.0,16776.770636,442889185.0,80320.853283,950089.0,514882.0,1.845256,0.0,0.0,,80527.0,1067262.0,0.499312,16532.680912,,5514.0,0.005063,79987.551324,6.44,57.92,0.0,0.0,285956345.373975,212343307.9144789,285904542.0,212343308.0,498247850.0,19207.0,281.760247,212.602326,36131.79,3332.0,53623.79,2106632.0,30.105628,29.462204,840.0,2.0,1333.0,2148066.0,29421.0,8886.0,11843.0,0.302029,0.008257,7911.0,7313.0,598.0,0.0,8604223.0,485604.0,0.0,2292.0,8070230.0,649201.0,6479.0,,,,,,,,,,,,,,,,,216576.0,175303672.59882814,3385.0,55194.61,,,,,0.001279,1.0356275303643725,29421.0,8886.0,11843.0,0.30202916284286735,0.4025356038204004,0.536986353922218,0.005063421326425384,0.007682365400825643,7911.0,0.2688895686754359,8070230.0,2292.0,485604.0,8604223.0,0.9379382658957119,0.0002663808225333072,0.0564378677772531,175303672.59882814,216576.0,0.024739218917563064
matmult,l1d,ddr4_2x,matmult_nextline_deg8_l1d_ddr4_2x,nextline,deg8,0.001235,1235068695.0,7397871.0,7415194.0,3708915.0,1.994621,1145837.0,2133833.0,5481.0,1086249.0,19463467402.0,16986.244468,363188597.0,66263.199599,984956.0,519065.0,1.897558,0.0,0.0,,79849.0,1065988.0,0.499565,16788.54666,,5481.0,0.005046,65929.895822,,,,,,,,,,,,,,,,2106632.0,30.348519,28.597454,684.0,2.0,1615.0,2146118.0,25062.0,8702.0,10760.0,0.347219,0.008097,5016.0,4238.0,778.0,0.0,8587431.0,481184.0,0.0,1657.0,8063361.0,648905.0,4383.0,,,,,,,,,,,,,,,,,,,,,,,,,0.001298,1.0510121457489878,25062.0,8702.0,10760.0,0.34721889713510495,0.4293352485835129,0.5369853217191786,0.005045804415009818,0.0075372074914749525,5016.0,0.2001436437634666,8063361.0,1657.0,481184.0,8587431.0,0.9389724354117082,0.00019295642666590276,0.05603352155027505,,,
matmult,l2,ddr4_1x,matmult_nextline_deg32_l2_ddr4_1x,nextline,deg32,0.001165,1165004163.0,7397876.0,7415199.0,3498511.0,2.114581,1160529.0,2139538.0,899.0,1078479.0,18452162191.0,15899.785521,79509250.0,88441.879867,789244.0,464335.0,1.69973,6303.0,282.0,22.351064,82268.0,1078261.0,0.503969,15829.830491,183.0,716.0,0.000664,99389.113128,3.11,60.02,0.0,30.0,352630499.5701547,247593965.03547084,351971274.0,247593965.0,599565239.0,19207.0,337.742999,248.143319,60891.65,3332.0,78383.65,2106632.0,28.693143,25.621215,693.0,2.0,1342.0,2147055.0,,,,,,,,,,,,,,,,,105613.0,4711.0,285.0,0.044606,0.868067,99804.0,95073.0,4727.0,4.0,132864.0,14807.0,0.0,776.0,10983.0,46656.0,39193.0,,,,,355072.0,304781743.51382124,5695.0,75382.64,0.001279,1.0978540772532188,105613.0,4711.0,285.0,0.0446062511243881,0.0026985314307897703,0.5424203729964132,0.0008335813678337733,0.8397504456327985,99804.0,0.9449973014685692,10983.0,776.0,14807.0,132864.0,0.082663475433526,0.005840558766859345,0.11144478564547206,304781743.51382124,355072.0,0.02976987397533581
matmult,l2,ddr4_2x,matmult_nextline_deg16_l2_ddr4_2x,nextline,deg16,0.001158,1157959881.0,7397871.0,7415194.0,3477357.0,2.127443,1159977.0,2139479.0,803.0,1078422.0,18482376281.0,15933.398922,67270901.0,83774.47198,798759.0,470346.0,1.698237,4269.0,241.0,17.713693,81779.0,1078198.0,0.503954,15851.048209,143.0,660.0,0.000612,94764.089394,,,,,,,,,,,,,,,,2106632.0,28.747742,25.375716,294.0,2.0,1509.0,2147008.0,,,,,,,,,,,,,,,,,69087.0,4824.0,303.0,0.069825,0.87965,63287.0,55517.0,7770.0,0.0,77940.0,361.0,0.0,613.0,7858.0,12092.0,10282.0,,,,,,,,,0.001298,1.1208981001727114,69087.0,4824.0,303.0,0.06982500325676322,0.004385774458291719,0.5421773244794644,0.0007446064713071506,0.857295183934601,63287.0,0.9160478816564621,7858.0,613.0,361.0,77940.0,0.1008211444701052,0.007865024377726456,0.0046317680266871955,,,
merge,l1d,ddr4_1x,merge_nextline_deg4_l1d_ddr4_1x,nextline,deg4,0.009814,9813850659.0,37918841.0,38897855.0,29471023.0,1.28665,558619.0,10925125.0,72468.0,206346.0,16699539058.0,29894.327006,5751106949.0,79360.641235,36.0,3.0,12.0,0.0,0.0,,466534.0,92085.0,0.008429,30370.908986,,72468.0,0.351197,79027.641235,1.43,47.33,0.0,0.0,472598999.226324,310737966.7738635,472592478.0,310737967.0,783330445.0,19207.0,469.736107,310.411897,34370.46,3332.0,51862.46,5213253.0,4.847881,29.748341,17527.0,2.0,1690.0,14387215.0,1589994.0,111054.0,2253.0,0.069846,0.54669,1475913.0,940308.0,535605.0,0.0,2575386.0,857429.0,0.0,200.0,906.0,103314.0,17839.0,,,,,,,,,,,,,,,,,2962368.0,301855826.31454635,46472.0,42186.35,,,,,0.011631,1.1851436723048707,1589994.0,111054.0,2253.0,0.06984554658696825,0.0014169864791942612,0.05113158888342239,0.3511965339769126,0.16583317529600267,1475913.0,0.9282506726440477,906.0,200.0,857429.0,2575386.0,0.00035179192555989664,7.765826171300147e-05,0.3329322284115857,301855826.31454635,2962368.0,0.03889426389626587
merge,l1d,ddr4_2x,merge_nextline_deg4_l1d_ddr4_2x,nextline,deg4,0.009832,9831896262.0,37918836.0,38897850.0,29525214.0,1.284288,555781.0,10924923.0,72464.0,206343.0,15605250111.0,28078.056125,5322979691.0,73456.884674,0.0,0.0,28.714286,0.0,0.0,,463700.0,92081.0,0.008429,28826.597811,,72464.0,0.351182,73123.884674,,,,,,,,,,,,,,,,5213253.0,4.697619,28.820915,16379.0,2.0,1716.0,14386963.0,1561289.0,111203.0,2253.0,0.071225,0.547033,1447204.0,969170.0,478034.0,0.0,2565019.0,880324.0,0.0,183.0,906.0,102925.0,17850.0,,,,,,,,,,,,,,,,,,,,,,,,,0.011697,1.189686737184703,1561289.0,111203.0,2253.0,0.07122512231880196,0.0014430384124912172,0.05087276130001099,0.3511822547893556,0.16672513883391504,1447204.0,0.9269289670266043,906.0,183.0,880324.0,2565019.0,0.0003532137578707994,7.134450076198266e-05,0.34320369556716734,,,
merge,l2,ddr4_1x,merge_nextline_deg4_l2_ddr4_1x,nextline,deg4,0.010069,10068504750.0,37919543.0,38898624.0,30235750.0,1.254131,836280.0,11098971.0,26312.0,201563.0,17880262823.0,21380.713186,2558163609.0,97224.217429,0.0,0.0,,0.0,0.0,40.421053,634931.0,201349.0,0.018141,16643.096817,515.0,25797.0,0.127985,97143.020235,1.43,46.47,0.0,0.0,462254139.5732072,303571590.4091916,462254140.0,303571590.0,765825730.0,19207.0,459.63528,303.171134,34447.84,3332.0,51939.84,5213399.0,5.048488,30.259079,17710.0,2.0,1860.0,14710537.0,,,,,,,,,,,,,,,,,277774.0,45960.0,469.0,0.165458,0.640495,230835.0,144551.0,86282.0,2.0,277821.0,31.0,0.0,8.0,0.0,11267.0,7285.0,,,,,2992768.0,297240560.96810204,46922.0,41515.75,0.011631,1.1551296057205285,277774.0,45960.0,469.0,0.16545825023220315,0.0016884229625522907,0.07534752545979262,0.13053983121902332,0.6359309276068187,230835.0,0.831017301835305,0.0,8.0,31.0,277821.0,0.0,2.8795519417178686e-05,0.00011158263774156742,297240560.96810204,2992768.0,0.03802511217493973
merge,l2,ddr4_2x,merge_nextline_deg4_l2_ddr4_2x,nextline,deg4,0.010075,10074579003.0,37919543.0,38898624.0,30253991.0,1.253375,833865.0,11098933.0,26243.0,201566.0,16403135429.0,19671.212281,2348230752.0,89480.271006,0.0,0.0,,0.0,0.0,27.5,632516.0,201349.0,0.018141,15613.852957,443.0,25800.0,0.127998,89343.47407,,,,,,,,,,,,,,,,5213399.0,4.846012,28.40231,15823.0,2.0,1841.0,14710521.0,,,,,,,,,,,,,,,,,277787.0,46031.0,476.0,0.165706,0.640824,230843.0,155808.0,75033.0,2.0,277829.0,25.0,0.0,10.0,0.0,11267.0,7278.0,,,,,,,,,0.011697,1.1609925558312655,277787.0,46031.0,476.0,0.16570609855752788,0.0017135431103687357,0.07513019494756838,0.1301955686971017,0.636895702465617,230843.0,0.8310072105606093,0.0,10.0,25.0,277829.0,0.0,3.5993362823895276e-05,8.998340705973818e-05,,,
quick,l1d,ddr4_1x,quick_nextline_deg32_l1d_ddr4_1x,nextline,deg32,0.008227,8226964134.0,24424730.0,24707910.0,24705598.0,0.989067,8155.0,9130645.0,28938.0,92808.0,302304723.0,37069.861803,2922172278.0,100980.450549,393.0,12.0,32.75,0.0,0.0,,6191.0,1964.0,0.000215,22724.537169,,28938.0,0.311805,100647.462057,4.29,57.13,0.0,0.0,225117305.7077047,179281685.92645526,225109526.0,179281686.0,404391212.0,19207.0,225.07063,178.783811,55542.05,3332.0,73034.05,4368784.0,2.236844,5.321246,138.0,2.0,1272.0,14125886.0,1970185.0,83684.0,6714.0,0.042475,0.977069,1879574.0,1842251.0,37315.0,8.0,2213896.0,208124.0,0.0,1597.0,28084.0,725016.0,707908.0,,,,,,,,,,,,,,,,,1804480.0,219337287.8024996,28201.0,73727.49,,,,,0.009731,1.1828126899234228,1970185.0,83684.0,6714.0,0.042475199029532756,0.0034078018054142126,0.0008931461030409133,0.3118050168088958,0.9112033014296759,1879574.0,0.954008887490261,28084.0,1597.0,208124.0,2213896.0,0.01268532939216657,0.0007213527645381716,0.09400802928412175,219337287.8024996,1804480.0,0.02007900831284401
quick,l1d,ddr4_2x,quick_nextline_deg32_l1d_ddr4_2x,nextline,deg32,0.008223,8222858244.0,24424725.0,24707905.0,24693268.0,0.989561,8103.0,9130616.0,28943.0,92944.0,286278432.0,35329.931137,1971052180.0,68101.170577,122.0,8.0,15.25,0.0,0.0,,6130.0,1973.0,0.000216,21125.330968,,28943.0,0.311403,67768.182082,,,,,,,,,,,,,,,,4368784.0,2.230567,5.186406,88.0,2.0,1215.0,14125789.0,2001816.0,83693.0,6841.0,0.041809,0.976969,1911075.0,1886923.0,24145.0,7.0,2212340.0,185824.0,0.0,900.0,18244.0,725196.0,707869.0,,,,,,,,,,,,,,,,,,,,,,,,,0.00967,1.1759698406907455,2001816.0,83693.0,6841.0,0.04180853784763435,0.003417397003520803,0.0008874538147261915,0.31140256498536756,0.9117281798771188,1911075.0,0.9546706590415902,18244.0,900.0,185824.0,2212340.0,0.008246472061256407,0.00040680907997866513,0.08399432275328385,,,
quick,l2,ddr4_1x,quick_nextline_deg8_l2_ddr4_1x,nextline,deg8,0.008567,8566759998.0,24424725.0,24707905.0,25726006.0,0.949836,228062.0,9206201.0,802.0,82874.0,1377978309.0,6042.12148,83009568.0,103503.201995,0.0,0.0,,398.0,11.0,36.181818,145428.0,82634.0,0.008976,5206.0577,230.0,572.0,0.006902,109666.438811,1.91,56.14,0.0,0.0,217196699.85319927,172842941.82931304,217159346.0,172842942.0,390002288.0,19207.0,217.159346,172.424581,23222.24,3332.0,40714.24,4368784.0,2.65919,8.792695,662.0,2.0,1435.0,14605350.0,,,,,,,,,,,,,,,,,211744.0,27697.0,756.0,0.130804,0.979766,183123.0,162946.0,20177.0,0.0,211912.0,109.0,0.0,10.0,39.0,16080.0,15971.0,,,,,1823680.0,212878614.6017581,28500.0,39871.53,0.009731,1.1358701996031284,211744.0,27697.0,756.0,0.13080417863079946,0.0035703491008009674,0.024772650521099854,0.009677341506383184,0.9718586617074283,183123.0,0.8648320613571104,39.0,10.0,109.0,211912.0,0.00018403865755596663,4.7189399373324774e-05,0.0005143644531692401,212878614.6017581,1823680.0,0.01936456320119089
quick,l2,ddr4_2x,quick_nextline_deg16_l2_ddr4_2x,nextline,deg16,0.00855,8550381726.0,24424725.0,24707905.0,25676822.0,0.951655,227922.0,9206153.0,761.0,82875.0,1200276522.0,5266.172296,58267003.0,76566.363995,0.0,0.0,,316.0,16.0,19.75,145288.0,82634.0,0.008976,4940.819094,196.0,565.0,0.006817,87449.327434,,,,,,,,,,,,,,,,4368784.0,2.60412,6.078747,152.0,2.0,1374.0,14605091.0,,,,,,,,,,,,,,,,,394872.0,27747.0,1170.0,0.070268,0.980044,365843.0,349549.0,16294.0,0.0,395588.0,403.0,0.0,26.0,268.0,60540.0,59950.0,,,,,,,,,0.00967,1.1309941520467837,394872.0,27747.0,1170.0,0.07026834012034279,0.0029629854737737798,0.02475757246267795,0.009182503770739064,0.9733057387400028,365843.0,0.9264850381895906,268.0,26.0,403.0,395588.0,0.0006774725219167416,6.57249461561018e-05,0.0010187366654195778,,,
simple_triad,l1d,ddr4_1x,simple_triad_nextline_deg4_l1d_ddr4_1x,nextline,deg4,0.002637,2636526168.0,3509906.0,4011114.0,7917497.0,0.443312,1931944.0,2003784.0,375529.0,375548.0,118348513351.0,61258.770105,36409884936.0,96956.253541,287.0,7.0,41.0,0.0,0.0,,1925713.0,6231.0,0.00311,74144.419355,,375529.0,0.999949,96623.252654,10.71,58.59,0.0,0.0,9115728222.88028,3102652307.9060903,9115703949.0,3102652308.0,12218356256.0,19207.0,9115.728223,3102.676582,51330.23,3332.0,68822.23,1001734.0,181.451566,157.524728,157494.0,2.0,1838.0,2004855.0,490421.0,9050.0,92.0,0.018454,0.592239,121367.0,428.0,120939.0,0.0,7471734.0,6118898.0,0.0,324774.0,0.0,292246.0,4624.0,,,,,,,,,,,,,,,,,23618880.0,8958333236.615158,369045.0,69237.8,,,,,0.002897,1.0985968904057641,490421.0,9050.0,92.0,0.01845353278101876,0.00018759392440372658,0.964147832301286,0.9999494072661816,0.004662559492713527,121367.0,0.24747512851203354,0.0,324774.0,6118898.0,7471734.0,0.0,0.04346701849932024,0.8189394858007526,8958333236.615158,23618880.0,0.6066711381292669
simple_triad,l1d,ddr4_2x,simple_triad_nextline_deg32_l1d_ddr4_2x,nextline,deg32,0.001919,1919434977.0,3510084.0,4011327.0,5764069.0,0.608963,1213692.0,2003869.0,375920.0,376173.0,66310010535.0,54634.95725,26395028939.0,70214.484303,507530.0,30462.0,16.661086,0.0,0.0,,1111187.0,102505.0,0.051154,73858.712804,,375920.0,0.999327,69881.478102,,,,,,,,,,,,,,,,1001765.0,75.012502,120.598974,37093.0,2.0,1854.0,2004993.0,1174029.0,151206.0,687.0,0.128792,0.595977,900621.0,480784.0,419837.0,0.0,34501470.0,16128318.0,0.0,48711.0,16566269.0,9175266.0,1793341.0,,,,,,,,,,,,,,,,,,,,,,,,,0.002605,1.3574778530484628,1174029.0,151206.0,687.0,0.12879238928510284,0.0005851644209810831,0.6056743230221138,0.9993274371100531,0.11078190458188085,900621.0,0.7671198922684193,16566269.0,48711.0,16128318.0,34501470.0,0.48016125110031543,0.0014118528862683243,0.46746756007787493,,,
simple_triad,l2,ddr4_1x,simple_triad_nextline_deg8_l2_ddr4_1x,nextline,deg8,0.002381,2381158458.0,3510062.0,4011305.0,7150626.0,0.490877,1968478.0,2003886.0,337389.0,375375.0,97815742344.0,49691.05184,19677319308.0,58322.349893,0.0,0.0,,1147.0,20.0,57.35,1593373.0,375105.0,0.187189,53626.883545,330485.0,6904.0,0.018392,147699.196842,14.8,98.33,0.0,0.0,10104527029.338928,3436525600.599068,10104500152.0,3436525601.0,13541025752.0,19207.0,10104.527029,3437.197542,70182.54,3332.0,87674.54,1001758.0,141.038303,147.043663,110236.0,2.0,1899.0,2005062.0,,,,,,,,,,,,,,,,,526192.0,37976.0,138.0,0.072171,0.846168,157093.0,30086.0,127007.0,0.0,2791774.0,1943138.0,0.0,317827.0,36.0,211146.0,18371.0,,,,,23618560.0,9918936692.620564,369040.0,87062.07,0.002897,1.2167156656866862,526192.0,37976.0,138.0,0.07217137470733116,0.0002622616839480646,0.9823303321646042,0.8988051948051948,0.10117086036258043,157093.0,0.29854691823516893,36.0,317827.0,1943138.0,2791774.0,1.2895026603156272e-05,0.11384410056114858,0.6960226723223298,9918936692.620564,23618560.0,0.6723448991241749
simple_triad,l2,ddr4_2x,simple_triad_nextline_deg8_l2_ddr4_2x,nextline,deg8,0.001541,1541219904.0,3510083.0,4011326.0,4628288.0,0.758402,1962503.0,2003908.0,336557.0,375372.0,62350070184.0,31770.687833,12409539702.0,36872.029707,0.0,0.0,,221.0,12.0,18.416667,1587398.0,375105.0,0.187187,34346.839149,330433.0,6124.0,0.016314,74649.692685,,,,,,,,,,,,,,,,1001759.0,91.776022,116.431263,51614.0,2.0,1744.0,2005095.0,,,,,,,,,,,,,,,,,574939.0,38805.0,138.0,0.067494,0.863696,205063.0,36635.0,168428.0,0.0,2791750.0,1903509.0,0.0,303394.0,17.0,211146.0,2294.0,,,,,,,,,0.002605,1.690460739779364,574939.0,38805.0,138.0,0.06749411676717008,0.00024002546357091795,0.9793378737946054,0.8965959101904244,0.10338020364341623,205063.0,0.356669142291617,17.0,303394.0,1903509.0,2791750.0,6.089370466553237e-06,0.10867520372526193,0.681833616906958,,,
spmv,l1d,ddr4_1x,spmv_nextline_deg16_l1d_ddr4_1x,nextline,deg16,0.006083,6083091486.0,11279581.0,11329130.0,18267542.0,0.618779,1922298.0,4825272.0,688456.0,4444713.0,33438567953.0,17395.101047,53424922327.0,77601.070115,1013204.0,397732.0,2.547454,0.0,0.0,,352417.0,1569881.0,0.325346,16115.403487,,688456.0,0.154893,77268.070599,7.26,57.66,0.0,0.0,7243222315.726323,17538450.67849765,7243211795.0,17538451.0,7260750245.0,19207.0,7243.138148,16.886151,32186.38,3332.0,49678.38,4767008.0,24.591747,61.533491,28636.0,2.0,1783.0,4866859.0,3465356.0,166523.0,2693965.0,0.048054,0.095901,590705.0,501903.0,87553.0,1249.0,28711122.0,5502627.0,0.0,310296.0,19046913.0,4710062.0,278447.0,,,,,,,,,,,,,,,,,31188800.0,5127129860.167288,487325.0,51740.93,,,,,0.010599,1.7423968436626667,3465356.0,166523.0,2693965.0,0.048053648744890855,0.7773992051610282,0.39838127259976225,0.1548932405759382,0.07972104838088089,590705.0,0.17046012011464334,19046913.0,310296.0,5502627.0,28711122.0,0.6633984210021469,0.010807519120987331,0.1916548924838256,5127129860.167288,31188800.0,0.3605139285935798
spmv,l1d,ddr4_2x,spmv_nextline_deg16_l1d_ddr4_2x,nextline,deg16,0.00547,5470351173.0,11279576.0,11329125.0,16427481.0,0.688089,1924455.0,4825802.0,686163.0,4378819.0,31098177354.0,16159.472346,43895245674.0,63972.038239,820447.0,372823.0,2.200634,0.0,0.0,,356047.0,1568408.0,0.325005,15088.855596,,686163.0,0.1567,63639.038724,,,,,,,,,,,,,,,,4767008.0,22.806787,53.770872,12195.0,2.0,1596.0,4867485.0,3418090.0,167080.0,2628956.0,0.048881,0.096273,607855.0,521399.0,85111.0,1345.0,28705612.0,5508387.0,0.0,311639.0,19079309.0,4758980.0,275184.0,,,,,,,,,,,,,,,,,,,,,,,,,0.009047,1.6539305301645337,3418090.0,167080.0,2628956.0,0.04888110026359751,0.7691301282295083,0.39878449219425083,0.15670047106308801,0.07988391301125729,607855.0,0.1778346971554289,19079309.0,311639.0,5508387.0,28705612.0,0.6646543191623994,0.010856378885076548,0.1918923379860356,,,
spmv,l2,ddr4_1x,spmv_nextline_default_l2_ddr4_1x,nextline,default,0.007657,7657217784.0,11279576.0,11329125.0,22994648.0,0.491574,2202889.0,4827683.0,300176.0,1687151.0,39744938943.0,18042.188664,25874038593.0,86196.226857,19854.0,3582.0,5.542714,13349.0,903.0,14.782946,515925.0,1686964.0,0.349436,19488.354191,24219.0,275957.0,0.163564,91151.218784,7.69,57.47,0.0,0.0,5283949489.401123,13907923.6093463,5283941131.0,13907924.0,5297849055.0,19207.0,5283.907699,13.38972,50127.76,3332.0,67619.76,4767008.0,26.835726,76.754092,76737.0,2.0,1785.0,4862746.0,,,,,,,,,,,,,,,,,1151090.0,290540.0,41283.0,0.252404,0.512871,794847.0,654908.0,139906.0,33.0,1153468.0,113.0,0.0,616.0,1316.0,27964.0,14285.0,,,,,22794944.0,2976922511.93779,356171.0,70458.06,0.010599,1.3842235862609378,1151090.0,290540.0,41283.0,0.2524042429349573,0.03586426778097282,0.456303572541942,0.17791887033229392,0.49184379634206626,794847.0,0.6905168144975632,1316.0,616.0,113.0,1153468.0,0.001140907246668308,0.0005340416899298463,9.796543987349454e-05,2976922511.93779,22794944.0,0.26305110511535496
spmv,l2,ddr4_2x,spmv_nextline_deg32_l2_ddr4_2x,nextline,deg32,0.006472,6472430091.0,11279576.0,11329125.0,19436727.0,0.581557,2251645.0,4828463.0,216723.0,1687202.0,32211300456.0,14305.674498,16227539790.0,74876.869506,26514.0,3641.0,7.282065,716863.0,25634.0,27.965319,564637.0,1687008.0,0.349388,14631.33199,14618.0,202105.0,0.119787,76123.980871,,,,,,,,,,,,,,,,4767008.0,22.120624,63.555468,37424.0,2.0,1667.0,4864910.0,,,,,,,,,,,,,,,,,11898254.0,649439.0,465352.0,0.054583,0.762661,10768264.0,10620730.0,145550.0,1984.0,19558616.0,824228.0,0.0,58801.0,6721088.0,8158568.0,6672151.0,,,,,,,,,0.009047,1.397867737948084,11898254.0,649439.0,465352.0,0.054582714404987485,0.03911094854757681,0.46632748350769176,0.12845112796215272,0.7497893003849164,10768264.0,0.9050289227310159,6721088.0,58801.0,824228.0,19558616.0,0.3436382206184732,0.0030063988167669943,0.04214142759385429,,,
