benchmark,memory,pf_level,parameter_family,parameter_name,rank,config,simSeconds,baseline_simSeconds,speedup,pfIssued,pfUseful,pfUnused,accuracy,coverage,pfLate,pfTimely,run_name
bfs,ddr4_1x,l1d,amt,access_map_table_entries,1,amt32,0.022706,0.027633,1.216991103673038,2786096.0,161285.0,333152.0,0.057889,0.048625,2058022.0,728074.0,bfs_ampm_amt32_l1d_ddr4_1x
bfs,ddr4_1x,l1d,amt,access_map_table_entries,2,amt64,0.022786,0.027633,1.2127183358202405,2163425.0,94395.0,243669.0,0.043632,0.028667,1572145.0,591280.0,bfs_ampm_amt64_l1d_ddr4_1x
bfs,ddr4_1x,l1d,assoc,access_map_table_assoc,1,assoc4,0.021062,0.027633,1.3119836672680658,5726664.0,367123.0,2469588.0,0.064108,0.104588,2660663.0,3066001.0,bfs_ampm_assoc4_l1d_ddr4_1x
bfs,ddr4_1x,l1d,assoc,access_map_table_assoc,2,assoc16,0.021068,0.027633,1.3116100246819822,5578115.0,361435.0,2444487.0,0.064795,0.10307,2537562.0,3040553.0,bfs_ampm_assoc16_l1d_ddr4_1x
bfs,ddr4_1x,l1d,default,default,1,default,0.021045,0.027633,1.3130434782608695,5639481.0,363826.0,2426620.0,0.064514,0.103727,2617047.0,3022434.0,bfs_ampm_default_l1d_ddr4_1x
bfs,ddr4_1x,l1d,epoch,epoch_cycles,1,epoch1024k,0.021036,0.027633,1.3136052481460354,5659578.0,363855.0,2443716.0,0.06429,0.103726,2619209.0,3040369.0,bfs_ampm_epoch1024k_l1d_ddr4_1x
bfs,ddr4_1x,l1d,epoch,epoch_cycles,2,epoch512k,0.021037,0.027633,1.3135428055331084,5657117.0,365221.0,2442197.0,0.06456,0.104105,2617316.0,3039801.0,bfs_ampm_epoch512k_l1d_ddr4_1x
bfs,ddr4_1x,l1d,hz,hot_zone_size,1,hz512,0.022706,0.027633,1.216991103673038,2786096.0,161285.0,333152.0,0.057889,0.048625,2058022.0,728074.0,bfs_ampm_hz512_l1d_ddr4_1x
bfs,ddr4_1x,l1d,hz,hot_zone_size,2,hz256,0.022786,0.027633,1.2127183358202405,2163425.0,94395.0,243669.0,0.043632,0.028667,1572145.0,591280.0,bfs_ampm_hz256_l1d_ddr4_1x
bfs,ddr4_1x,l1d,ls,limit_stride,1,ls8,0.020984,0.027633,1.3168604651162792,5224033.0,347915.0,2166500.0,0.066599,0.099734,2470326.0,2753707.0,bfs_ampm_ls8_l1d_ddr4_1x
bfs,ddr4_1x,l1d,ls,limit_stride,2,ls16,0.021049,0.027633,1.3127939569575753,5689342.0,365223.0,2463855.0,0.064194,0.104067,2628424.0,3060918.0,bfs_ampm_ls16_l1d_ddr4_1x
bfs,ddr4_1x,l1d,sd,start_degree,1,sd16,0.021038,0.027633,1.3134803688563552,5633319.0,364481.0,2434625.0,0.064701,0.103888,2602679.0,3030640.0,bfs_ampm_sd16_l1d_ddr4_1x
bfs,ddr4_1x,l1d,sd,start_degree,2,sd2,0.021043,0.027633,1.3131682744855773,5630405.0,363622.0,2432610.0,0.064582,0.103666,2601803.0,3028602.0,bfs_ampm_sd2_l1d_ddr4_1x
bfs,ddr4_1x,l2,amt,access_map_table_entries,1,amt512,0.021734,0.027633,1.2714180546609,673660.0,165059.0,105717.0,0.245018,0.119906,278485.0,395175.0,bfs_ampm_amt512_l2_ddr4_1x
bfs,ddr4_1x,l2,amt,access_map_table_entries,2,amt256,0.02177,0.027633,1.2693155718879192,738727.0,164825.0,118243.0,0.22312,0.120068,323220.0,415507.0,bfs_ampm_amt256_l2_ddr4_1x
bfs,ddr4_1x,l2,assoc,access_map_table_assoc,1,assoc16,0.021987,0.027633,1.2567881020603084,1196698.0,244339.0,216982.0,0.204178,0.170428,624108.0,572590.0,bfs_ampm_assoc16_l2_ddr4_1x
bfs,ddr4_1x,l2,assoc,access_map_table_assoc,2,assoc4,0.02205,0.027633,1.2531972789115646,1216803.0,249440.0,228474.0,0.204996,0.17287,631383.0,585420.0,bfs_ampm_assoc4_l2_ddr4_1x
bfs,ddr4_1x,l2,default,default,1,default,0.021992,0.027633,1.2565023644961804,1205596.0,247415.0,218152.0,0.205222,0.172105,631772.0,573824.0,bfs_ampm_default_l2_ddr4_1x
bfs,ddr4_1x,l2,epoch,epoch_cycles,1,epoch1024k,0.021979,0.027633,1.2572455525729107,1222707.0,248922.0,218858.0,0.203583,0.173187,646629.0,576078.0,bfs_ampm_epoch1024k_l2_ddr4_1x
bfs,ddr4_1x,l2,epoch,epoch_cycles,2,epoch512k,0.021992,0.027633,1.2565023644961804,1199091.0,248028.0,217466.0,0.206847,0.172463,626121.0,572970.0,bfs_ampm_epoch512k_l2_ddr4_1x
bfs,ddr4_1x,l2,hz,hot_zone_size,1,hz512,0.021734,0.027633,1.2714180546609,673660.0,165059.0,105717.0,0.245018,0.119906,278485.0,395175.0,bfs_ampm_hz512_l2_ddr4_1x
bfs,ddr4_1x,l2,hz,hot_zone_size,2,hz1k,0.02177,0.027633,1.2693155718879192,738727.0,164825.0,118243.0,0.22312,0.120068,323220.0,415507.0,bfs_ampm_hz1k_l2_ddr4_1x
bfs,ddr4_1x,l2,ls,limit_stride,1,ls2,0.021808,0.027633,1.2671038151137197,663927.0,170771.0,110584.0,0.257214,0.123355,263292.0,400635.0,bfs_ampm_ls2_l2_ddr4_1x
bfs,ddr4_1x,l2,ls,limit_stride,2,ls4,0.021821,0.027633,1.266348929929884,817100.0,191350.0,133409.0,0.234182,0.137106,373577.0,443523.0,bfs_ampm_ls4_l2_ddr4_1x
bfs,ddr4_1x,l2,sd,start_degree,1,sd16,0.021979,0.027633,1.2572455525729107,1238771.0,249334.0,218399.0,0.201275,0.173221,664541.0,574230.0,bfs_ampm_sd16_l2_ddr4_1x
bfs,ddr4_1x,l2,sd,start_degree,2,sd8,0.021983,0.027633,1.2570167856980394,1228614.0,248736.0,218399.0,0.202453,0.172871,654457.0,574157.0,bfs_ampm_sd8_l2_ddr4_1x
bfs,ddr4_2x,l1d,amt,access_map_table_entries,1,amt32,0.020433,0.025169,1.2317819214016543,2839576.0,167630.0,330705.0,0.059033,0.050455,2112779.0,726797.0,bfs_ampm_amt32_l1d_ddr4_2x
bfs,ddr4_2x,l1d,amt,access_map_table_entries,2,amt64,0.020664,0.025169,1.2180120015485871,2130096.0,106727.0,242624.0,0.050104,0.032298,1539087.0,591009.0,bfs_ampm_amt64_l1d_ddr4_2x
bfs,ddr4_2x,l1d,assoc,access_map_table_assoc,1,assoc16,0.018747,0.025169,1.3425614765029072,5900024.0,381971.0,2522690.0,0.064741,0.108772,2761325.0,3138699.0,bfs_ampm_assoc16_l1d_ddr4_2x
bfs,ddr4_2x,l1d,assoc,access_map_table_assoc,2,assoc4,0.018756,0.025169,1.3419172531456602,6055356.0,387294.0,2539317.0,0.063959,0.110209,2899261.0,3156095.0,bfs_ampm_assoc4_l1d_ddr4_2x
bfs,ddr4_2x,l1d,default,default,1,default,0.018706,0.025169,1.3455041163263124,5942365.0,386079.0,2483035.0,0.064971,0.109903,2843567.0,3098798.0,bfs_ampm_default_l1d_ddr4_2x
bfs,ddr4_2x,l1d,epoch,epoch_cycles,1,epoch128k,0.018686,0.025169,1.3469442363266617,5961928.0,387384.0,2493313.0,0.064976,0.110197,2853249.0,3108679.0,bfs_ampm_epoch128k_l1d_ddr4_2x
bfs,ddr4_2x,l1d,epoch,epoch_cycles,2,epoch512k,0.018696,0.025169,1.3462237911852801,5951242.0,384338.0,2496053.0,0.064581,0.109439,2839448.0,3111794.0,bfs_ampm_epoch512k_l1d_ddr4_2x
bfs,ddr4_2x,l1d,hz,hot_zone_size,1,hz512,0.020433,0.025169,1.2317819214016543,2839576.0,167630.0,330705.0,0.059033,0.050455,2112779.0,726797.0,bfs_ampm_hz512_l1d_ddr4_2x
bfs,ddr4_2x,l1d,hz,hot_zone_size,2,hz256,0.020664,0.025169,1.2180120015485871,2130096.0,106727.0,242624.0,0.050104,0.032298,1539087.0,591009.0,bfs_ampm_hz256_l1d_ddr4_2x
bfs,ddr4_2x,l1d,ls,limit_stride,1,ls16,0.018714,0.025169,1.344928930212675,5961643.0,386194.0,2506118.0,0.06478,0.109922,2838955.0,3122688.0,bfs_ampm_ls16_l1d_ddr4_2x
bfs,ddr4_2x,l1d,ls,limit_stride,2,ls8,0.018728,0.025169,1.3439235369500213,5370403.0,364154.0,2205724.0,0.067808,0.104248,2563175.0,2807228.0,bfs_ampm_ls8_l1d_ddr4_2x
bfs,ddr4_2x,l1d,sd,start_degree,1,sd8,0.018681,0.025169,1.3473047481398213,5963081.0,387205.0,2490181.0,0.064934,0.110201,2856284.0,3106797.0,bfs_ampm_sd8_l1d_ddr4_2x
bfs,ddr4_2x,l1d,sd,start_degree,2,sd16,0.018694,0.025169,1.346367818551407,5947452.0,387821.0,2483992.0,0.065208,0.110354,2847418.0,3100034.0,bfs_ampm_sd16_l1d_ddr4_2x
bfs,ddr4_2x,l2,amt,access_map_table_entries,1,amt256,0.019392,0.025169,1.2979063531353137,897341.0,195247.0,123032.0,0.217584,0.139267,474169.0,423172.0,bfs_ampm_amt256_l2_ddr4_2x
bfs,ddr4_2x,l2,amt,access_map_table_entries,2,amt512,0.019406,0.025169,1.296970009275482,802811.0,192453.0,108875.0,0.239724,0.137105,402683.0,400128.0,bfs_ampm_amt512_l2_ddr4_2x
bfs,ddr4_2x,l2,assoc,access_map_table_assoc,1,assoc16,0.019425,0.025169,1.2957014157014157,1360502.0,259624.0,225822.0,0.19083,0.179813,771904.0,588598.0,bfs_ampm_assoc16_l2_ddr4_2x
bfs,ddr4_2x,l2,assoc,access_map_table_assoc,2,assoc4,0.01951,0.025169,1.2900563813429011,1355427.0,260739.0,236903.0,0.192367,0.179924,754598.0,600829.0,bfs_ampm_assoc4_l2_ddr4_2x
bfs,ddr4_2x,l2,default,default,1,default,0.019454,0.025169,1.2937699187827696,1342757.0,259162.0,227413.0,0.193007,0.179445,752430.0,590327.0,bfs_ampm_default_l2_ddr4_2x
bfs,ddr4_2x,l2,epoch,epoch_cycles,1,epoch128k,0.019455,0.025169,1.2937034181444358,1360346.0,260053.0,227542.0,0.191167,0.17988,770326.0,590020.0,bfs_ampm_epoch128k_l2_ddr4_2x
bfs,ddr4_2x,l2,epoch,epoch_cycles,2,epoch64k,0.019458,0.025169,1.2935039572412377,1377741.0,260428.0,228186.0,0.189025,0.180135,786433.0,591308.0,bfs_ampm_epoch64k_l2_ddr4_2x
bfs,ddr4_2x,l2,hz,hot_zone_size,1,hz1k,0.019392,0.025169,1.2979063531353137,897341.0,195247.0,123032.0,0.217584,0.139267,474169.0,423172.0,bfs_ampm_hz1k_l2_ddr4_2x
bfs,ddr4_2x,l2,hz,hot_zone_size,2,hz512,0.019406,0.025169,1.296970009275482,802811.0,192453.0,108875.0,0.239724,0.137105,402683.0,400128.0,bfs_ampm_hz512_l2_ddr4_2x
bfs,ddr4_2x,l2,ls,limit_stride,1,ls4,0.019443,0.025169,1.2945018772823125,972567.0,215806.0,140962.0,0.221893,0.151975,518282.0,454285.0,bfs_ampm_ls4_l2_ddr4_2x
bfs,ddr4_2x,l2,ls,limit_stride,2,ls8,0.019448,0.025169,1.2941690662278897,1134650.0,234687.0,178435.0,0.206836,0.164225,618826.0,515824.0,bfs_ampm_ls8_l2_ddr4_2x
bfs,ddr4_2x,l2,sd,start_degree,1,sd16,0.019446,0.025169,1.2943021701121051,1400784.0,261447.0,227226.0,0.186643,0.180732,810720.0,590064.0,bfs_ampm_sd16_l2_ddr4_2x
bfs,ddr4_2x,l2,sd,start_degree,2,sd8,0.019451,0.025169,1.293969461724333,1381236.0,261174.0,227253.0,0.189087,0.180562,791247.0,589989.0,bfs_ampm_sd8_l2_ddr4_2x
matmult,ddr4_1x,l1d,amt,access_map_table_entries,1,amt16,0.001247,0.001268,1.0168404170008019,7721.0,9.0,1858.0,0.001166,8e-06,5051.0,2670.0,matmult_ampm_amt16_l1d_ddr4_1x
matmult,ddr4_1x,l1d,amt,access_map_table_entries,2,amt32,0.001251,0.001268,1.0135891286970424,10287.0,67.0,1679.0,0.006513,6.2e-05,7467.0,2820.0,matmult_ampm_amt32_l1d_ddr4_1x
matmult,ddr4_1x,l1d,assoc,access_map_table_assoc,1,assoc2,0.001302,0.001268,0.9738863287250384,167514.0,8538.0,42286.0,0.050969,0.007921,116101.0,51413.0,matmult_ampm_assoc2_l1d_ddr4_1x
matmult,ddr4_1x,l1d,assoc,access_map_table_assoc,2,assoc1,0.001307,0.001268,0.9701606732976282,177008.0,8552.0,44025.0,0.048314,0.007934,123854.0,53154.0,matmult_ampm_assoc1_l1d_ddr4_1x
matmult,ddr4_1x,l1d,default,default,1,default,0.00131,0.001268,0.96793893129771,180686.0,8736.0,46122.0,0.048349,0.008113,125242.0,55444.0,matmult_ampm_default_l1d_ddr4_1x
matmult,ddr4_1x,l1d,epoch,epoch_cycles,1,epoch64k,0.001308,0.001268,0.9694189602446484,161523.0,8003.0,40449.0,0.049547,0.00743,112363.0,49160.0,matmult_ampm_epoch64k_l1d_ddr4_1x
matmult,ddr4_1x,l1d,epoch,epoch_cycles,2,epoch128k,0.001309,0.001268,0.9686783804430863,165162.0,8616.0,40208.0,0.052167,0.008002,115669.0,49493.0,matmult_ampm_epoch128k_l1d_ddr4_1x
matmult,ddr4_1x,l1d,hz,hot_zone_size,1,hz1k,0.001247,0.001268,1.0168404170008019,7721.0,9.0,1858.0,0.001166,8e-06,5051.0,2670.0,matmult_ampm_hz1k_l1d_ddr4_1x
matmult,ddr4_1x,l1d,hz,hot_zone_size,2,hz256,0.001251,0.001268,1.0135891286970424,8495.0,66.0,1434.0,0.007769,6.1e-05,5704.0,2791.0,matmult_ampm_hz256_l1d_ddr4_1x
matmult,ddr4_1x,l1d,ls,limit_stride,1,ls16,0.001264,0.001268,1.0031645569620253,117737.0,7040.0,22617.0,0.059794,0.006581,81771.0,35966.0,matmult_ampm_ls16_l1d_ddr4_1x
matmult,ddr4_1x,l1d,ls,limit_stride,2,ls2,0.001301,0.001268,0.9746348962336664,98562.0,13701.0,55912.0,0.139009,0.01273,28356.0,70206.0,matmult_ampm_ls2_l1d_ddr4_1x
matmult,ddr4_1x,l1d,sd,start_degree,1,sd1,0.001298,0.001268,0.9768875192604007,160448.0,8160.0,42209.0,0.050858,0.007579,109397.0,51051.0,matmult_ampm_sd1_l1d_ddr4_1x
matmult,ddr4_1x,l1d,sd,start_degree,2,sd2,0.001306,0.001268,0.9709035222052067,177397.0,8291.0,44996.0,0.046737,0.007699,123470.0,53927.0,matmult_ampm_sd2_l1d_ddr4_1x
matmult,ddr4_1x,l2,amt,access_map_table_entries,1,amt256,0.001178,0.001268,1.0764006791171477,27289.0,4238.0,42.0,0.155301,0.89447,22607.0,4682.0,matmult_ampm_amt256_l2_ddr4_1x
matmult,ddr4_1x,l2,amt,access_map_table_entries,2,amt64,0.001179,0.001268,1.0754877014419,84614.0,4464.0,52.0,0.052757,0.9,79910.0,4704.0,matmult_ampm_amt64_l2_ddr4_1x
matmult,ddr4_1x,l2,assoc,access_map_table_assoc,1,assoc16,0.001184,0.001268,1.070945945945946,50940.0,3054.0,78.0,0.059953,0.854027,46281.0,4659.0,matmult_ampm_assoc16_l2_ddr4_1x
matmult,ddr4_1x,l2,assoc,access_map_table_assoc,2,assoc1,0.001186,0.001268,1.0691399662731873,53508.0,2984.0,77.0,0.055767,0.844369,48864.0,4644.0,matmult_ampm_assoc1_l2_ddr4_1x
matmult,ddr4_1x,l2,default,default,1,default,0.001181,0.001268,1.0736663844199832,52197.0,3320.0,76.0,0.063605,0.858103,47550.0,4647.0,matmult_ampm_default_l2_ddr4_1x
matmult,ddr4_1x,l2,epoch,epoch_cycles,1,epoch1024k,0.001181,0.001268,1.0736663844199832,46801.0,3310.0,76.0,0.070725,0.857735,42154.0,4647.0,matmult_ampm_epoch1024k_l2_ddr4_1x
matmult,ddr4_1x,l2,epoch,epoch_cycles,2,epoch64k,0.001185,0.001268,1.0700421940928269,53185.0,2969.0,52.0,0.055824,0.757591,48931.0,4254.0,matmult_ampm_epoch64k_l2_ddr4_1x
matmult,ddr4_1x,l2,hz,hot_zone_size,1,hz1k,0.001178,0.001268,1.0764006791171477,27289.0,4238.0,42.0,0.155301,0.89447,22607.0,4682.0,matmult_ampm_hz1k_l2_ddr4_1x
matmult,ddr4_1x,l2,hz,hot_zone_size,2,hz4k,0.001179,0.001268,1.0754877014419,84614.0,4464.0,52.0,0.052757,0.9,79910.0,4704.0,matmult_ampm_hz4k_l2_ddr4_1x
matmult,ddr4_1x,l2,ls,limit_stride,1,ls16,0.001182,0.001268,1.0727580372250423,54744.0,3349.0,78.0,0.061176,0.86627,50067.0,4677.0,matmult_ampm_ls16_l2_ddr4_1x
matmult,ddr4_1x,l2,ls,limit_stride,2,ls8,0.001182,0.001268,1.0727580372250423,32842.0,3251.0,71.0,0.098989,0.860508,28191.0,4651.0,matmult_ampm_ls8_l2_ddr4_1x
matmult,ddr4_1x,l2,sd,start_degree,1,sd8,0.001183,0.001268,1.0718512256973796,53684.0,3294.0,85.0,0.061359,0.860951,49042.0,4642.0,matmult_ampm_sd8_l2_ddr4_1x
matmult,ddr4_1x,l2,sd,start_degree,2,sd2,0.001184,0.001268,1.070945945945946,51753.0,3400.0,54.0,0.065697,0.881057,46998.0,4755.0,matmult_ampm_sd2_l2_ddr4_1x
matmult,ddr4_2x,l1d,amt,access_map_table_entries,1,amt8,0.001261,0.001287,1.0206185567010309,7446.0,503.0,1754.0,0.067553,0.000467,4670.0,2776.0,matmult_ampm_amt8_l1d_ddr4_2x
matmult,ddr4_2x,l1d,amt,access_map_table_entries,2,amt16,0.001263,0.001287,1.019002375296912,7605.0,392.0,1808.0,0.051545,0.000364,4930.0,2675.0,matmult_ampm_amt16_l1d_ddr4_2x
matmult,ddr4_2x,l1d,assoc,access_map_table_assoc,1,assoc2,0.001321,0.001287,0.9742619227857684,144652.0,8746.0,41823.0,0.060462,0.00813,93474.0,51178.0,matmult_ampm_assoc2_l1d_ddr4_2x
matmult,ddr4_2x,l1d,assoc,access_map_table_assoc,2,assoc1,0.001329,0.001287,0.9683972911963882,153081.0,8858.0,43202.0,0.057865,0.008234,100381.0,52700.0,matmult_ampm_assoc1_l1d_ddr4_2x
matmult,ddr4_2x,l1d,default,default,1,default,0.001333,0.001287,0.9654913728432107,154345.0,8806.0,43210.0,0.057054,0.008193,101739.0,52606.0,matmult_ampm_default_l1d_ddr4_2x
matmult,ddr4_2x,l1d,epoch,epoch_cycles,1,epoch64k,0.001331,0.001287,0.9669421487603306,182287.0,8897.0,45303.0,0.048808,0.008268,127419.0,54868.0,matmult_ampm_epoch64k_l1d_ddr4_2x
matmult,ddr4_2x,l1d,epoch,epoch_cycles,2,epoch1024k,0.001333,0.001287,0.9654913728432107,154277.0,8905.0,43005.0,0.057721,0.008285,101766.0,52511.0,matmult_ampm_epoch1024k_l1d_ddr4_2x
matmult,ddr4_2x,l1d,hz,hot_zone_size,1,hz2k,0.001261,0.001287,1.0206185567010309,7446.0,503.0,1754.0,0.067553,0.000467,4670.0,2776.0,matmult_ampm_hz2k_l1d_ddr4_2x
matmult,ddr4_2x,l1d,hz,hot_zone_size,2,hz1k,0.001263,0.001287,1.019002375296912,7605.0,392.0,1808.0,0.051545,0.000364,4930.0,2675.0,matmult_ampm_hz1k_l1d_ddr4_2x
matmult,ddr4_2x,l1d,ls,limit_stride,1,ls16,0.001279,0.001287,1.0062548866301797,107099.0,8295.0,23166.0,0.077452,0.007753,69775.0,37324.0,matmult_ampm_ls16_l1d_ddr4_2x
matmult,ddr4_2x,l1d,ls,limit_stride,2,ls4,0.00132,0.001287,0.975,122761.0,12761.0,48476.0,0.10395,0.011859,60869.0,61892.0,matmult_ampm_ls4_l1d_ddr4_2x
matmult,ddr4_2x,l1d,sd,start_degree,1,sd1,0.001307,0.001287,0.9846977811782708,161514.0,9662.0,45094.0,0.059821,0.008973,106117.0,55397.0,matmult_ampm_sd1_l1d_ddr4_2x
matmult,ddr4_2x,l1d,sd,start_degree,2,sd2,0.001308,0.001287,0.9839449541284404,159741.0,8684.0,44130.0,0.054363,0.008075,106253.0,53488.0,matmult_ampm_sd2_l1d_ddr4_2x
matmult,ddr4_2x,l2,amt,access_map_table_entries,1,amt128,0.001187,0.001287,1.08424599831508,51522.0,4476.0,46.0,0.086876,0.909941,46829.0,4693.0,matmult_ampm_amt128_l2_ddr4_2x
matmult,ddr4_2x,l2,amt,access_map_table_entries,2,amt64,0.001188,0.001287,1.0833333333333333,86366.0,4467.0,52.0,0.051722,0.90885,81661.0,4705.0,matmult_ampm_amt64_l2_ddr4_2x
matmult,ddr4_2x,l2,assoc,access_map_table_assoc,1,assoc2,0.001197,0.001287,1.0751879699248121,49680.0,3225.0,65.0,0.064915,0.857713,45088.0,4592.0,matmult_ampm_assoc2_l2_ddr4_2x
matmult,ddr4_2x,l2,assoc,access_map_table_assoc,2,assoc16,0.001198,0.001287,1.0742904841402336,49402.0,2992.0,79.0,0.060564,0.84353,44857.0,4545.0,matmult_ampm_assoc16_l2_ddr4_2x
matmult,ddr4_2x,l2,default,default,1,default,0.001197,0.001287,1.0751879699248121,50780.0,3245.0,77.0,0.063903,0.858239,46218.0,4562.0,matmult_ampm_default_l2_ddr4_2x
matmult,ddr4_2x,l2,epoch,epoch_cycles,1,epoch64k,0.001195,0.001287,1.0769874476987447,54297.0,3362.0,82.0,0.061919,0.865157,49699.0,4598.0,matmult_ampm_epoch64k_l2_ddr4_2x
matmult,ddr4_2x,l2,epoch,epoch_cycles,2,epoch128k,0.001197,0.001287,1.0751879699248121,53494.0,3315.0,77.0,0.06197,0.860815,48932.0,4562.0,matmult_ampm_epoch128k_l2_ddr4_2x
matmult,ddr4_2x,l2,hz,hot_zone_size,1,hz2k,0.001187,0.001287,1.08424599831508,51522.0,4476.0,46.0,0.086876,0.909941,46829.0,4693.0,matmult_ampm_hz2k_l2_ddr4_2x
matmult,ddr4_2x,l2,hz,hot_zone_size,2,hz4k,0.001188,0.001287,1.0833333333333333,86366.0,4467.0,52.0,0.051722,0.90885,81661.0,4705.0,matmult_ampm_hz4k_l2_ddr4_2x
matmult,ddr4_2x,l2,ls,limit_stride,1,ls16,0.001196,0.001287,1.076086956521739,53405.0,3237.0,81.0,0.060612,0.851618,48865.0,4540.0,matmult_ampm_ls16_l2_ddr4_2x
matmult,ddr4_2x,l2,ls,limit_stride,2,ls8,0.001196,0.001287,1.076086956521739,32303.0,3230.0,73.0,0.099991,0.856991,27736.0,4567.0,matmult_ampm_ls8_l2_ddr4_2x
matmult,ddr4_2x,l2,sd,start_degree,1,sd16,0.00119,0.001287,1.0815126050420167,54024.0,3334.0,101.0,0.061713,0.863507,49403.0,4621.0,matmult_ampm_sd16_l2_ddr4_2x
matmult,ddr4_2x,l2,sd,start_degree,2,sd8,0.001196,0.001287,1.076086956521739,52664.0,3306.0,84.0,0.062775,0.867489,48048.0,4616.0,matmult_ampm_sd8_l2_ddr4_2x
merge,ddr4_1x,l1d,amt,access_map_table_entries,1,amt16,0.009751,0.01162,1.1916726489590812,809537.0,139448.0,2884.0,0.172256,0.943523,610911.0,198626.0,merge_ampm_amt16_l1d_ddr4_1x
merge,ddr4_1x,l1d,amt,access_map_table_entries,2,amt32,0.009762,0.01162,1.1903298504404836,605746.0,117939.0,1581.0,0.1947,0.910346,412703.0,193043.0,merge_ampm_amt32_l1d_ddr4_1x
merge,ddr4_1x,l1d,assoc,access_map_table_assoc,1,assoc16,0.009785,0.01162,1.1875319366377108,2107744.0,129668.0,5149.0,0.06152,0.704078,1950948.0,156796.0,merge_ampm_assoc16_l1d_ddr4_1x
merge,ddr4_1x,l1d,assoc,access_map_table_assoc,2,assoc2,0.009786,0.01162,1.1874105865522175,2122848.0,130832.0,4875.0,0.06163,0.698411,1968327.0,154521.0,merge_ampm_assoc2_l1d_ddr4_1x
merge,ddr4_1x,l1d,default,default,1,default,0.009783,0.01162,1.1877747112337729,2098777.0,129587.0,5149.0,0.061744,0.703593,1942074.0,156703.0,merge_ampm_default_l1d_ddr4_1x
merge,ddr4_1x,l1d,epoch,epoch_cycles,1,epoch1024k,0.009773,0.01162,1.18899007469559,2058873.0,131024.0,5185.0,0.063639,0.70618,1902124.0,156749.0,merge_ampm_epoch1024k_l1d_ddr4_1x
merge,ddr4_1x,l1d,epoch,epoch_cycles,2,epoch128k,0.009776,0.01162,1.1886252045826513,2123440.0,129805.0,5149.0,0.06113,0.703943,1966735.0,156705.0,merge_ampm_epoch128k_l1d_ddr4_1x
merge,ddr4_1x,l1d,hz,hot_zone_size,1,hz1k,0.009751,0.01162,1.1916726489590812,809537.0,139448.0,2884.0,0.172256,0.943523,610911.0,198626.0,merge_ampm_hz1k_l1d_ddr4_1x
merge,ddr4_1x,l1d,hz,hot_zone_size,2,hz512,0.009762,0.01162,1.1903298504404836,605746.0,117939.0,1581.0,0.1947,0.910346,412703.0,193043.0,merge_ampm_hz512_l1d_ddr4_1x
merge,ddr4_1x,l1d,ls,limit_stride,1,ls8,0.009777,0.01162,1.1885036309706456,1304608.0,124038.0,3810.0,0.095077,0.725445,1142667.0,161941.0,merge_ampm_ls8_l1d_ddr4_1x
merge,ddr4_1x,l1d,ls,limit_stride,2,ls4,0.009779,0.01162,1.1882605583392987,936575.0,119900.0,2159.0,0.12802,0.750679,770724.0,165851.0,merge_ampm_ls4_l1d_ddr4_1x
merge,ddr4_1x,l1d,sd,start_degree,1,sd1,0.009777,0.01162,1.1885036309706456,2125918.0,131236.0,5315.0,0.061731,0.711989,1967480.0,158438.0,merge_ampm_sd1_l1d_ddr4_1x
merge,ddr4_1x,l1d,sd,start_degree,2,sd16,0.009783,0.01162,1.1877747112337729,2101961.0,129604.0,5154.0,0.061659,0.703605,1945262.0,156699.0,merge_ampm_sd16_l1d_ddr4_1x
merge,ddr4_1x,l2,amt,access_map_table_entries,1,amt256,0.010001,0.01162,1.1618838116188381,378018.0,48079.0,379.0,0.127187,0.965306,307612.0,70406.0,merge_ampm_amt256_l2_ddr4_1x
merge,ddr4_1x,l2,amt,access_map_table_entries,2,amt512,0.010008,0.01162,1.1610711430855316,194067.0,46556.0,219.0,0.239897,0.963733,123903.0,70164.0,merge_ampm_amt512_l2_ddr4_1x
merge,ddr4_1x,l2,assoc,access_map_table_assoc,1,assoc16,0.010036,0.01162,1.1578318055001993,728729.0,49519.0,618.0,0.067953,0.874817,663227.0,65502.0,merge_ampm_assoc16_l2_ddr4_1x
merge,ddr4_1x,l2,assoc,access_map_table_assoc,2,assoc2,0.010036,0.01162,1.1578318055001993,735944.0,49585.0,664.0,0.067376,0.860656,671258.0,64686.0,merge_ampm_assoc2_l2_ddr4_1x
merge,ddr4_1x,l2,default,default,1,default,0.010042,0.01162,1.1571400119498108,715480.0,48680.0,648.0,0.068038,0.879256,649508.0,65972.0,merge_ampm_default_l2_ddr4_1x
merge,ddr4_1x,l2,epoch,epoch_cycles,1,epoch1024k,0.010021,0.01162,1.1595649136812693,719888.0,50382.0,646.0,0.069986,0.877521,654241.0,65647.0,merge_ampm_epoch1024k_l2_ddr4_1x
merge,ddr4_1x,l2,epoch,epoch_cycles,2,epoch512k,0.010026,0.01162,1.158986634749651,722722.0,50378.0,648.0,0.069706,0.875697,657202.0,65520.0,merge_ampm_epoch512k_l2_ddr4_1x
merge,ddr4_1x,l2,hz,hot_zone_size,1,hz1k,0.010001,0.01162,1.1618838116188381,378018.0,48079.0,379.0,0.127187,0.965306,307612.0,70406.0,merge_ampm_hz1k_l2_ddr4_1x
merge,ddr4_1x,l2,hz,hot_zone_size,2,hz512,0.010008,0.01162,1.1610711430855316,194067.0,46556.0,219.0,0.239897,0.963733,123903.0,70164.0,merge_ampm_hz512_l2_ddr4_1x
merge,ddr4_1x,l2,ls,limit_stride,1,ls4,0.010023,0.01162,1.1593335328743888,270028.0,45741.0,277.0,0.169394,0.875962,204516.0,65512.0,merge_ampm_ls4_l2_ddr4_1x
merge,ddr4_1x,l2,ls,limit_stride,2,ls8,0.010027,0.01162,1.1588710481699411,457820.0,48126.0,431.0,0.10512,0.885271,391839.0,65981.0,merge_ampm_ls8_l2_ddr4_1x
merge,ddr4_1x,l2,sd,start_degree,1,sd2,0.010037,0.01162,1.1577164491381886,717490.0,48703.0,583.0,0.06788,0.880196,651462.0,66028.0,merge_ampm_sd2_l2_ddr4_1x
merge,ddr4_1x,l2,sd,start_degree,2,sd16,0.010042,0.01162,1.1571400119498108,718111.0,48784.0,667.0,0.067934,0.879815,652120.0,65991.0,merge_ampm_sd16_l2_ddr4_1x
merge,ddr4_2x,l1d,amt,access_map_table_entries,1,amt16,0.009736,0.011685,1.2001848808545603,907768.0,142873.0,2931.0,0.157389,0.942353,709472.0,198296.0,merge_ampm_amt16_l1d_ddr4_2x
merge,ddr4_2x,l1d,amt,access_map_table_entries,2,amt32,0.009755,0.011685,1.1978472578165043,620997.0,119307.0,1580.0,0.192122,0.911262,427958.0,193039.0,merge_ampm_amt32_l1d_ddr4_2x
merge,ddr4_2x,l1d,assoc,access_map_table_assoc,1,assoc4,0.009761,0.011685,1.197110951746747,2065894.0,131174.0,5148.0,0.063495,0.710862,1907953.0,157941.0,merge_ampm_assoc4_l1d_ddr4_2x
merge,ddr4_2x,l1d,assoc,access_map_table_assoc,2,assoc16,0.009764,0.011685,1.1967431380581728,2122037.0,131431.0,5149.0,0.061936,0.707272,1965138.0,156899.0,merge_ampm_assoc16_l1d_ddr4_2x
merge,ddr4_2x,l1d,default,default,1,default,0.009758,0.011685,1.1974789915966386,2111330.0,131701.0,5149.0,0.062378,0.707245,1954550.0,156780.0,merge_ampm_default_l1d_ddr4_2x
merge,ddr4_2x,l1d,epoch,epoch_cycles,1,epoch1024k,0.009748,0.011685,1.1987074271645466,2057004.0,132783.0,5189.0,0.064552,0.710837,1899749.0,157255.0,merge_ampm_epoch1024k_l1d_ddr4_2x
merge,ddr4_2x,l1d,epoch,epoch_cycles,2,epoch128k,0.009754,0.011685,1.197970063563666,2115724.0,131877.0,5149.0,0.062332,0.707521,1958943.0,156781.0,merge_ampm_epoch128k_l1d_ddr4_2x
merge,ddr4_2x,l1d,hz,hot_zone_size,1,hz1k,0.009736,0.011685,1.2001848808545603,907768.0,142873.0,2931.0,0.157389,0.942353,709472.0,198296.0,merge_ampm_hz1k_l1d_ddr4_2x
merge,ddr4_2x,l1d,hz,hot_zone_size,2,hz512,0.009755,0.011685,1.1978472578165043,620997.0,119307.0,1580.0,0.192122,0.911262,427958.0,193039.0,merge_ampm_hz512_l1d_ddr4_2x
merge,ddr4_2x,l1d,ls,limit_stride,1,ls8,0.00976,0.011685,1.197233606557377,1320690.0,125463.0,3810.0,0.094998,0.728784,1158495.0,162195.0,merge_ampm_ls8_l1d_ddr4_2x
merge,ddr4_2x,l1d,ls,limit_stride,2,ls4,0.00977,0.011685,1.1960081883316274,936352.0,121401.0,2159.0,0.129653,0.756798,769692.0,166660.0,merge_ampm_ls4_l1d_ddr4_2x
merge,ddr4_2x,l1d,sd,start_degree,1,sd1,0.009755,0.011685,1.1978472578165043,2132326.0,133078.0,5314.0,0.06241,0.715281,1973774.0,158552.0,merge_ampm_sd1_l1d_ddr4_2x
merge,ddr4_2x,l1d,sd,start_degree,2,sd2,0.009758,0.011685,1.1974789915966386,2110991.0,131701.0,5136.0,0.062388,0.707245,1954211.0,156780.0,merge_ampm_sd2_l1d_ddr4_2x
merge,ddr4_2x,l2,amt,access_map_table_entries,1,amt64,0.009988,0.011685,1.169903884661594,1075010.0,53111.0,913.0,0.049405,0.952117,1004239.0,70771.0,merge_ampm_amt64_l2_ddr4_2x
merge,ddr4_2x,l2,amt,access_map_table_entries,2,amt128,0.009996,0.011685,1.168967587034814,647493.0,50101.0,614.0,0.077377,0.956436,577092.0,70401.0,merge_ampm_amt128_l2_ddr4_2x
merge,ddr4_2x,l2,assoc,access_map_table_assoc,1,assoc4,0.009973,0.011685,1.1716634914268524,718750.0,52698.0,653.0,0.073319,0.916965,650819.0,67931.0,merge_ampm_assoc4_l2_ddr4_2x
merge,ddr4_2x,l2,assoc,access_map_table_assoc,2,assoc16,0.009983,0.011685,1.1704898327156164,760348.0,53196.0,624.0,0.069963,0.883919,694664.0,65684.0,merge_ampm_assoc16_l2_ddr4_2x
merge,ddr4_2x,l2,default,default,1,default,0.009982,0.011685,1.1706070927669805,749861.0,52812.0,653.0,0.070429,0.892019,683571.0,66290.0,merge_ampm_default_l2_ddr4_2x
merge,ddr4_2x,l2,epoch,epoch_cycles,1,epoch1024k,0.009976,0.011685,1.171311146752205,743017.0,53283.0,653.0,0.071712,0.891825,676785.0,66232.0,merge_ampm_epoch1024k_l2_ddr4_2x
merge,ddr4_2x,l2,epoch,epoch_cycles,2,epoch512k,0.009976,0.011685,1.171311146752205,746533.0,53283.0,653.0,0.071374,0.891825,680301.0,66232.0,merge_ampm_epoch512k_l2_ddr4_2x
merge,ddr4_2x,l2,hz,hot_zone_size,1,hz4k,0.009988,0.011685,1.169903884661594,1075010.0,53111.0,913.0,0.049405,0.952117,1004239.0,70771.0,merge_ampm_hz4k_l2_ddr4_2x
merge,ddr4_2x,l2,hz,hot_zone_size,2,hz2k,0.009996,0.011685,1.168967587034814,647493.0,50101.0,614.0,0.077377,0.956436,577092.0,70401.0,merge_ampm_hz2k_l2_ddr4_2x
merge,ddr4_2x,l2,ls,limit_stride,1,ls16,0.009983,0.011685,1.1704898327156164,787174.0,52926.0,684.0,0.067235,0.887306,721127.0,66047.0,merge_ampm_ls16_l2_ddr4_2x
merge,ddr4_2x,l2,ls,limit_stride,2,ls8,0.00999,0.011685,1.1696696696696696,489819.0,50683.0,435.0,0.103473,0.890003,423845.0,65974.0,merge_ampm_ls8_l2_ddr4_2x
merge,ddr4_2x,l2,sd,start_degree,1,sd8,0.009981,0.011685,1.1707243763149984,750529.0,52818.0,671.0,0.070374,0.892045,684239.0,66290.0,merge_ampm_sd8_l2_ddr4_2x
merge,ddr4_2x,l2,sd,start_degree,2,sd16,0.009982,0.011685,1.1706070927669805,751545.0,52819.0,670.0,0.070281,0.892047,685256.0,66289.0,merge_ampm_sd16_l2_ddr4_2x
quick,ddr4_1x,l1d,amt,access_map_table_entries,1,amt8,0.008251,0.009721,1.1781602230032724,976398.0,79275.0,1144.0,0.081191,0.973966,893782.0,82616.0,quick_ampm_amt8_l1d_ddr4_1x
quick,ddr4_1x,l1d,amt,access_map_table_entries,2,amt16,0.008259,0.009721,1.1770190095653226,536118.0,78605.0,616.0,0.146619,0.973967,454580.0,81538.0,quick_ampm_amt16_l1d_ddr4_1x
quick,ddr4_1x,l1d,assoc,access_map_table_assoc,1,assoc16,0.008327,0.009721,1.167407229494416,994036.0,76547.0,1747.0,0.077006,0.96391,911656.0,82380.0,quick_ampm_assoc16_l1d_ddr4_1x
quick,ddr4_1x,l1d,assoc,access_map_table_assoc,2,assoc4,0.008353,0.009721,1.1637734945528555,1090926.0,75664.0,1695.0,0.069358,0.963664,1008662.0,82264.0,quick_ampm_assoc4_l1d_ddr4_1x
quick,ddr4_1x,l1d,default,default,1,default,0.008346,0.009721,1.1647495806374313,1054182.0,76004.0,1760.0,0.072098,0.963478,971824.0,82358.0,quick_ampm_default_l1d_ddr4_1x
quick,ddr4_1x,l1d,epoch,epoch_cycles,1,epoch1024k,0.008322,0.009721,1.168108627733718,1028653.0,78243.0,1747.0,0.076064,0.975088,945422.0,83231.0,quick_ampm_epoch1024k_l1d_ddr4_1x
quick,ddr4_1x,l1d,epoch,epoch_cycles,2,epoch64k,0.008346,0.009721,1.1647495806374313,1085243.0,76270.0,1762.0,0.070279,0.971407,1002246.0,82997.0,quick_ampm_epoch64k_l1d_ddr4_1x
quick,ddr4_1x,l1d,hz,hot_zone_size,1,hz2k,0.008251,0.009721,1.1781602230032724,976398.0,79275.0,1144.0,0.081191,0.973966,893782.0,82616.0,quick_ampm_hz2k_l1d_ddr4_1x
quick,ddr4_1x,l1d,hz,hot_zone_size,2,hz1k,0.008259,0.009721,1.1770190095653226,536118.0,78605.0,616.0,0.146619,0.973967,454580.0,81538.0,quick_ampm_hz1k_l1d_ddr4_1x
quick,ddr4_1x,l1d,ls,limit_stride,1,ls16,0.008347,0.009721,1.1646100395351624,1109025.0,76171.0,1875.0,0.068683,0.963093,1026436.0,82589.0,quick_ampm_ls16_l1d_ddr4_1x
quick,ddr4_1x,l1d,ls,limit_stride,2,ls8,0.00835,0.009721,1.1641916167664672,661721.0,75479.0,1053.0,0.114065,0.963627,580438.0,81283.0,quick_ampm_ls8_l1d_ddr4_1x
quick,ddr4_1x,l1d,sd,start_degree,1,sd16,0.008342,0.009721,1.1653080795972188,1090111.0,76753.0,1763.0,0.070408,0.972172,1007059.0,83052.0,quick_ampm_sd16_l1d_ddr4_1x
quick,ddr4_1x,l1d,sd,start_degree,2,sd8,0.008346,0.009721,1.1647495806374313,1069178.0,76015.0,1762.0,0.071097,0.963484,986819.0,82359.0,quick_ampm_sd8_l1d_ddr4_1x
quick,ddr4_1x,l2,amt,access_map_table_entries,1,amt64,0.008592,0.009721,1.131401303538175,524560.0,25576.0,329.0,0.048757,0.977228,496876.0,27684.0,quick_ampm_amt64_l2_ddr4_1x
quick,ddr4_1x,l2,amt,access_map_table_entries,2,amt256,0.008599,0.009721,1.1304802884056284,164078.0,25241.0,240.0,0.153835,0.97951,136384.0,27694.0,quick_ampm_amt256_l2_ddr4_1x
quick,ddr4_1x,l2,assoc,access_map_table_assoc,1,assoc16,0.00863,0.009721,1.1264194669756662,274780.0,24707.0,301.0,0.089916,0.975135,247162.0,27618.0,quick_ampm_assoc16_l2_ddr4_1x
quick,ddr4_1x,l2,assoc,access_map_table_assoc,2,assoc4,0.008649,0.009721,1.1239449647358075,308735.0,24460.0,323.0,0.079227,0.974852,281100.0,27635.0,quick_ampm_assoc4_l2_ddr4_1x
quick,ddr4_1x,l2,default,default,1,default,0.008641,0.009721,1.1249855340817037,297238.0,24530.0,327.0,0.082526,0.97496,269581.0,27657.0,quick_ampm_default_l2_ddr4_1x
quick,ddr4_1x,l2,epoch,epoch_cycles,1,epoch1024k,0.00862,0.009721,1.1277262180974479,273607.0,26072.0,329.0,0.09529,0.982218,245788.0,27819.0,quick_ampm_epoch1024k_l2_ddr4_1x
quick,ddr4_1x,l2,epoch,epoch_cycles,2,epoch64k,0.008649,0.009721,1.1239449647358075,306717.0,23663.0,329.0,0.077149,0.974307,279049.0,27668.0,quick_ampm_epoch64k_l2_ddr4_1x
quick,ddr4_1x,l2,hz,hot_zone_size,1,hz4k,0.008592,0.009721,1.131401303538175,524560.0,25576.0,329.0,0.048757,0.977228,496876.0,27684.0,quick_ampm_hz4k_l2_ddr4_1x
quick,ddr4_1x,l2,hz,hot_zone_size,2,hz1k,0.008599,0.009721,1.1304802884056284,164078.0,25241.0,240.0,0.153835,0.97951,136384.0,27694.0,quick_ampm_hz1k_l2_ddr4_1x
quick,ddr4_1x,l2,ls,limit_stride,1,ls16,0.008641,0.009721,1.1249855340817037,310771.0,24558.0,337.0,0.079023,0.974988,283107.0,27664.0,quick_ampm_ls16_l2_ddr4_1x
quick,ddr4_1x,l2,ls,limit_stride,2,ls8,0.008646,0.009721,1.1243349525792274,185215.0,24358.0,259.0,0.131512,0.97471,157601.0,27614.0,quick_ampm_ls8_l2_ddr4_1x
quick,ddr4_1x,l2,sd,start_degree,1,sd16,0.008641,0.009721,1.1249855340817037,323890.0,24553.0,333.0,0.075807,0.974944,296235.0,27655.0,quick_ampm_sd16_l2_ddr4_1x
quick,ddr4_1x,l2,sd,start_degree,2,sd8,0.008642,0.009721,1.1248553575561213,307509.0,24539.0,334.0,0.079799,0.974969,279853.0,27656.0,quick_ampm_sd8_l2_ddr4_1x
quick,ddr4_2x,l1d,amt,access_map_table_entries,1,amt8,0.008247,0.009661,1.1714562871347154,978148.0,79228.0,1166.0,0.080998,0.973987,895505.0,82643.0,quick_ampm_amt8_l1d_ddr4_2x
quick,ddr4_2x,l1d,amt,access_map_table_entries,2,amt16,0.008251,0.009661,1.170888377166404,532855.0,78575.0,613.0,0.14746,0.973752,451339.0,81516.0,quick_ampm_amt16_l1d_ddr4_2x
quick,ddr4_2x,l1d,assoc,access_map_table_assoc,1,assoc16,0.008292,0.009661,1.1650988904968642,1001064.0,77323.0,1749.0,0.077241,0.972396,917996.0,83068.0,quick_ampm_assoc16_l1d_ddr4_2x
quick,ddr4_2x,l1d,assoc,access_map_table_assoc,2,assoc4,0.008307,0.009661,1.162995064403515,1094549.0,76487.0,1697.0,0.06988,0.972301,1011606.0,82943.0,quick_ampm_assoc4_l1d_ddr4_2x
quick,ddr4_2x,l1d,default,default,1,default,0.008299,0.009661,1.164116158573322,1060667.0,76835.0,1762.0,0.07244,0.972103,977625.0,83042.0,quick_ampm_default_l1d_ddr4_2x
quick,ddr4_2x,l1d,epoch,epoch_cycles,1,epoch1024k,0.008276,0.009661,1.1673513774770419,1016948.0,78651.0,1747.0,0.07734,0.97519,933720.0,83228.0,quick_ampm_epoch1024k_l1d_ddr4_2x
quick,ddr4_2x,l1d,epoch,epoch_cycles,2,epoch512k,0.008303,0.009661,1.1635553414428519,1017287.0,76594.0,1745.0,0.075292,0.964551,934874.0,82413.0,quick_ampm_epoch512k_l1d_ddr4_2x
quick,ddr4_2x,l1d,hz,hot_zone_size,1,hz2k,0.008247,0.009661,1.1714562871347154,978148.0,79228.0,1166.0,0.080998,0.973987,895505.0,82643.0,quick_ampm_hz2k_l1d_ddr4_2x
quick,ddr4_2x,l1d,hz,hot_zone_size,2,hz1k,0.008251,0.009661,1.170888377166404,532855.0,78575.0,613.0,0.14746,0.973752,451339.0,81516.0,quick_ampm_hz1k_l1d_ddr4_2x
quick,ddr4_2x,l1d,ls,limit_stride,1,ls16,0.008303,0.009661,1.1635553414428519,1115792.0,76913.0,1877.0,0.068931,0.971627,1032523.0,83269.0,quick_ampm_ls16_l1d_ddr4_2x
quick,ddr4_2x,l1d,ls,limit_stride,2,ls8,0.008303,0.009661,1.1635553414428519,662755.0,76336.0,1054.0,0.11518,0.972396,580789.0,81966.0,quick_ampm_ls8_l1d_ddr4_2x
quick,ddr4_2x,l1d,sd,start_degree,1,sd16,0.008299,0.009661,1.164116158573322,1084857.0,76854.0,1763.0,0.070843,0.972097,1001813.0,83044.0,quick_ampm_sd16_l1d_ddr4_2x
quick,ddr4_2x,l1d,sd,start_degree,2,sd8,0.008299,0.009661,1.164116158573322,1073224.0,76846.0,1764.0,0.071603,0.972094,990187.0,83037.0,quick_ampm_sd8_l1d_ddr4_2x
quick,ddr4_2x,l2,amt,access_map_table_entries,1,amt64,0.008573,0.009661,1.1269100664878104,523964.0,25579.0,335.0,0.048818,0.978015,496259.0,27705.0,quick_ampm_amt64_l2_ddr4_2x
quick,ddr4_2x,l2,amt,access_map_table_entries,2,amt128,0.008575,0.009661,1.1266472303206998,306187.0,25414.0,289.0,0.083002,0.979156,278479.0,27708.0,quick_ampm_amt128_l2_ddr4_2x
quick,ddr4_2x,l2,assoc,access_map_table_assoc,1,assoc16,0.008591,0.009661,1.124548946571994,273959.0,24895.0,298.0,0.090871,0.977002,246297.0,27662.0,quick_ampm_assoc16_l2_ddr4_2x
quick,ddr4_2x,l2,assoc,access_map_table_assoc,2,assoc2,0.008599,0.009661,1.1235027328759157,314189.0,24769.0,320.0,0.078835,0.976888,286509.0,27680.0,quick_ampm_assoc2_l2_ddr4_2x
quick,ddr4_2x,l2,default,default,1,default,0.008597,0.009661,1.1237641037571244,296641.0,24763.0,324.0,0.083478,0.976883,268940.0,27701.0,quick_ampm_default_l2_ddr4_2x
quick,ddr4_2x,l2,epoch,epoch_cycles,1,epoch1024k,0.008577,0.009661,1.1263845167307915,273607.0,26616.0,326.0,0.097278,0.982575,245788.0,27819.0,quick_ampm_epoch1024k_l2_ddr4_2x
quick,ddr4_2x,l2,epoch,epoch_cycles,2,epoch512k,0.008605,0.009661,1.1227193492155723,266685.0,24993.0,324.0,0.093717,0.967109,239248.0,27437.0,quick_ampm_epoch512k_l2_ddr4_2x
quick,ddr4_2x,l2,hz,hot_zone_size,1,hz4k,0.008573,0.009661,1.1269100664878104,523964.0,25579.0,335.0,0.048818,0.978015,496259.0,27705.0,quick_ampm_hz4k_l2_ddr4_2x
quick,ddr4_2x,l2,hz,hot_zone_size,2,hz2k,0.008575,0.009661,1.1266472303206998,306187.0,25414.0,289.0,0.083002,0.979156,278479.0,27708.0,quick_ampm_hz2k_l2_ddr4_2x
quick,ddr4_2x,l2,ls,limit_stride,1,ls16,0.008597,0.009661,1.1237641037571244,310364.0,24823.0,333.0,0.07998,0.977014,282654.0,27710.0,quick_ampm_ls16_l2_ddr4_2x
quick,ddr4_2x,l2,ls,limit_stride,2,ls8,0.0086,0.009661,1.1233720930232558,185083.0,24668.0,260.0,0.133281,0.976796,157423.0,27660.0,quick_ampm_ls8_l2_ddr4_2x
quick,ddr4_2x,l2,sd,start_degree,1,sd16,0.008597,0.009661,1.1237641037571244,323705.0,24751.0,339.0,0.076462,0.976756,295987.0,27718.0,quick_ampm_sd16_l2_ddr4_2x
quick,ddr4_2x,l2,sd,start_degree,2,sd8,0.008597,0.009661,1.1237641037571244,307205.0,24779.0,330.0,0.080659,0.976859,279505.0,27700.0,quick_ampm_sd8_l2_ddr4_2x
spmv,ddr4_1x,l1d,amt,access_map_table_entries,1,amt64,0.008211,0.01059,1.2897332846181953,1083538.0,57381.0,23492.0,0.052957,0.036452,889069.0,194469.0,spmv_ampm_amt64_l1d_ddr4_1x
spmv,ddr4_1x,l1d,amt,access_map_table_entries,2,amt16,0.008749,0.01059,1.2104240484626816,451349.0,49633.0,28802.0,0.109966,0.029928,343542.0,107807.0,spmv_ampm_amt16_l1d_ddr4_1x
spmv,ddr4_1x,l1d,assoc,access_map_table_assoc,1,assoc16,0.006399,0.01059,1.6549460853258322,4029763.0,181562.0,2552717.0,0.045055,0.104266,1287846.0,2741917.0,spmv_ampm_assoc16_l1d_ddr4_1x
spmv,ddr4_1x,l1d,assoc,access_map_table_assoc,2,assoc4,0.007011,0.01059,1.5104835258878906,3381510.0,136707.0,2019563.0,0.040428,0.081987,1152969.0,2228541.0,spmv_ampm_assoc4_l1d_ddr4_1x
spmv,ddr4_1x,l1d,default,default,1,default,0.006399,0.01059,1.6549460853258322,4029763.0,181562.0,2552717.0,0.045055,0.104266,1287846.0,2741917.0,spmv_ampm_default_l1d_ddr4_1x
spmv,ddr4_1x,l1d,epoch,epoch_cycles,1,epoch128k,0.006389,0.01059,1.6575363906714666,4041297.0,181645.0,2550166.0,0.044947,0.10428,1302393.0,2738904.0,spmv_ampm_epoch128k_l1d_ddr4_1x
spmv,ddr4_1x,l1d,epoch,epoch_cycles,2,epoch64k,0.006391,0.01059,1.6570176811140667,4031122.0,181176.0,2543923.0,0.044944,0.104042,1298507.0,2732615.0,spmv_ampm_epoch64k_l1d_ddr4_1x
spmv,ddr4_1x,l1d,hz,hot_zone_size,1,hz256,0.008211,0.01059,1.2897332846181953,1083538.0,57381.0,23492.0,0.052957,0.036452,889069.0,194469.0,spmv_ampm_hz256_l1d_ddr4_1x
spmv,ddr4_1x,l1d,hz,hot_zone_size,2,hz1k,0.008749,0.01059,1.2104240484626816,451349.0,49633.0,28802.0,0.109966,0.029928,343542.0,107807.0,spmv_ampm_hz1k_l1d_ddr4_1x
spmv,ddr4_1x,l1d,ls,limit_stride,1,ls16,0.006356,0.01059,1.6661422278162368,4053580.0,181319.0,2539607.0,0.044731,0.104145,1324995.0,2728585.0,spmv_ampm_ls16_l1d_ddr4_1x
spmv,ddr4_1x,l1d,ls,limit_stride,2,ls8,0.006669,0.01059,1.587944219523167,3936447.0,189343.0,2526079.0,0.0481,0.108796,1212872.0,2723575.0,spmv_ampm_ls8_l1d_ddr4_1x
spmv,ddr4_1x,l1d,sd,start_degree,1,sd16,0.006386,0.01059,1.658315064202944,4023262.0,181140.0,2544112.0,0.045023,0.10404,1290406.0,2732856.0,spmv_ampm_sd16_l1d_ddr4_1x
spmv,ddr4_1x,l1d,sd,start_degree,2,sd8,0.006395,0.01059,1.6559812353401095,4034259.0,180928.0,2549274.0,0.044848,0.103902,1296424.0,2737835.0,spmv_ampm_sd8_l1d_ddr4_1x
spmv,ddr4_1x,l2,amt,access_map_table_entries,1,amt512,0.00761,0.01059,1.3915900131406047,699631.0,223236.0,14188.0,0.319077,0.421502,442436.0,257195.0,spmv_ampm_amt512_l2_ddr4_1x
spmv,ddr4_1x,l2,amt,access_map_table_entries,2,amt256,0.007667,0.01059,1.3812442937263598,724166.0,225956.0,15889.0,0.312022,0.423997,463551.0,260615.0,spmv_ampm_amt256_l2_ddr4_1x
spmv,ddr4_1x,l2,assoc,access_map_table_assoc,1,assoc4,0.007296,0.01059,1.4514802631578947,3851594.0,355968.0,70980.0,0.092421,0.569709,3418932.0,432662.0,spmv_ampm_assoc4_l2_ddr4_1x
spmv,ddr4_1x,l2,assoc,access_map_table_assoc,2,assoc16,0.007309,0.01059,1.4488986181420167,3929099.0,361589.0,77773.0,0.092028,0.572648,3485322.0,443777.0,spmv_ampm_assoc16_l2_ddr4_1x
spmv,ddr4_1x,l2,default,default,1,default,0.007309,0.01059,1.4488986181420167,3929099.0,361589.0,77773.0,0.092028,0.572648,3485322.0,443777.0,spmv_ampm_default_l2_ddr4_1x
spmv,ddr4_1x,l2,epoch,epoch_cycles,1,epoch128k,0.007307,0.01059,1.4492951963870262,3959210.0,362920.0,78071.0,0.091665,0.573853,3513967.0,445243.0,spmv_ampm_epoch128k_l2_ddr4_1x
spmv,ddr4_1x,l2,epoch,epoch_cycles,2,epoch64k,0.007314,0.01059,1.4479081214109926,3954605.0,361764.0,77742.0,0.091479,0.572744,3510539.0,444066.0,spmv_ampm_epoch64k_l2_ddr4_1x
spmv,ddr4_1x,l2,hz,hot_zone_size,1,hz512,0.00761,0.01059,1.3915900131406047,699631.0,223236.0,14188.0,0.319077,0.421502,442436.0,257195.0,spmv_ampm_hz512_l2_ddr4_1x
spmv,ddr4_1x,l2,hz,hot_zone_size,2,hz1k,0.007667,0.01059,1.3812442937263598,724166.0,225956.0,15889.0,0.312022,0.423997,463551.0,260615.0,spmv_ampm_hz1k_l2_ddr4_1x
spmv,ddr4_1x,l2,ls,limit_stride,1,ls16,0.007297,0.01059,1.4512813484993834,4099529.0,364663.0,79611.0,0.088952,0.575268,3650710.0,448819.0,spmv_ampm_ls16_l2_ddr4_1x
spmv,ddr4_1x,l2,ls,limit_stride,2,ls8,0.007436,0.01059,1.4241527703066166,2540165.0,334996.0,57824.0,0.13188,0.549947,2143228.0,396937.0,spmv_ampm_ls8_l2_ddr4_1x
spmv,ddr4_1x,l2,sd,start_degree,1,sd16,0.007306,0.01059,1.4494935669312894,3939258.0,361540.0,77413.0,0.091779,0.572586,3495961.0,443297.0,spmv_ampm_sd16_l2_ddr4_1x
spmv,ddr4_1x,l2,sd,start_degree,2,sd2,0.007314,0.01059,1.4479081214109926,3921651.0,361119.0,77018.0,0.092083,0.5724,3478796.0,442855.0,spmv_ampm_sd2_l2_ddr4_1x
spmv,ddr4_2x,l1d,amt,access_map_table_entries,1,amt64,0.007391,0.009039,1.2229738871600595,1144861.0,57626.0,23529.0,0.050334,0.036618,949643.0,195218.0,spmv_ampm_amt64_l1d_ddr4_2x
spmv,ddr4_2x,l1d,amt,access_map_table_entries,2,amt32,0.007758,0.009039,1.1651198762567672,531826.0,58788.0,25190.0,0.11054,0.035406,420583.0,111243.0,spmv_ampm_amt32_l1d_ddr4_2x
spmv,ddr4_2x,l1d,assoc,access_map_table_assoc,1,assoc16,0.006305,0.009039,1.433624107850912,3422049.0,134682.0,2028771.0,0.039357,0.080802,1185756.0,2236293.0,spmv_ampm_assoc16_l1d_ddr4_2x
spmv,ddr4_2x,l1d,assoc,access_map_table_assoc,2,assoc4,0.006414,0.009039,1.4092609915809167,3327812.0,127279.0,1933724.0,0.038247,0.076961,1182520.0,2145292.0,spmv_ampm_assoc4_l1d_ddr4_2x
spmv,ddr4_2x,l1d,default,default,1,default,0.006305,0.009039,1.433624107850912,3422049.0,134682.0,2028771.0,0.039357,0.080802,1185756.0,2236293.0,spmv_ampm_default_l1d_ddr4_2x
spmv,ddr4_2x,l1d,epoch,epoch_cycles,1,epoch64k,0.006278,0.009039,1.439789741956037,3363344.0,134285.0,2003539.0,0.039926,0.080569,1152965.0,2210379.0,spmv_ampm_epoch64k_l1d_ddr4_2x
spmv,ddr4_2x,l1d,epoch,epoch_cycles,2,epoch128k,0.006298,0.009039,1.4352175293744047,3405061.0,134927.0,2015680.0,0.039625,0.080957,1181582.0,2223479.0,spmv_ampm_epoch128k_l1d_ddr4_2x
spmv,ddr4_2x,l1d,hz,hot_zone_size,1,hz256,0.007391,0.009039,1.2229738871600595,1144861.0,57626.0,23529.0,0.050334,0.036618,949643.0,195218.0,spmv_ampm_hz256_l1d_ddr4_2x
spmv,ddr4_2x,l1d,hz,hot_zone_size,2,hz512,0.007758,0.009039,1.1651198762567672,531826.0,58788.0,25190.0,0.11054,0.035406,420583.0,111243.0,spmv_ampm_hz512_l1d_ddr4_2x
spmv,ddr4_2x,l1d,ls,limit_stride,1,ls4,0.006287,0.009039,1.4377286464132337,3314504.0,221488.0,2370849.0,0.066824,0.127734,709947.0,2604557.0,spmv_ampm_ls4_l1d_ddr4_2x
spmv,ddr4_2x,l1d,ls,limit_stride,2,ls16,0.006297,0.009039,1.4354454502143879,3441657.0,135239.0,2025466.0,0.039295,0.081104,1208705.0,2232952.0,spmv_ampm_ls16_l1d_ddr4_2x
spmv,ddr4_2x,l1d,sd,start_degree,1,sd16,0.006299,0.009039,1.4349896809017304,3428884.0,134777.0,2026205.0,0.039306,0.080845,1195419.0,2233465.0,spmv_ampm_sd16_l1d_ddr4_2x
spmv,ddr4_2x,l1d,sd,start_degree,2,sd8,0.006301,0.009039,1.4345342009204889,3429893.0,134941.0,2028339.0,0.039343,0.080949,1193925.0,2235968.0,spmv_ampm_sd8_l1d_ddr4_2x
spmv,ddr4_2x,l2,amt,access_map_table_entries,1,amt128,0.007147,0.009039,1.2647264586539808,880751.0,237301.0,14932.0,0.26943,0.434239,624788.0,255963.0,spmv_ampm_amt128_l2_ddr4_2x
spmv,ddr4_2x,l2,amt,access_map_table_entries,2,amt512,0.007151,0.009039,1.2640190183191162,703016.0,225578.0,14243.0,0.320872,0.424008,445648.0,257368.0,spmv_ampm_amt512_l2_ddr4_2x
spmv,ddr4_2x,l2,assoc,access_map_table_assoc,1,assoc16,0.006581,0.009039,1.3734994681659323,3924643.0,361757.0,77766.0,0.092176,0.572674,3480711.0,443932.0,spmv_ampm_assoc16_l2_ddr4_2x
spmv,ddr4_2x,l2,assoc,access_map_table_assoc,2,assoc4,0.006893,0.009039,1.3113303351225882,2478374.0,262681.0,51503.0,0.105989,0.48433,2102732.0,375642.0,spmv_ampm_assoc4_l2_ddr4_2x
spmv,ddr4_2x,l2,default,default,1,default,0.006581,0.009039,1.3734994681659323,3924643.0,361757.0,77766.0,0.092176,0.572674,3480711.0,443932.0,spmv_ampm_default_l2_ddr4_2x
spmv,ddr4_2x,l2,epoch,epoch_cycles,1,epoch64k,0.006576,0.009039,1.3745437956204378,3962272.0,362476.0,77733.0,0.091482,0.573393,3517938.0,444334.0,spmv_ampm_epoch64k_l2_ddr4_2x
spmv,ddr4_2x,l2,epoch,epoch_cycles,2,epoch128k,0.006582,0.009039,1.3732907930720146,3961076.0,363067.0,78227.0,0.091659,0.57377,3515693.0,445383.0,spmv_ampm_epoch128k_l2_ddr4_2x
spmv,ddr4_2x,l2,hz,hot_zone_size,1,hz2k,0.007147,0.009039,1.2647264586539808,880751.0,237301.0,14932.0,0.26943,0.434239,624788.0,255963.0,spmv_ampm_hz2k_l2_ddr4_2x
spmv,ddr4_2x,l2,hz,hot_zone_size,2,hz512,0.007151,0.009039,1.2640190183191162,703016.0,225578.0,14243.0,0.320872,0.424008,445648.0,257368.0,spmv_ampm_hz512_l2_ddr4_2x
spmv,ddr4_2x,l2,ls,limit_stride,1,ls16,0.006571,0.009039,1.3755897123725462,4094204.0,364834.0,79813.0,0.08911,0.57567,3645029.0,449175.0,spmv_ampm_ls16_l2_ddr4_2x
spmv,ddr4_2x,l2,ls,limit_stride,2,ls8,0.006795,0.009039,1.330242825607064,2535343.0,334946.0,57366.0,0.132111,0.550657,2138870.0,396473.0,spmv_ampm_ls8_l2_ddr4_2x
spmv,ddr4_2x,l2,sd,start_degree,1,sd16,0.00658,0.009039,1.3737082066869302,3945698.0,362333.0,77855.0,0.09183,0.573262,3501100.0,444598.0,spmv_ampm_sd16_l2_ddr4_2x
spmv,ddr4_2x,l2,sd,start_degree,2,sd1,0.006581,0.009039,1.3734994681659323,3911111.0,360005.0,76928.0,0.092047,0.571581,3468447.0,442664.0,spmv_ampm_sd1_l2_ddr4_2x
