added_loads_and_stores,benchmark,config,dram_avg_bus_lat,dram_avg_mem_acc_lat,dram_avg_q_lat,dram_avg_rd_bw,dram_avg_wr_bw,dram_bw_read_total,dram_bw_total,dram_bw_write_total,dram_peak_bw,ipc,l1d_avg_blocked_no_mshrs,l1d_blocked_causes_no_mshrs,l1d_blocked_cycles_no_mshrs,l1d_demand_accesses,l1d_demand_avg_miss_latency,l1d_demand_avg_mshr_miss_latency,l1d_demand_miss_latency,l1d_demand_misses,l1d_demand_mshr_hits,l1d_demand_mshr_miss_rate,l1d_demand_mshr_misses,l1d_pf_buffer_hit,l1d_pf_hit_in_cache,l1d_pf_hit_in_mshr,l1d_pf_hit_in_wb,l1d_pf_identified,l1d_pf_in_cache,l1d_pf_issued,l1d_pf_late,l1d_pf_removed_demand,l1d_pf_removed_full,l1d_pf_span_page,l1d_pf_unused,l1d_pf_useful,l1d_pf_useful_span_page,l1d_prefetcher_accuracy,l1d_prefetcher_coverage,l1d_prefetcher_read_accesses,l1d_prefetcher_read_avg_lat,l1d_prefetcher_read_bytes,l1d_prefetcher_read_rate,l2_avg_blocked_no_mshrs,l2_blocked_causes_no_mshrs,l2_blocked_cycles_no_mshrs,l2_demand_accesses,l2_demand_avg_miss_latency,l2_demand_avg_mshr_miss_latency,l2_demand_miss_latency,l2_demand_misses,l2_demand_mshr_hits,l2_demand_mshr_miss_rate,l2_demand_mshr_misses,l2_pf_buffer_hit,l2_pf_hit_in_cache,l2_pf_hit_in_mshr,l2_pf_hit_in_wb,l2_pf_identified,l2_pf_in_cache,l2_pf_issued,l2_pf_late,l2_pf_removed_demand,l2_pf_removed_full,l2_pf_span_page,l2_pf_unused,l2_pf_useful,l2_pf_useful_span_page,l2_prefetcher_accuracy,l2_prefetcher_coverage,l2_prefetcher_read_accesses,l2_prefetcher_read_avg_lat,l2_prefetcher_read_bytes,l2_prefetcher_read_rate,load_to_use_max,load_to_use_mean,load_to_use_min,load_to_use_overflows,load_to_use_samples,load_to_use_stdev,mem_avg_rdq_len,mem_avg_read_bw_sys,mem_avg_write_bw_sys,mem_avg_wrq_len,mem_num_rd_retry,mem_num_wr_retry,memory,numCycles,pf_level,prefetcher,run,simInsts,simOps,simSeconds,simTicks,stage,nopf_simSeconds,speedup_vs_nopf,pf_issued,pf_useful,pf_unused,pf_accuracy,pf_unused_ratio,l1d_miss_rate,l2_miss_rate,pf_coverage,pf_late,pf_late_ratio,pf_removed_full,pf_removed_demand,pf_buffer_hit,pf_identified,pf_removed_full_ratio,pf_removed_demand_ratio,pf_buffer_hit_ratio,prefetcher_read_rate,prefetcher_read_bytes,dram_bw_utilization,label
14625393.0,quick,s32_sth2_dist32_ipd16,3332.0,48575.37,31083.370000000003,209.051131,167.05690199999998,211870533.0,379802933.0,167932400.0,38414.0,0.943319,,0.0,0.0,9219504.0,6992.142901,5962.423769,1629952416.0,233112.0,150527.0,0.008958,82585.0,,,,,,,,,,,,,,,,,,,,,,0.0,0.0,82824.0,71102.811985,72359.957547,155430747.0,2186.0,66.0,0.025596,2120.0,752.0,1715.0,350.0,0.0,29264.0,0.0,28502.0,2065.0,0.0,1.0,29744.0,80.0,26307.0,0.0,0.922988,0.925423,26436.0,48175.83500000001,1668800.0,193462814.4081642,1501.0,2.716375,2.0,191.0,4368783.0,7.876897,5.43,211877951.7182721,167932400.4339171,60.63,0.0,0.0,ddr4_2x,25903745.0,l2,imp,quick_imp3_s32_sth2_dist32_ipd16_l2_ddr4_2x,24424723.0,24707902.0,0.008626,8625947085.0,stage3,0.00967,1.1210294458613494,28502.0,26307.0,80.0,0.9229878605010174,0.002806820573994807,0.02528465739588594,0.026393315947068483,0.9232794019583758,2065.0,0.07245105606624097,1.0,0.0,752.0,29264.0,3.417167851284855e-05,0.0,0.02569710224166211,193462814.4081642,1668800.0,0.009429070195706352,stage3: s32_sth2_dist32_ipd16
14625374.0,quick,s32,3332.0,48616.515,31124.515,208.875218,167.245593,211642612.0,379644973.0,168002360.0,38414.0,0.943295,,0.0,0.0,9219528.0,7008.280038,5965.972114,1633931433.0,233143.0,150558.0,0.008958,82585.0,,,,,,,,,,,,,,,,,,,,,,0.0,0.0,82824.0,71031.95212,72324.122766,155773071.0,2193.0,67.0,0.025669,2126.0,770.0,1654.0,342.0,0.0,29174.0,0.0,28397.0,1996.0,0.0,4.0,29610.0,19.0,26300.0,0.0,0.926154,0.925209,26400.0,48234.42,1666880.0,193235358.93965364,1501.0,2.717614,2.0,188.0,4368783.0,7.890652,4.71,211650032.0396045,168002360.06256545,59.89,0.0,0.0,ddr4_2x,25904398.0,l2,imp,quick_imp3_s32_l2_ddr4_2x,24424723.0,24707902.0,0.008626,8626164534.0,stage3,0.00967,1.1210294458613494,28397.0,26300.0,19.0,0.9261541712152692,0.0006690847624749093,0.02528795400371906,0.02647783251231527,0.9230337275822131,1996.0,0.07028911504736415,4.0,0.0,770.0,29174.0,0.00013710838417769247,0.0,0.0263933639542058,193235358.93965364,1666880.0,0.009425148646400901,stage3: s32
14625374.0,quick,s32_dist32_addr16,3332.0,48616.515,31124.515,208.875218,167.245593,211642612.0,379644973.0,168002360.0,38414.0,0.943295,,0.0,0.0,9219528.0,7008.280038,5965.972114,1633931433.0,233143.0,150558.0,0.008958,82585.0,,,,,,,,,,,,,,,,,,,,,,0.0,0.0,82824.0,71031.95212,72324.122766,155773071.0,2193.0,67.0,0.025669,2126.0,770.0,1654.0,342.0,0.0,29174.0,0.0,28397.0,1996.0,0.0,4.0,29610.0,19.0,26300.0,0.0,0.926154,0.925209,26400.0,48234.42,1666880.0,193235358.93965364,1501.0,2.717614,2.0,188.0,4368783.0,7.890652,4.71,211650032.0396045,168002360.06256545,59.89,0.0,0.0,ddr4_2x,25904398.0,l2,imp,quick_imp3_s32_dist32_addr16_l2_ddr4_2x,24424723.0,24707902.0,0.008626,8626164534.0,stage3,0.00967,1.1210294458613494,28397.0,26300.0,19.0,0.9261541712152692,0.0006690847624749093,0.02528795400371906,0.02647783251231527,0.9230337275822131,1996.0,0.07028911504736415,4.0,0.0,770.0,29174.0,0.00013710838417769247,0.0,0.0263933639542058,193235358.93965364,1666880.0,0.009425148646400901,stage3: s32_dist32_addr16
14625393.0,quick,s32_sth2_dist32_ipd16_addr16,3332.0,48575.37,31083.370000000003,209.051131,167.05690199999998,211870533.0,379802933.0,167932400.0,38414.0,0.943319,,0.0,0.0,9219504.0,6992.142901,5962.423769,1629952416.0,233112.0,150527.0,0.008958,82585.0,,,,,,,,,,,,,,,,,,,,,,0.0,0.0,82824.0,71102.811985,72359.957547,155430747.0,2186.0,66.0,0.025596,2120.0,752.0,1715.0,350.0,0.0,29264.0,0.0,28502.0,2065.0,0.0,1.0,29744.0,80.0,26307.0,0.0,0.922988,0.925423,26436.0,48175.83500000001,1668800.0,193462814.4081642,1501.0,2.716375,2.0,191.0,4368783.0,7.876897,5.43,211877951.7182721,167932400.4339171,60.63,0.0,0.0,ddr4_2x,25903745.0,l2,imp,quick_imp3_s32_sth2_dist32_ipd16_addr16_l2_ddr4_2x,24424723.0,24707902.0,0.008626,8625947085.0,stage3,0.00967,1.1210294458613494,28502.0,26307.0,80.0,0.9229878605010174,0.002806820573994807,0.02528465739588594,0.026393315947068483,0.9232794019583758,2065.0,0.07245105606624097,1.0,0.0,752.0,29264.0,3.417167851284855e-05,0.0,0.02569710224166211,193462814.4081642,1668800.0,0.009429070195706352,stage3: s32_sth2_dist32_ipd16_addr16
14625374.0,quick,s32_dist8_addr16,3332.0,48616.515,31124.515,208.875218,167.245593,211642612.0,379644973.0,168002360.0,38414.0,0.943295,,0.0,0.0,9219528.0,7008.280038,5965.972114,1633931433.0,233143.0,150558.0,0.008958,82585.0,,,,,,,,,,,,,,,,,,,,,,0.0,0.0,82824.0,71031.95212,72324.122766,155773071.0,2193.0,67.0,0.025669,2126.0,770.0,1654.0,342.0,0.0,29174.0,0.0,28397.0,1996.0,0.0,4.0,29610.0,19.0,26300.0,0.0,0.926154,0.925209,26400.0,48234.42,1666880.0,193235358.93965364,1501.0,2.717614,2.0,188.0,4368783.0,7.890652,4.71,211650032.0396045,168002360.06256545,59.89,0.0,0.0,ddr4_2x,25904398.0,l2,imp,quick_imp3_s32_dist8_addr16_l2_ddr4_2x,24424723.0,24707902.0,0.008626,8626164534.0,stage3,0.00967,1.1210294458613494,28397.0,26300.0,19.0,0.9261541712152692,0.0006690847624749093,0.02528795400371906,0.02647783251231527,0.9230337275822131,1996.0,0.07028911504736415,4.0,0.0,770.0,29174.0,0.00013710838417769247,0.0,0.0263933639542058,193235358.93965364,1666880.0,0.009425148646400901,stage3: s32_dist8_addr16
14650999.0,quick,s16_dist8_addr16,3332.0,40401.29,22909.29,208.650102,165.173694,209141320.0,375062837.0,165921518.0,38414.0,0.932146,,0.0,0.0,9225301.0,9727.191984,7395.317709,2339379945.0,240499.0,157914.0,0.008952,82585.0,,,,,,,,,,,,,,,,,,,,,,0.0,0.0,82824.0,69956.101348,70484.659248,280244142.0,4006.0,97.0,0.047196,3909.0,10.0,4593.0,1136.0,0.0,30360.0,0.0,30347.0,5729.0,0.0,0.0,28040.0,32.0,24489.0,0.0,0.806966,0.862349,24617.0,39852.93,1571776.0,180056848.86357617,1421.0,2.90246,2.0,512.0,4368783.0,10.46852,4.18,209148651.3103644,165921517.43277794,56.24,0.0,0.0,ddr4_2x,26214210.0,l2,imp,quick_imp_stage2_s16_dist8_addr16_l2_ddr4_2x,24424723.0,24707902.0,0.008729,8729331930.0,stage2,0.00967,1.107801580937106,30347.0,24489.0,32.0,0.8069660922002175,0.0010544699640821168,0.026069501688887983,0.048367622911233456,0.8594139322688191,5729.0,0.18878307575707648,0.0,0.0,10.0,30360.0,0.0,0.0,0.00032938076416337287,180056848.86357617,1571776.0,0.00931139154176508,stage2: s16_dist8_addr16
14650999.0,quick,s16_ipd16_addr16,3332.0,40401.29,22909.29,208.650102,165.173694,209141320.0,375062837.0,165921518.0,38414.0,0.932146,,0.0,0.0,9225301.0,9727.191984,7395.317709,2339379945.0,240499.0,157914.0,0.008952,82585.0,,,,,,,,,,,,,,,,,,,,,,0.0,0.0,82824.0,69956.101348,70484.659248,280244142.0,4006.0,97.0,0.047196,3909.0,10.0,4593.0,1136.0,0.0,30360.0,0.0,30347.0,5729.0,0.0,0.0,28040.0,32.0,24489.0,0.0,0.806966,0.862349,24617.0,39852.93,1571776.0,180056848.86357617,1421.0,2.90246,2.0,512.0,4368783.0,10.46852,4.18,209148651.3103644,165921517.43277794,56.24,0.0,0.0,ddr4_2x,26214210.0,l2,imp,quick_imp_stage2_s16_ipd16_addr16_l2_ddr4_2x,24424723.0,24707902.0,0.008729,8729331930.0,stage2,0.00967,1.107801580937106,30347.0,24489.0,32.0,0.8069660922002175,0.0010544699640821168,0.026069501688887983,0.048367622911233456,0.8594139322688191,5729.0,0.18878307575707648,0.0,0.0,10.0,30360.0,0.0,0.0,0.00032938076416337287,180056848.86357617,1571776.0,0.00931139154176508,stage2: s16_ipd16_addr16
14650999.0,quick,s16_ipd8_addr8,3332.0,40401.29,22909.29,208.650102,165.173694,209141320.0,375062837.0,165921518.0,38414.0,0.932146,,0.0,0.0,9225301.0,9727.191984,7395.317709,2339379945.0,240499.0,157914.0,0.008952,82585.0,,,,,,,,,,,,,,,,,,,,,,0.0,0.0,82824.0,69956.101348,70484.659248,280244142.0,4006.0,97.0,0.047196,3909.0,10.0,4593.0,1136.0,0.0,30360.0,0.0,30347.0,5729.0,0.0,0.0,28040.0,32.0,24489.0,0.0,0.806966,0.862349,24617.0,39852.93,1571776.0,180056848.86357617,1421.0,2.90246,2.0,512.0,4368783.0,10.46852,4.18,209148651.3103644,165921517.43277794,56.24,0.0,0.0,ddr4_2x,26214210.0,l2,imp,quick_imp_stage2_s16_ipd8_addr8_l2_ddr4_2x,24424723.0,24707902.0,0.008729,8729331930.0,stage2,0.00967,1.107801580937106,30347.0,24489.0,32.0,0.8069660922002175,0.0010544699640821168,0.026069501688887983,0.048367622911233456,0.8594139322688191,5729.0,0.18878307575707648,0.0,0.0,10.0,30360.0,0.0,0.0,0.00032938076416337287,180056848.86357617,1571776.0,0.00931139154176508,stage2: s16_ipd8_addr8
14651002.0,quick,aggr_s16_sth2_d32_ipd16,3332.0,40838.585,23346.585,208.952974,165.047772,209363576.0,375210558.0,165846982.0,38414.0,0.932222,,0.0,0.0,9225235.0,9743.426889,7401.172477,2342865456.0,240456.0,157871.0,0.008952,82585.0,,,,,,,,,,,,,,,,,,,,,,0.0,0.0,82819.0,70254.814898,70748.311602,280105947.0,3987.0,91.0,0.047042,3896.0,0.0,4634.0,1109.0,0.0,30407.0,0.0,30402.0,5743.0,0.0,0.0,27993.0,85.0,24503.0,0.0,0.805967,0.862812,24658.0,40340.765,1575168.0,180460052.46184096,1392.0,2.9023,2.0,518.0,4368783.0,10.55005,4.715,209370908.4206025,165846982.22957826,56.01,0.0,0.0,ddr4_2x,26212085.0,l2,imp,quick_imp_stage2_aggr_s16_sth2_d32_ipd16_l2_ddr4_2x,24424718.0,24707897.0,0.008729,8728624305.0,stage2,0.00967,1.107801580937106,30402.0,24503.0,85.0,0.8059667127162686,0.0027958686928491547,0.026065027069771124,0.0481411270360666,0.86005616005616,5743.0,0.1889020459180317,0.0,0.0,0.0,30407.0,0.0,0.0,0.0,180460052.46184096,1575168.0,0.00931505889543025,stage2: aggr_s16_sth2_d32_ipd16
14651002.0,quick,aggr_s16_sth2_d32_ipd16_addr16,3332.0,40838.585,23346.585,208.952974,165.047772,209363576.0,375210558.0,165846982.0,38414.0,0.932222,,0.0,0.0,9225235.0,9743.426889,7401.172477,2342865456.0,240456.0,157871.0,0.008952,82585.0,,,,,,,,,,,,,,,,,,,,,,0.0,0.0,82819.0,70254.814898,70748.311602,280105947.0,3987.0,91.0,0.047042,3896.0,0.0,4634.0,1109.0,0.0,30407.0,0.0,30402.0,5743.0,0.0,0.0,27993.0,85.0,24503.0,0.0,0.805967,0.862812,24658.0,40340.765,1575168.0,180460052.46184096,1392.0,2.9023,2.0,518.0,4368783.0,10.55005,4.715,209370908.4206025,165846982.22957826,56.01,0.0,0.0,ddr4_2x,26212085.0,l2,imp,quick_imp_stage2_aggr_s16_sth2_d32_ipd16_addr16_l2_ddr4_2x,24424718.0,24707897.0,0.008729,8728624305.0,stage2,0.00967,1.107801580937106,30402.0,24503.0,85.0,0.8059667127162686,0.0027958686928491547,0.026065027069771124,0.0481411270360666,0.86005616005616,5743.0,0.1889020459180317,0.0,0.0,0.0,30407.0,0.0,0.0,0.0,180460052.46184096,1575168.0,0.00931505889543025,stage2: aggr_s16_sth2_d32_ipd16_addr16
14650999.0,quick,s16_dist32_addr16,3332.0,40401.29,22909.29,208.650102,165.173694,209141320.0,375062837.0,165921518.0,38414.0,0.932146,,0.0,0.0,9225301.0,9727.191984,7395.317709,2339379945.0,240499.0,157914.0,0.008952,82585.0,,,,,,,,,,,,,,,,,,,,,,0.0,0.0,82824.0,69956.101348,70484.659248,280244142.0,4006.0,97.0,0.047196,3909.0,10.0,4593.0,1136.0,0.0,30360.0,0.0,30347.0,5729.0,0.0,0.0,28040.0,32.0,24489.0,0.0,0.806966,0.862349,24617.0,39852.93,1571776.0,180056848.86357617,1421.0,2.90246,2.0,512.0,4368783.0,10.46852,4.18,209148651.3103644,165921517.43277794,56.24,0.0,0.0,ddr4_2x,26214210.0,l2,imp,quick_imp_stage2_s16_dist32_addr16_l2_ddr4_2x,24424723.0,24707902.0,0.008729,8729331930.0,stage2,0.00967,1.107801580937106,30347.0,24489.0,32.0,0.8069660922002175,0.0010544699640821168,0.026069501688887983,0.048367622911233456,0.8594139322688191,5729.0,0.18878307575707648,0.0,0.0,10.0,30360.0,0.0,0.0,0.00032938076416337287,180056848.86357617,1571776.0,0.00931139154176508,stage2: s16_dist32_addr16
14650999.0,quick,sdist16,3332.0,40401.29,22909.29,208.650102,165.173694,209141320.0,375062837.0,165921518.0,38414.0,0.932146,,0.0,0.0,9225301.0,9727.191984,7395.317709,2339379945.0,240499.0,157914.0,0.008952,82585.0,,,,,,,,,,,,,,,,,,,,,,0.0,0.0,82824.0,69956.101348,70484.659248,280244142.0,4006.0,97.0,0.047196,3909.0,10.0,4593.0,1136.0,0.0,30360.0,0.0,30347.0,5729.0,0.0,0.0,28040.0,32.0,24489.0,0.0,0.806966,0.862349,24617.0,39852.93,1571776.0,180056848.86357617,1421.0,2.90246,2.0,512.0,4368783.0,10.46852,4.18,209148651.3103644,165921517.43277794,56.24,0.0,0.0,ddr4_2x,26214210.0,l2,imp,quick_imp_sdist16_l2_ddr4_2x,24424723.0,24707902.0,0.008729,8729331930.0,stage1,0.00967,1.107801580937106,30347.0,24489.0,32.0,0.8069660922002175,0.0010544699640821168,0.026069501688887983,0.048367622911233456,0.8594139322688191,5729.0,0.18878307575707648,0.0,0.0,10.0,30360.0,0.0,0.0,0.00032938076416337287,180056848.86357617,1571776.0,0.00931139154176508,stage1: sdist16
14650999.0,quick,s16_ipd16_pt32,3332.0,40401.29,22909.29,208.650102,165.173694,209141320.0,375062837.0,165921518.0,38414.0,0.932146,,0.0,0.0,9225301.0,9727.191984,7395.317709,2339379945.0,240499.0,157914.0,0.008952,82585.0,,,,,,,,,,,,,,,,,,,,,,0.0,0.0,82824.0,69956.101348,70484.659248,280244142.0,4006.0,97.0,0.047196,3909.0,10.0,4593.0,1136.0,0.0,30360.0,0.0,30347.0,5729.0,0.0,0.0,28040.0,32.0,24489.0,0.0,0.806966,0.862349,24617.0,39852.93,1571776.0,180056848.86357617,1421.0,2.90246,2.0,512.0,4368783.0,10.46852,4.18,209148651.3103644,165921517.43277794,56.24,0.0,0.0,ddr4_2x,26214210.0,l2,imp,quick_imp_stage2_s16_ipd16_pt32_l2_ddr4_2x,24424723.0,24707902.0,0.008729,8729331930.0,stage2,0.00967,1.107801580937106,30347.0,24489.0,32.0,0.8069660922002175,0.0010544699640821168,0.026069501688887983,0.048367622911233456,0.8594139322688191,5729.0,0.18878307575707648,0.0,0.0,10.0,30360.0,0.0,0.0,0.00032938076416337287,180056848.86357617,1571776.0,0.00931139154176508,stage2: s16_ipd16_pt32
14650999.0,quick,s16,3332.0,40401.29,22909.29,208.650102,165.173694,209141320.0,375062837.0,165921518.0,38414.0,0.932146,,0.0,0.0,9225301.0,9727.191984,7395.317709,2339379945.0,240499.0,157914.0,0.008952,82585.0,,,,,,,,,,,,,,,,,,,,,,0.0,0.0,82824.0,69956.101348,70484.659248,280244142.0,4006.0,97.0,0.047196,3909.0,10.0,4593.0,1136.0,0.0,30360.0,0.0,30347.0,5729.0,0.0,0.0,28040.0,32.0,24489.0,0.0,0.806966,0.862349,24617.0,39852.93,1571776.0,180056848.86357617,1421.0,2.90246,2.0,512.0,4368783.0,10.46852,4.18,209148651.3103644,165921517.43277794,56.24,0.0,0.0,ddr4_2x,26214210.0,l2,imp,quick_imp_stage2_s16_l2_ddr4_2x,24424723.0,24707902.0,0.008729,8729331930.0,stage2,0.00967,1.107801580937106,30347.0,24489.0,32.0,0.8069660922002175,0.0010544699640821168,0.026069501688887983,0.048367622911233456,0.8594139322688191,5729.0,0.18878307575707648,0.0,0.0,10.0,30360.0,0.0,0.0,0.00032938076416337287,180056848.86357617,1571776.0,0.00931139154176508,stage2: s16
14651002.0,quick,s16_sth2,3332.0,40838.585,23346.585,208.952974,165.047772,209363576.0,375210558.0,165846982.0,38414.0,0.932222,,0.0,0.0,9225235.0,9743.426889,7401.172477,2342865456.0,240456.0,157871.0,0.008952,82585.0,,,,,,,,,,,,,,,,,,,,,,0.0,0.0,82819.0,70254.814898,70748.311602,280105947.0,3987.0,91.0,0.047042,3896.0,0.0,4634.0,1109.0,0.0,30407.0,0.0,30402.0,5743.0,0.0,0.0,27993.0,85.0,24503.0,0.0,0.805967,0.862812,24658.0,40340.765,1575168.0,180460052.46184096,1392.0,2.9023,2.0,518.0,4368783.0,10.55005,4.715,209370908.4206025,165846982.22957826,56.01,0.0,0.0,ddr4_2x,26212085.0,l2,imp,quick_imp_stage2_s16_sth2_l2_ddr4_2x,24424718.0,24707897.0,0.008729,8728624305.0,stage2,0.00967,1.107801580937106,30402.0,24503.0,85.0,0.8059667127162686,0.0027958686928491547,0.026065027069771124,0.0481411270360666,0.86005616005616,5743.0,0.1889020459180317,0.0,0.0,0.0,30407.0,0.0,0.0,0.0,180460052.46184096,1575168.0,0.00931505889543025,stage2: s16_sth2
14651102.0,quick,s16_pt8_sth2,3332.0,40828.04,23336.04,208.696838,165.05122899999998,209085419.0,374950466.0,165865047.0,38414.0,0.932159,,0.0,0.0,9225218.0,9745.352394,7400.015233,2343240747.0,240447.0,157862.0,0.008952,82585.0,,,,,,,,,,,,,,,,,,,,,,0.0,0.0,82823.0,70185.191585,70675.793696,280249470.0,3993.0,91.0,0.047113,3902.0,0.0,4634.0,1107.0,0.0,30363.0,0.0,30358.0,5741.0,0.0,0.0,27877.0,39.0,24501.0,0.0,0.807069,0.86262,24616.0,40344.92,1572288.0,180117872.1865542,1392.0,2.901835,2.0,515.0,4368783.0,10.507665,4.18,209092750.31091863,165865047.5221401,55.525,0.0,0.0,ddr4_2x,26213865.0,l2,imp,quick_imp_stage2_s16_pt8_sth2_l2_ddr4_2x,24424723.0,24707902.0,0.008729,8729217045.0,stage2,0.00967,1.107801580937106,30358.0,24501.0,39.0,0.807068976875947,0.0012846696093286778,0.02606409951504669,0.048211245668473734,0.8598652347862707,5741.0,0.18910995454246,0.0,0.0,0.0,30363.0,0.0,0.0,0.0,180117872.1865542,1572288.0,0.009308601794886106,stage2: s16_pt8_sth2
14651560.0,quick,s16_pt8_sth8,3332.0,40194.07,22702.07,208.744063,164.893224,208963939.0,374722014.0,165758075.0,38414.0,0.931846,,0.0,0.0,9225297.0,9722.184316,7413.248944,2338554771.0,240538.0,157953.0,0.008952,82585.0,,,,,,,,,,,,,,,,,,,,,,0.0,0.0,82825.0,69490.753218,70281.888833,280742643.0,4040.0,91.0,0.047679,3949.0,0.0,4582.0,1117.0,0.0,30264.0,0.0,30262.0,5699.0,0.0,0.0,27864.0,29.0,24456.0,0.0,0.808142,0.860975,24562.0,39704.41,1570240.0,179822884.3488086,1502.0,2.928975,2.0,642.0,4368783.0,11.525371,4.175,208971268.74070635,165758074.27889362,56.04,0.0,0.0,ddr4_2x,26222666.0,l2,imp,quick_imp_stage2_s16_pt8_sth8_l2_ddr4_2x,24424723.0,24707902.0,0.008732,8732147778.0,stage2,0.00967,1.1074209803023363,30262.0,24456.0,29.0,0.8081422245720706,0.0009582975348622035,0.026073740498544384,0.04877754301237549,0.8582257158899494,5699.0,0.1883219879717137,0.0,0.0,0.0,30264.0,0.0,0.0,0.0,179822884.3488086,1570240.0,0.00930293019586149,stage2: s16_pt8_sth8
14651122.0,quick,s16_sth8,3332.0,40893.615000000005,23401.615,208.629498,164.842517,208937341.0,374666738.0,165729398.0,38414.0,0.93189,,0.0,0.0,9225280.0,9724.079854,7416.426324,2338903755.0,240527.0,157942.0,0.008952,82585.0,,,,,,,,,,,,,,,,,,,,,,0.0,0.0,82820.0,69912.062843,70710.256378,280347372.0,4010.0,90.0,0.047332,3920.0,0.0,4580.0,1110.0,0.0,30279.0,0.0,30277.0,5690.0,0.0,0.0,27961.0,29.0,24481.0,0.0,0.808568,0.861977,24586.0,40428.17,1571328.0,179956135.17668876,1350.0,2.929194,2.0,644.0,4368783.0,11.584203,4.18,208944670.3112523,165729397.70609766,54.78,0.0,0.0,ddr4_2x,26221405.0,l2,imp,quick_imp_stage2_s16_sth8_l2_ddr4_2x,24424718.0,24707897.0,0.008732,8731727865.0,stage2,0.00967,1.1074209803023363,30277.0,24481.0,29.0,0.8085675595336393,0.0009578227697592232,0.026072596170522738,0.04841825645979232,0.8592537994454389,5690.0,0.1879314331010338,0.0,0.0,0.0,30279.0,0.0,0.0,0.0,179956135.17668876,1571328.0,0.009301557901866757,stage2: s16_sth8
14684156.0,quick,s8_sth2,3332.0,34221.72,16729.72,206.400609,162.84659299999998,206581420.0,370238052.0,163656631.0,38414.0,0.919544,,0.0,0.0,9231465.0,12293.61061,8787.780687,3049995618.0,248096.0,165511.0,0.008946,82585.0,,,,,,,,,,,,,,,,,,,,,,0.0,0.0,82824.0,64557.168967,64634.549684,402320277.0,6232.0,63.0,0.074483,6169.0,0.0,8843.0,917.0,0.0,32159.0,0.0,32156.0,9760.0,0.0,0.0,14953.0,78.0,22274.0,0.0,0.692686,0.78311,22394.0,33323.255000000005,1431808.0,161805116.15959418,1441.0,3.180715,2.0,650.0,4368783.0,14.163501,2.745,206588652.690088,163656631.88178512,56.015,0.0,0.0,ddr4_2x,26573472.0,l2,imp,quick_imp_stage2_s8_sth2_l2_ddr4_2x,24424723.0,24707902.0,0.008849,8848966176.0,stage2,0.00967,1.0927788450672393,32156.0,22274.0,78.0,0.6926856574200771,0.002425674835178505,0.02687504096045427,0.07524389065971217,0.7813793587314951,9760.0,0.3035203383505411,0.0,0.0,0.0,32159.0,0.0,0.0,0.0,161805116.15959418,1431808.0,0.009191610380295768,stage2: s8_sth2
14684138.0,quick,s8_sth8,3332.0,34731.115000000005,17239.114999999998,206.083349,162.796732,206336486.0,369936028.0,163599542.0,38414.0,0.919548,,0.0,0.0,9231085.0,12259.38072,8833.340619,3037568058.0,247775.0,165190.0,0.008946,82585.0,,,,,,,,,,,,,,,,,,,,,,0.0,0.0,82820.0,65117.84863,65222.823701,406530729.0,6243.0,66.0,0.074583,6177.0,0.0,8732.0,912.0,0.0,32000.0,0.0,31998.0,9644.0,0.0,0.0,14976.0,42.0,22258.0,0.0,0.695606,0.782768,22352.0,33792.48,1428864.0,161473181.48831168,1609.0,3.174852,2.0,628.0,4368783.0,14.307702,2.09,206343718.88656867,163599541.57778418,56.64,0.0,0.0,ddr4_2x,26573347.0,l2,imp,quick_imp_stage2_s8_sth8_l2_ddr4_2x,24424718.0,24707897.0,0.008849,8848924551.0,stage2,0.00967,1.0927788450672393,31998.0,22258.0,42.0,0.6956059753734608,0.0013125820363772737,0.026841373468015947,0.07538034291234001,0.7809550542086242,9644.0,0.30139383711481965,0.0,0.0,0.0,32000.0,0.0,0.0,0.0,161473181.48831168,1428864.0,0.009184112266802295,stage2: s8_sth8
14684041.0,quick,s8_pt8_sth2,3332.0,34729.575,17237.575,206.050186,162.78232200000002,206339410.0,369953251.0,163613840.0,38414.0,0.919304,,0.0,0.0,9231450.0,12299.344388,8815.393255,3051012267.0,248063.0,165478.0,0.008946,82585.0,,,,,,,,,,,,,,,,,,,,,,0.0,0.0,82824.0,64990.375281,65065.921693,404890038.0,6230.0,62.0,0.074471,6168.0,0.0,8837.0,904.0,0.0,32115.0,0.0,32112.0,9741.0,0.0,0.0,14901.0,50.0,22276.0,0.0,0.693697,0.783153,22369.0,33823.865000000005,1429632.0,161516968.73695946,1497.0,3.182921,2.0,658.0,4368783.0,14.264517,2.085,206346640.42507604,163613840.47721004,57.935,0.0,0.0,ddr4_2x,26580422.0,l2,imp,quick_imp_stage2_s8_pt8_sth2_l2_ddr4_2x,24424723.0,24707902.0,0.008851,8851280526.0,stage2,0.00967,1.0925319172974806,32112.0,22276.0,50.0,0.6936970602889886,0.0015570503238664674,0.026871509892812073,0.07521974306964165,0.7814495193994246,9741.0,0.3033445440956652,0.0,0.0,0.0,32115.0,0.0,0.0,0.0,161516968.73695946,1429632.0,0.009184539848745114,stage2: s8_pt8_sth2
14685028.0,quick,cons_s8_sth8_pt8_ipd8,3332.0,35358.005,17866.005,206.056417,162.774302,206302255.0,369857458.0,163555202.0,38414.0,0.919299,,0.0,0.0,9231130.0,12289.508046,8860.50158,3045008277.0,247773.0,165188.0,0.008946,82585.0,,,,,,,,,,,,,,,,,,,,,,0.0,0.0,82820.0,65379.24864,65442.551674,408620304.0,6250.0,67.0,0.074656,6183.0,0.0,8514.0,905.0,0.0,31772.0,0.0,31770.0,9419.0,0.0,0.0,15004.0,45.0,22251.0,0.0,0.700378,0.782549,22349.0,34528.985,1428928.0,161436648.73896235,1497.0,3.179176,2.0,668.0,4368783.0,14.432685,2.545,206309486.2036464,163555201.974082,57.735,0.0,0.0,ddr4_2x,26580551.0,l2,imp,quick_imp_stage2_cons_s8_sth8_pt8_ipd8_l2_ddr4_2x,24424718.0,24707897.0,0.008851,8851323483.0,stage2,0.00967,1.0925319172974806,31770.0,22251.0,45.0,0.7003777148253069,0.00141643059490085,0.02684102596323527,0.07546486355952668,0.7807094487912705,9419.0,0.296474661630469,0.0,0.0,0.0,31772.0,0.0,0.0,0.0,161436648.73896235,1428928.0,0.009182161670898718,stage2: cons_s8_sth8_pt8_ipd8
14685028.0,quick,s8_pt8_sth8,3332.0,35358.005,17866.005,206.056417,162.774302,206302255.0,369857458.0,163555202.0,38414.0,0.919299,,0.0,0.0,9231130.0,12289.508046,8860.50158,3045008277.0,247773.0,165188.0,0.008946,82585.0,,,,,,,,,,,,,,,,,,,,,,0.0,0.0,82820.0,65379.24864,65442.551674,408620304.0,6250.0,67.0,0.074656,6183.0,0.0,8514.0,905.0,0.0,31772.0,0.0,31770.0,9419.0,0.0,0.0,15004.0,45.0,22251.0,0.0,0.700378,0.782549,22349.0,34528.985,1428928.0,161436648.73896235,1497.0,3.179176,2.0,668.0,4368783.0,14.432685,2.545,206309486.2036464,163555201.974082,57.735,0.0,0.0,ddr4_2x,26580551.0,l2,imp,quick_imp_stage2_s8_pt8_sth8_l2_ddr4_2x,24424718.0,24707897.0,0.008851,8851323483.0,stage2,0.00967,1.0925319172974806,31770.0,22251.0,45.0,0.7003777148253069,0.00141643059490085,0.02684102596323527,0.07546486355952668,0.7807094487912705,9419.0,0.296474661630469,0.0,0.0,0.0,31772.0,0.0,0.0,0.0,161436648.73896235,1428928.0,0.009182161670898718,stage2: s8_pt8_sth8
14684432.0,quick,sdist8,3332.0,35603.55,18111.55,206.075791,162.806308,206299872.0,369886853.0,163586980.0,38414.0,0.919032,,0.0,0.0,9231125.0,12246.943557,8895.968893,3034645650.0,247788.0,165203.0,0.008946,82585.0,,,,,,,,,,,,,,,,,,,,,,0.0,0.0,82823.0,66030.339958,66189.098313,411963291.0,6239.0,75.0,0.074424,6164.0,2.0,8792.0,936.0,0.0,32111.0,0.0,32106.0,9728.0,0.0,0.0,14953.0,43.0,22265.0,0.0,0.693484,0.783179,22376.0,34633.98,1430400.0,161555786.50691634,1501.0,3.167293,2.0,591.0,4368785.0,14.055516,2.09,206307100.79167336,163586980.06434113,54.675,0.0,0.0,ddr4_2x,26588311.0,l2,imp,quick_imp_sdist8_l2_ddr4_2x,24424739.0,24707920.0,0.008854,8853907563.0,stage1,0.00967,1.0921617348091257,32106.0,22265.0,43.0,0.6934840839718432,0.0013393135239519094,0.02684266543893621,0.07532931673568936,0.7811184395172608,9728.0,0.30299632467451565,0.0,0.0,2.0,32111.0,0.0,0.0,6.228395253962816e-05,161555786.50691634,1430400.0,0.00918289143756011,stage1: sdist8
14684432.0,quick,s8_ipd8_addr8,3332.0,35603.55,18111.55,206.075791,162.806308,206299872.0,369886853.0,163586980.0,38414.0,0.919032,,0.0,0.0,9231125.0,12246.943557,8895.968893,3034645650.0,247788.0,165203.0,0.008946,82585.0,,,,,,,,,,,,,,,,,,,,,,0.0,0.0,82823.0,66030.339958,66189.098313,411963291.0,6239.0,75.0,0.074424,6164.0,2.0,8792.0,936.0,0.0,32111.0,0.0,32106.0,9728.0,0.0,0.0,14953.0,43.0,22265.0,0.0,0.693484,0.783179,22376.0,34633.98,1430400.0,161555786.50691634,1501.0,3.167293,2.0,591.0,4368785.0,14.055516,2.09,206307100.79167336,163586980.06434113,54.675,0.0,0.0,ddr4_2x,26588311.0,l2,imp,quick_imp_stage2_s8_ipd8_addr8_l2_ddr4_2x,24424739.0,24707920.0,0.008854,8853907563.0,stage2,0.00967,1.0921617348091257,32106.0,22265.0,43.0,0.6934840839718432,0.0013393135239519094,0.02684266543893621,0.07532931673568936,0.7811184395172608,9728.0,0.30299632467451565,0.0,0.0,2.0,32111.0,0.0,0.0,6.228395253962816e-05,161555786.50691634,1430400.0,0.00918289143756011,stage2: s8_ipd8_addr8
14684432.0,quick,s8_ipd16_pt32,3332.0,35603.55,18111.55,206.075791,162.806308,206299872.0,369886853.0,163586980.0,38414.0,0.919032,,0.0,0.0,9231125.0,12246.943557,8895.968893,3034645650.0,247788.0,165203.0,0.008946,82585.0,,,,,,,,,,,,,,,,,,,,,,0.0,0.0,82823.0,66030.339958,66189.098313,411963291.0,6239.0,75.0,0.074424,6164.0,2.0,8792.0,936.0,0.0,32111.0,0.0,32106.0,9728.0,0.0,0.0,14953.0,43.0,22265.0,0.0,0.693484,0.783179,22376.0,34633.98,1430400.0,161555786.50691634,1501.0,3.167293,2.0,591.0,4368785.0,14.055516,2.09,206307100.79167336,163586980.06434113,54.675,0.0,0.0,ddr4_2x,26588311.0,l2,imp,quick_imp_stage2_s8_ipd16_pt32_l2_ddr4_2x,24424739.0,24707920.0,0.008854,8853907563.0,stage2,0.00967,1.0921617348091257,32106.0,22265.0,43.0,0.6934840839718432,0.0013393135239519094,0.02684266543893621,0.07532931673568936,0.7811184395172608,9728.0,0.30299632467451565,0.0,0.0,2.0,32111.0,0.0,0.0,6.228395253962816e-05,161555786.50691634,1430400.0,0.00918289143756011,stage2: s8_ipd16_pt32
14684432.0,quick,s8,3332.0,35603.55,18111.55,206.075791,162.806308,206299872.0,369886853.0,163586980.0,38414.0,0.919032,,0.0,0.0,9231125.0,12246.943557,8895.968893,3034645650.0,247788.0,165203.0,0.008946,82585.0,,,,,,,,,,,,,,,,,,,,,,0.0,0.0,82823.0,66030.339958,66189.098313,411963291.0,6239.0,75.0,0.074424,6164.0,2.0,8792.0,936.0,0.0,32111.0,0.0,32106.0,9728.0,0.0,0.0,14953.0,43.0,22265.0,0.0,0.693484,0.783179,22376.0,34633.98,1430400.0,161555786.50691634,1501.0,3.167293,2.0,591.0,4368785.0,14.055516,2.09,206307100.79167336,163586980.06434113,54.675,0.0,0.0,ddr4_2x,26588311.0,l2,imp,quick_imp_stage2_s8_l2_ddr4_2x,24424739.0,24707920.0,0.008854,8853907563.0,stage2,0.00967,1.0921617348091257,32106.0,22265.0,43.0,0.6934840839718432,0.0013393135239519094,0.02684266543893621,0.07532931673568936,0.7811184395172608,9728.0,0.30299632467451565,0.0,0.0,2.0,32111.0,0.0,0.0,6.228395253962816e-05,161555786.50691634,1430400.0,0.00918289143756011,stage2: s8
14684432.0,quick,s8_dist8_addr8,3332.0,35603.55,18111.55,206.075791,162.806308,206299872.0,369886853.0,163586980.0,38414.0,0.919032,,0.0,0.0,9231125.0,12246.943557,8895.968893,3034645650.0,247788.0,165203.0,0.008946,82585.0,,,,,,,,,,,,,,,,,,,,,,0.0,0.0,82823.0,66030.339958,66189.098313,411963291.0,6239.0,75.0,0.074424,6164.0,2.0,8792.0,936.0,0.0,32111.0,0.0,32106.0,9728.0,0.0,0.0,14953.0,43.0,22265.0,0.0,0.693484,0.783179,22376.0,34633.98,1430400.0,161555786.50691634,1501.0,3.167293,2.0,591.0,4368785.0,14.055516,2.09,206307100.79167336,163586980.06434113,54.675,0.0,0.0,ddr4_2x,26588311.0,l2,imp,quick_imp_stage2_s8_dist8_addr8_l2_ddr4_2x,24424739.0,24707920.0,0.008854,8853907563.0,stage2,0.00967,1.0921617348091257,32106.0,22265.0,43.0,0.6934840839718432,0.0013393135239519094,0.02684266543893621,0.07532931673568936,0.7811184395172608,9728.0,0.30299632467451565,0.0,0.0,2.0,32111.0,0.0,0.0,6.228395253962816e-05,161555786.50691634,1430400.0,0.00918289143756011,stage2: s8_dist8_addr8
14684432.0,quick,s8_dist32_addr8,3332.0,35603.55,18111.55,206.075791,162.806308,206299872.0,369886853.0,163586980.0,38414.0,0.919032,,0.0,0.0,9231125.0,12246.943557,8895.968893,3034645650.0,247788.0,165203.0,0.008946,82585.0,,,,,,,,,,,,,,,,,,,,,,0.0,0.0,82823.0,66030.339958,66189.098313,411963291.0,6239.0,75.0,0.074424,6164.0,2.0,8792.0,936.0,0.0,32111.0,0.0,32106.0,9728.0,0.0,0.0,14953.0,43.0,22265.0,0.0,0.693484,0.783179,22376.0,34633.98,1430400.0,161555786.50691634,1501.0,3.167293,2.0,591.0,4368785.0,14.055516,2.09,206307100.79167336,163586980.06434113,54.675,0.0,0.0,ddr4_2x,26588311.0,l2,imp,quick_imp_stage2_s8_dist32_addr8_l2_ddr4_2x,24424739.0,24707920.0,0.008854,8853907563.0,stage2,0.00967,1.0921617348091257,32106.0,22265.0,43.0,0.6934840839718432,0.0013393135239519094,0.02684266543893621,0.07532931673568936,0.7811184395172608,9728.0,0.30299632467451565,0.0,0.0,2.0,32111.0,0.0,0.0,6.228395253962816e-05,161555786.50691634,1430400.0,0.00918289143756011,stage2: s8_dist32_addr8
14684432.0,quick,s8_ipd16_addr16,3332.0,35603.55,18111.55,206.075791,162.806308,206299872.0,369886853.0,163586980.0,38414.0,0.919032,,0.0,0.0,9231125.0,12246.943557,8895.968893,3034645650.0,247788.0,165203.0,0.008946,82585.0,,,,,,,,,,,,,,,,,,,,,,0.0,0.0,82823.0,66030.339958,66189.098313,411963291.0,6239.0,75.0,0.074424,6164.0,2.0,8792.0,936.0,0.0,32111.0,0.0,32106.0,9728.0,0.0,0.0,14953.0,43.0,22265.0,0.0,0.693484,0.783179,22376.0,34633.98,1430400.0,161555786.50691634,1501.0,3.167293,2.0,591.0,4368785.0,14.055516,2.09,206307100.79167336,163586980.06434113,54.675,0.0,0.0,ddr4_2x,26588311.0,l2,imp,quick_imp_stage2_s8_ipd16_addr16_l2_ddr4_2x,24424739.0,24707920.0,0.008854,8853907563.0,stage2,0.00967,1.0921617348091257,32106.0,22265.0,43.0,0.6934840839718432,0.0013393135239519094,0.02684266543893621,0.07532931673568936,0.7811184395172608,9728.0,0.30299632467451565,0.0,0.0,2.0,32111.0,0.0,0.0,6.228395253962816e-05,161555786.50691634,1430400.0,0.00918289143756011,stage2: s8_ipd16_addr16
14725405.0,quick,sthr2,3332.0,30050.39,12558.39,203.486916,160.830675,203801248.0,365374889.0,161573640.0,38414.0,0.908282,,0.0,0.0,9237221.0,14286.126582,10364.039329,3663462870.0,256435.0,173849.0,0.008941,82586.0,,,,,,,,,,,,,,,,,,,,,,0.0,0.0,82824.0,58341.285714,58282.002927,543974148.0,9324.0,99.0,0.111381,9225.0,0.0,10757.0,893.0,0.0,30956.0,0.0,30955.0,11650.0,0.0,0.0,4976.0,45.0,19173.0,0.0,0.619383,0.675153,19303.0,29470.155,1232960.0,137627279.9093402,1427.0,3.36977,2.0,647.0,4368783.0,15.852792,2.505,203808391.8262947,161573640.78430045,57.510000000000005,0.0,0.0,ddr4_2x,26902970.0,l2,imp,quick_imp_sthr2_l2_ddr4_2x,24424723.0,24707902.0,0.008959,8958689010.0,stage1,0.00967,1.0793615358857016,30955.0,19173.0,45.0,0.6193829752867065,0.0014537231465029882,0.027761054975300473,0.11257606490872211,0.6728076639646279,11650.0,0.37635277015021806,0.0,0.0,0.0,30956.0,0.0,0.0,0.0,137627279.9093402,1232960.0,0.009070876438253878,stage1: sthr2
14726099.0,quick,sthr8,3332.0,29865.905,12373.905,203.522439,160.813585,203693875.0,365257490.0,161563615.0,38414.0,0.908185,,0.0,0.0,9237475.0,14299.208363,10371.760325,3668490504.0,256552.0,173965.0,0.00894,82587.0,,,,,,,,,,,,,,,,,,,,,,0.0,0.0,82826.0,58361.030942,58247.997081,545092029.0,9340.0,91.0,0.111668,9249.0,0.0,10713.0,876.0,0.0,30859.0,0.0,30858.0,11589.0,0.0,0.0,5005.0,26.0,19158.0,0.0,0.620844,0.674411,19267.0,29242.01,1231936.0,137498365.4102428,1291.0,3.366115,2.0,635.0,4368783.0,15.602044,2.03,203701017.5283856,161563615.19293842,57.655,0.0,0.0,ddr4_2x,26905829.0,l2,imp,quick_imp_sthr8_l2_ddr4_2x,24424723.0,24707902.0,0.00896,8959641057.0,stage1,0.00967,1.0792410714285714,30858.0,19158.0,26.0,0.620843865448182,0.0008425691878929289,0.02777295743696194,0.11276652258952503,0.6722577022948979,11589.0,0.3755590122496597,0.0,0.0,0.0,30859.0,0.0,0.0,0.0,137498365.4102428,1231936.0,0.00906796186515366,stage1: sthr8
14727124.0,quick,pt8,3332.0,29813.865,12321.865,203.331766,160.787076,203610302.0,365140144.0,161529840.0,38414.0,0.908036,,0.0,0.0,9237780.0,14309.920361,10344.962912,3677434884.0,256985.0,174398.0,0.00894,82587.0,,,,,,,,,,,,,,,,,,,,,,0.0,0.0,82822.0,58289.044752,58237.975919,543137319.0,9318.0,99.0,0.111311,9219.0,0.0,10705.0,851.0,0.0,30849.0,0.0,30848.0,11556.0,0.0,0.0,4967.0,21.0,19176.0,0.0,0.621629,0.67533,19290.0,29149.005,1232256.0,137511409.43682525,1303.0,3.365106,2.0,632.0,4368783.0,15.70844,1.5750000000000002,203617444.84490952,161529840.40888524,53.935,0.0,0.0,ddr4_2x,26910265.0,l2,imp,quick_imp_pt8_l2_ddr4_2x,24424718.0,24707897.0,0.008961,8961118245.0,stage1,0.00967,1.0791206338578283,30848.0,19176.0,21.0,0.6216286307053942,0.0006807572614107883,0.02781891320208968,0.11250633889546256,0.6729837860602232,11556.0,0.3746109958506224,0.0,0.0,0.0,30849.0,0.0,0.0,0.0,137511409.43682525,1232256.0,0.009065048607842966,stage1: pt8
14726587.0,quick,addrlen16,3332.0,29999.115,12507.115,203.337996,160.71793000000002,203659361.0,365198556.0,161539194.0,38414.0,0.907968,,0.0,0.0,9237977.0,14341.384791,10364.373998,3685319991.0,256971.0,174385.0,0.00894,82586.0,,,,,,,,,,,,,,,,,,,,,,0.0,0.0,82825.0,58499.275518,58423.176515,545037750.0,9317.0,94.0,0.111355,9223.0,0.0,10696.0,848.0,0.0,30842.0,0.0,30841.0,11544.0,0.0,0.0,5006.0,27.0,19180.0,0.0,0.621899,0.675281,19295.0,29323.635,1232576.0,137536841.15863812,1334.0,3.364988,2.0,649.0,4368783.0,15.701005,2.035,203666502.5703931,161539194.50690037,56.07,0.0,0.0,ddr4_2x,26912276.0,l2,imp,quick_imp_addrlen16_l2_ddr4_2x,24424723.0,24707902.0,0.008962,8961787908.0,stage1,0.00967,1.0790002231644722,30841.0,19180.0,27.0,0.6218994196037742,0.0008754579942284621,0.027816804480028472,0.11249019015997586,0.6730533038565463,11544.0,0.3743069290879025,0.0,0.0,0.0,30842.0,0.0,0.0,0.0,137536841.15863812,1232576.0,0.009066498756855564,stage1: addrlen16
14726587.0,quick,addrlen2,3332.0,29999.115,12507.115,203.337996,160.71793000000002,203659361.0,365198556.0,161539194.0,38414.0,0.907968,,0.0,0.0,9237977.0,14341.384791,10364.373998,3685319991.0,256971.0,174385.0,0.00894,82586.0,,,,,,,,,,,,,,,,,,,,,,0.0,0.0,82825.0,58499.275518,58423.176515,545037750.0,9317.0,94.0,0.111355,9223.0,0.0,10696.0,848.0,0.0,30842.0,0.0,30841.0,11544.0,0.0,0.0,5006.0,27.0,19180.0,0.0,0.621899,0.675281,19295.0,29323.635,1232576.0,137536841.15863812,1334.0,3.364988,2.0,649.0,4368783.0,15.701005,2.035,203666502.5703931,161539194.50690037,56.07,0.0,0.0,ddr4_2x,26912276.0,l2,imp,quick_imp_addrlen2_l2_ddr4_2x,24424723.0,24707902.0,0.008962,8961787908.0,stage1,0.00967,1.0790002231644722,30841.0,19180.0,27.0,0.6218994196037742,0.0008754579942284621,0.027816804480028472,0.11249019015997586,0.6730533038565463,11544.0,0.3743069290879025,0.0,0.0,0.0,30842.0,0.0,0.0,0.0,137536841.15863812,1232576.0,0.009066498756855564,stage1: addrlen2
14726587.0,quick,default,3332.0,29999.115,12507.115,203.337996,160.71793000000002,203659361.0,365198556.0,161539194.0,38414.0,0.907968,,0.0,0.0,9237977.0,14341.384791,10364.373998,3685319991.0,256971.0,174385.0,0.00894,82586.0,,,,,,,,,,,,,,,,,,,,,,0.0,0.0,82825.0,58499.275518,58423.176515,545037750.0,9317.0,94.0,0.111355,9223.0,0.0,10696.0,848.0,0.0,30842.0,0.0,30841.0,11544.0,0.0,0.0,5006.0,27.0,19180.0,0.0,0.621899,0.675281,19295.0,29323.635,1232576.0,137536841.15863812,1334.0,3.364988,2.0,649.0,4368783.0,15.701005,2.035,203666502.5703931,161539194.50690037,56.07,0.0,0.0,ddr4_2x,26912276.0,l2,imp,quick_imp_default_l2_ddr4_2x,24424723.0,24707902.0,0.008962,8961787908.0,stage1,0.00967,1.0790002231644722,30841.0,19180.0,27.0,0.6218994196037742,0.0008754579942284621,0.027816804480028472,0.11249019015997586,0.6730533038565463,11544.0,0.3743069290879025,0.0,0.0,0.0,30842.0,0.0,0.0,0.0,137536841.15863812,1232576.0,0.009066498756855564,IMP default
14726587.0,quick,dist32,3332.0,29999.115,12507.115,203.337996,160.71793000000002,203659361.0,365198556.0,161539194.0,38414.0,0.907968,,0.0,0.0,9237977.0,14341.384791,10364.373998,3685319991.0,256971.0,174385.0,0.00894,82586.0,,,,,,,,,,,,,,,,,,,,,,0.0,0.0,82825.0,58499.275518,58423.176515,545037750.0,9317.0,94.0,0.111355,9223.0,0.0,10696.0,848.0,0.0,30842.0,0.0,30841.0,11544.0,0.0,0.0,5006.0,27.0,19180.0,0.0,0.621899,0.675281,19295.0,29323.635,1232576.0,137536841.15863812,1334.0,3.364988,2.0,649.0,4368783.0,15.701005,2.035,203666502.5703931,161539194.50690037,56.07,0.0,0.0,ddr4_2x,26912276.0,l2,imp,quick_imp_dist32_l2_ddr4_2x,24424723.0,24707902.0,0.008962,8961787908.0,stage1,0.00967,1.0790002231644722,30841.0,19180.0,27.0,0.6218994196037742,0.0008754579942284621,0.027816804480028472,0.11249019015997586,0.6730533038565463,11544.0,0.3743069290879025,0.0,0.0,0.0,30842.0,0.0,0.0,0.0,137536841.15863812,1232576.0,0.009066498756855564,stage1: dist32
14726587.0,quick,dist4,3332.0,29999.115,12507.115,203.337996,160.71793000000002,203659361.0,365198556.0,161539194.0,38414.0,0.907968,,0.0,0.0,9237977.0,14341.384791,10364.373998,3685319991.0,256971.0,174385.0,0.00894,82586.0,,,,,,,,,,,,,,,,,,,,,,0.0,0.0,82825.0,58499.275518,58423.176515,545037750.0,9317.0,94.0,0.111355,9223.0,0.0,10696.0,848.0,0.0,30842.0,0.0,30841.0,11544.0,0.0,0.0,5006.0,27.0,19180.0,0.0,0.621899,0.675281,19295.0,29323.635,1232576.0,137536841.15863812,1334.0,3.364988,2.0,649.0,4368783.0,15.701005,2.035,203666502.5703931,161539194.50690037,56.07,0.0,0.0,ddr4_2x,26912276.0,l2,imp,quick_imp_dist4_l2_ddr4_2x,24424723.0,24707902.0,0.008962,8961787908.0,stage1,0.00967,1.0790002231644722,30841.0,19180.0,27.0,0.6218994196037742,0.0008754579942284621,0.027816804480028472,0.11249019015997586,0.6730533038565463,11544.0,0.3743069290879025,0.0,0.0,0.0,30842.0,0.0,0.0,0.0,137536841.15863812,1232576.0,0.009066498756855564,stage1: dist4
14726587.0,quick,dist64,3332.0,29999.115,12507.115,203.337996,160.71793000000002,203659361.0,365198556.0,161539194.0,38414.0,0.907968,,0.0,0.0,9237977.0,14341.384791,10364.373998,3685319991.0,256971.0,174385.0,0.00894,82586.0,,,,,,,,,,,,,,,,,,,,,,0.0,0.0,82825.0,58499.275518,58423.176515,545037750.0,9317.0,94.0,0.111355,9223.0,0.0,10696.0,848.0,0.0,30842.0,0.0,30841.0,11544.0,0.0,0.0,5006.0,27.0,19180.0,0.0,0.621899,0.675281,19295.0,29323.635,1232576.0,137536841.15863812,1334.0,3.364988,2.0,649.0,4368783.0,15.701005,2.035,203666502.5703931,161539194.50690037,56.07,0.0,0.0,ddr4_2x,26912276.0,l2,imp,quick_imp_dist64_l2_ddr4_2x,24424723.0,24707902.0,0.008962,8961787908.0,stage1,0.00967,1.0790002231644722,30841.0,19180.0,27.0,0.6218994196037742,0.0008754579942284621,0.027816804480028472,0.11249019015997586,0.6730533038565463,11544.0,0.3743069290879025,0.0,0.0,0.0,30842.0,0.0,0.0,0.0,137536841.15863812,1232576.0,0.009066498756855564,stage1: dist64
14726587.0,quick,dist8,3332.0,29999.115,12507.115,203.337996,160.71793000000002,203659361.0,365198556.0,161539194.0,38414.0,0.907968,,0.0,0.0,9237977.0,14341.384791,10364.373998,3685319991.0,256971.0,174385.0,0.00894,82586.0,,,,,,,,,,,,,,,,,,,,,,0.0,0.0,82825.0,58499.275518,58423.176515,545037750.0,9317.0,94.0,0.111355,9223.0,0.0,10696.0,848.0,0.0,30842.0,0.0,30841.0,11544.0,0.0,0.0,5006.0,27.0,19180.0,0.0,0.621899,0.675281,19295.0,29323.635,1232576.0,137536841.15863812,1334.0,3.364988,2.0,649.0,4368783.0,15.701005,2.035,203666502.5703931,161539194.50690037,56.07,0.0,0.0,ddr4_2x,26912276.0,l2,imp,quick_imp_dist8_l2_ddr4_2x,24424723.0,24707902.0,0.008962,8961787908.0,stage1,0.00967,1.0790002231644722,30841.0,19180.0,27.0,0.6218994196037742,0.0008754579942284621,0.027816804480028472,0.11249019015997586,0.6730533038565463,11544.0,0.3743069290879025,0.0,0.0,0.0,30842.0,0.0,0.0,0.0,137536841.15863812,1232576.0,0.009066498756855564,stage1: dist8
14726587.0,quick,ipd16,3332.0,29999.115,12507.115,203.337996,160.71793000000002,203659361.0,365198556.0,161539194.0,38414.0,0.907968,,0.0,0.0,9237977.0,14341.384791,10364.373998,3685319991.0,256971.0,174385.0,0.00894,82586.0,,,,,,,,,,,,,,,,,,,,,,0.0,0.0,82825.0,58499.275518,58423.176515,545037750.0,9317.0,94.0,0.111355,9223.0,0.0,10696.0,848.0,0.0,30842.0,0.0,30841.0,11544.0,0.0,0.0,5006.0,27.0,19180.0,0.0,0.621899,0.675281,19295.0,29323.635,1232576.0,137536841.15863812,1334.0,3.364988,2.0,649.0,4368783.0,15.701005,2.035,203666502.5703931,161539194.50690037,56.07,0.0,0.0,ddr4_2x,26912276.0,l2,imp,quick_imp_ipd16_l2_ddr4_2x,24424723.0,24707902.0,0.008962,8961787908.0,stage1,0.00967,1.0790002231644722,30841.0,19180.0,27.0,0.6218994196037742,0.0008754579942284621,0.027816804480028472,0.11249019015997586,0.6730533038565463,11544.0,0.3743069290879025,0.0,0.0,0.0,30842.0,0.0,0.0,0.0,137536841.15863812,1232576.0,0.009066498756855564,stage1: ipd16
14726587.0,quick,ipd2,3332.0,29999.115,12507.115,203.337996,160.71793000000002,203659361.0,365198556.0,161539194.0,38414.0,0.907968,,0.0,0.0,9237977.0,14341.384791,10364.373998,3685319991.0,256971.0,174385.0,0.00894,82586.0,,,,,,,,,,,,,,,,,,,,,,0.0,0.0,82825.0,58499.275518,58423.176515,545037750.0,9317.0,94.0,0.111355,9223.0,0.0,10696.0,848.0,0.0,30842.0,0.0,30841.0,11544.0,0.0,0.0,5006.0,27.0,19180.0,0.0,0.621899,0.675281,19295.0,29323.635,1232576.0,137536841.15863812,1334.0,3.364988,2.0,649.0,4368783.0,15.701005,2.035,203666502.5703931,161539194.50690037,56.07,0.0,0.0,ddr4_2x,26912276.0,l2,imp,quick_imp_ipd2_l2_ddr4_2x,24424723.0,24707902.0,0.008962,8961787908.0,stage1,0.00967,1.0790002231644722,30841.0,19180.0,27.0,0.6218994196037742,0.0008754579942284621,0.027816804480028472,0.11249019015997586,0.6730533038565463,11544.0,0.3743069290879025,0.0,0.0,0.0,30842.0,0.0,0.0,0.0,137536841.15863812,1232576.0,0.009066498756855564,stage1: ipd2
14726587.0,quick,ipd8,3332.0,29999.115,12507.115,203.337996,160.71793000000002,203659361.0,365198556.0,161539194.0,38414.0,0.907968,,0.0,0.0,9237977.0,14341.384791,10364.373998,3685319991.0,256971.0,174385.0,0.00894,82586.0,,,,,,,,,,,,,,,,,,,,,,0.0,0.0,82825.0,58499.275518,58423.176515,545037750.0,9317.0,94.0,0.111355,9223.0,0.0,10696.0,848.0,0.0,30842.0,0.0,30841.0,11544.0,0.0,0.0,5006.0,27.0,19180.0,0.0,0.621899,0.675281,19295.0,29323.635,1232576.0,137536841.15863812,1334.0,3.364988,2.0,649.0,4368783.0,15.701005,2.035,203666502.5703931,161539194.50690037,56.07,0.0,0.0,ddr4_2x,26912276.0,l2,imp,quick_imp_ipd8_l2_ddr4_2x,24424723.0,24707902.0,0.008962,8961787908.0,stage1,0.00967,1.0790002231644722,30841.0,19180.0,27.0,0.6218994196037742,0.0008754579942284621,0.027816804480028472,0.11249019015997586,0.6730533038565463,11544.0,0.3743069290879025,0.0,0.0,0.0,30842.0,0.0,0.0,0.0,137536841.15863812,1232576.0,0.009066498756855564,stage1: ipd8
14726587.0,quick,pt32,3332.0,29999.115,12507.115,203.337996,160.71793000000002,203659361.0,365198556.0,161539194.0,38414.0,0.907968,,0.0,0.0,9237977.0,14341.384791,10364.373998,3685319991.0,256971.0,174385.0,0.00894,82586.0,,,,,,,,,,,,,,,,,,,,,,0.0,0.0,82825.0,58499.275518,58423.176515,545037750.0,9317.0,94.0,0.111355,9223.0,0.0,10696.0,848.0,0.0,30842.0,0.0,30841.0,11544.0,0.0,0.0,5006.0,27.0,19180.0,0.0,0.621899,0.675281,19295.0,29323.635,1232576.0,137536841.15863812,1334.0,3.364988,2.0,649.0,4368783.0,15.701005,2.035,203666502.5703931,161539194.50690037,56.07,0.0,0.0,ddr4_2x,26912276.0,l2,imp,quick_imp_pt32_l2_ddr4_2x,24424723.0,24707902.0,0.008962,8961787908.0,stage1,0.00967,1.0790002231644722,30841.0,19180.0,27.0,0.6218994196037742,0.0008754579942284621,0.027816804480028472,0.11249019015997586,0.6730533038565463,11544.0,0.3743069290879025,0.0,0.0,0.0,30842.0,0.0,0.0,0.0,137536841.15863812,1232576.0,0.009066498756855564,stage1: pt32
14726587.0,quick,thr1,3332.0,29999.115,12507.115,203.337996,160.71793000000002,203659361.0,365198556.0,161539194.0,38414.0,0.907968,,0.0,0.0,9237977.0,14341.384791,10364.373998,3685319991.0,256971.0,174385.0,0.00894,82586.0,,,,,,,,,,,,,,,,,,,,,,0.0,0.0,82825.0,58499.275518,58423.176515,545037750.0,9317.0,94.0,0.111355,9223.0,0.0,10696.0,848.0,0.0,30842.0,0.0,30841.0,11544.0,0.0,0.0,5006.0,27.0,19180.0,0.0,0.621899,0.675281,19295.0,29323.635,1232576.0,137536841.15863812,1334.0,3.364988,2.0,649.0,4368783.0,15.701005,2.035,203666502.5703931,161539194.50690037,56.07,0.0,0.0,ddr4_2x,26912276.0,l2,imp,quick_imp_thr1_l2_ddr4_2x,24424723.0,24707902.0,0.008962,8961787908.0,stage1,0.00967,1.0790002231644722,30841.0,19180.0,27.0,0.6218994196037742,0.0008754579942284621,0.027816804480028472,0.11249019015997586,0.6730533038565463,11544.0,0.3743069290879025,0.0,0.0,0.0,30842.0,0.0,0.0,0.0,137536841.15863812,1232576.0,0.009066498756855564,stage1: thr1
14726587.0,quick,pt64,3332.0,29999.115,12507.115,203.337996,160.71793000000002,203659361.0,365198556.0,161539194.0,38414.0,0.907968,,0.0,0.0,9237977.0,14341.384791,10364.373998,3685319991.0,256971.0,174385.0,0.00894,82586.0,,,,,,,,,,,,,,,,,,,,,,0.0,0.0,82825.0,58499.275518,58423.176515,545037750.0,9317.0,94.0,0.111355,9223.0,0.0,10696.0,848.0,0.0,30842.0,0.0,30841.0,11544.0,0.0,0.0,5006.0,27.0,19180.0,0.0,0.621899,0.675281,19295.0,29323.635,1232576.0,137536841.15863812,1334.0,3.364988,2.0,649.0,4368783.0,15.701005,2.035,203666502.5703931,161539194.50690037,56.07,0.0,0.0,ddr4_2x,26912276.0,l2,imp,quick_imp_pt64_l2_ddr4_2x,24424723.0,24707902.0,0.008962,8961787908.0,stage1,0.00967,1.0790002231644722,30841.0,19180.0,27.0,0.6218994196037742,0.0008754579942284621,0.027816804480028472,0.11249019015997586,0.6730533038565463,11544.0,0.3743069290879025,0.0,0.0,0.0,30842.0,0.0,0.0,0.0,137536841.15863812,1232576.0,0.009066498756855564,stage1: pt64
14726587.0,quick,thr4,3332.0,29999.115,12507.115,203.337996,160.71793000000002,203659361.0,365198556.0,161539194.0,38414.0,0.907968,,0.0,0.0,9237977.0,14341.384791,10364.373998,3685319991.0,256971.0,174385.0,0.00894,82586.0,,,,,,,,,,,,,,,,,,,,,,0.0,0.0,82825.0,58499.275518,58423.176515,545037750.0,9317.0,94.0,0.111355,9223.0,0.0,10696.0,848.0,0.0,30842.0,0.0,30841.0,11544.0,0.0,0.0,5006.0,27.0,19180.0,0.0,0.621899,0.675281,19295.0,29323.635,1232576.0,137536841.15863812,1334.0,3.364988,2.0,649.0,4368783.0,15.701005,2.035,203666502.5703931,161539194.50690037,56.07,0.0,0.0,ddr4_2x,26912276.0,l2,imp,quick_imp_thr4_l2_ddr4_2x,24424723.0,24707902.0,0.008962,8961787908.0,stage1,0.00967,1.0790002231644722,30841.0,19180.0,27.0,0.6218994196037742,0.0008754579942284621,0.027816804480028472,0.11249019015997586,0.6730533038565463,11544.0,0.3743069290879025,0.0,0.0,0.0,30842.0,0.0,0.0,0.0,137536841.15863812,1232576.0,0.009066498756855564,stage1: thr4
14726587.0,quick,thr3,3332.0,29999.115,12507.115,203.337996,160.71793000000002,203659361.0,365198556.0,161539194.0,38414.0,0.907968,,0.0,0.0,9237977.0,14341.384791,10364.373998,3685319991.0,256971.0,174385.0,0.00894,82586.0,,,,,,,,,,,,,,,,,,,,,,0.0,0.0,82825.0,58499.275518,58423.176515,545037750.0,9317.0,94.0,0.111355,9223.0,0.0,10696.0,848.0,0.0,30842.0,0.0,30841.0,11544.0,0.0,0.0,5006.0,27.0,19180.0,0.0,0.621899,0.675281,19295.0,29323.635,1232576.0,137536841.15863812,1334.0,3.364988,2.0,649.0,4368783.0,15.701005,2.035,203666502.5703931,161539194.50690037,56.07,0.0,0.0,ddr4_2x,26912276.0,l2,imp,quick_imp_thr3_l2_ddr4_2x,24424723.0,24707902.0,0.008962,8961787908.0,stage1,0.00967,1.0790002231644722,30841.0,19180.0,27.0,0.6218994196037742,0.0008754579942284621,0.027816804480028472,0.11249019015997586,0.6730533038565463,11544.0,0.3743069290879025,0.0,0.0,0.0,30842.0,0.0,0.0,0.0,137536841.15863812,1232576.0,0.009066498756855564,stage1: thr3
14726587.0,quick,addrlen8,3332.0,29999.115,12507.115,203.337996,160.71793000000002,203659361.0,365198556.0,161539194.0,38414.0,0.907968,,0.0,0.0,9237977.0,14341.384791,10364.373998,3685319991.0,256971.0,174385.0,0.00894,82586.0,,,,,,,,,,,,,,,,,,,,,,0.0,0.0,82825.0,58499.275518,58423.176515,545037750.0,9317.0,94.0,0.111355,9223.0,0.0,10696.0,848.0,0.0,30842.0,0.0,30841.0,11544.0,0.0,0.0,5006.0,27.0,19180.0,0.0,0.621899,0.675281,19295.0,29323.635,1232576.0,137536841.15863812,1334.0,3.364988,2.0,649.0,4368783.0,15.701005,2.035,203666502.5703931,161539194.50690037,56.07,0.0,0.0,ddr4_2x,26912276.0,l2,imp,quick_imp_addrlen8_l2_ddr4_2x,24424723.0,24707902.0,0.008962,8961787908.0,stage1,0.00967,1.0790002231644722,30841.0,19180.0,27.0,0.6218994196037742,0.0008754579942284621,0.027816804480028472,0.11249019015997586,0.6730533038565463,11544.0,0.3743069290879025,0.0,0.0,0.0,30842.0,0.0,0.0,0.0,137536841.15863812,1232576.0,0.009066498756855564,stage1: addrlen8
14793561.0,quick,s64_sth2_dist32_ipd16,3332.0,35591.26,18099.26,199.816561,158.28173600000002,201059446.0,360141684.0,159082239.0,38414.0,0.892776,,0.0,0.0,9249244.0,16619.944843,12692.80148,4569504255.0,274941.0,192355.0,0.008929,82586.0,,,,,,,,,,,,,,,,,,,,,4.25,4.0,17.0,82821.0,52846.416696,52515.595083,754593984.0,14279.0,2.0,0.172384,14277.0,0.0,411933.0,4647.0,0.0,635352.0,0.0,430967.0,416580.0,0.0,204221.0,256872.0,152.0,14224.0,0.0,0.033005,0.49907,14356.0,45250.875,914112.0,100294487.37790352,1473.0,3.584248,2.0,832.0,4368783.0,16.076962,1.88,201066467.23929772,159082238.43355066,55.94,0.0,0.0,ddr4_2x,27370209.0,l2,imp,quick_imp3_s64_sth2_dist32_ipd16_l2_ddr4_2x,24424718.0,24707897.0,0.009114,9114279597.0,stage3,0.00967,1.0610050471801622,430967.0,14224.0,152.0,0.03300484723888372,0.00035269521796332435,0.029725780831384704,0.1724079641636783,0.4990351892783216,416580.0,0.9666169335471161,204221.0,0.0,0.0,635352.0,0.32142969566476537,0.0,0.0,100294487.37790352,914112.0,0.008940955753061272,stage3: s64_sth2_dist32_ipd16
14793561.0,quick,s64_sth2_dist32_ipd16_addr16,3332.0,35591.26,18099.26,199.816561,158.28173600000002,201059446.0,360141684.0,159082239.0,38414.0,0.892776,,0.0,0.0,9249244.0,16619.944843,12692.80148,4569504255.0,274941.0,192355.0,0.008929,82586.0,,,,,,,,,,,,,,,,,,,,,4.25,4.0,17.0,82821.0,52846.416696,52515.595083,754593984.0,14279.0,2.0,0.172384,14277.0,0.0,411933.0,4647.0,0.0,635352.0,0.0,430967.0,416580.0,0.0,204221.0,256872.0,152.0,14224.0,0.0,0.033005,0.49907,14356.0,45250.875,914112.0,100294487.37790352,1473.0,3.584248,2.0,832.0,4368783.0,16.076962,1.88,201066467.23929772,159082238.43355066,55.94,0.0,0.0,ddr4_2x,27370209.0,l2,imp,quick_imp3_s64_sth2_dist32_ipd16_addr16_l2_ddr4_2x,24424718.0,24707897.0,0.009114,9114279597.0,stage3,0.00967,1.0610050471801622,430967.0,14224.0,152.0,0.03300484723888372,0.00035269521796332435,0.029725780831384704,0.1724079641636783,0.4990351892783216,416580.0,0.9666169335471161,204221.0,0.0,0.0,635352.0,0.32142969566476537,0.0,0.0,100294487.37790352,914112.0,0.008940955753061272,stage3: s64_sth2_dist32_ipd16_addr16
14793912.0,quick,s64_dist8_addr16,3332.0,35821.535,18329.535,199.856359,158.322569,200719745.0,359758293.0,159038548.0,38414.0,0.892452,,0.0,0.0,9249248.0,16685.059197,12740.574516,4587473601.0,274945.0,192359.0,0.008929,82586.0,,,,,,,,,,,,,,,,,,,,,1.0,1.0,1.0,82820.0,53038.70476,52709.209367,758824749.0,14307.0,2.0,0.172724,14305.0,0.0,412592.0,4676.0,0.0,636203.0,0.0,431589.0,417268.0,0.0,204463.0,256981.0,75.0,14195.0,0.0,0.03289,0.49807,14290.0,45739.835,911040.0,99921160.23694745,1473.0,3.587578,2.0,840.0,4368783.0,16.14213,1.2,200726764.88484365,159038547.76877546,58.93,0.0,0.0,ddr4_2x,27380145.0,l2,imp,quick_imp3_s64_dist8_addr16_l2_ddr4_2x,24424718.0,24707897.0,0.009118,9117588285.0,stage3,0.00967,1.060539592015793,431589.0,14195.0,75.0,0.03289008756015561,0.000173776440085359,0.029726200443538763,0.1727481284713837,0.4980352255982036,417268.0,0.966817968020501,204463.0,0.0,0.0,636203.0,0.32138012552597206,0.0,0.0,99921160.23694745,911040.0,0.008931437604734065,stage3: s64_dist8_addr16
14793912.0,quick,s64,3332.0,35821.535,18329.535,199.856359,158.322569,200719745.0,359758293.0,159038548.0,38414.0,0.892452,,0.0,0.0,9249248.0,16685.059197,12740.574516,4587473601.0,274945.0,192359.0,0.008929,82586.0,,,,,,,,,,,,,,,,,,,,,1.0,1.0,1.0,82820.0,53038.70476,52709.209367,758824749.0,14307.0,2.0,0.172724,14305.0,0.0,412592.0,4676.0,0.0,636203.0,0.0,431589.0,417268.0,0.0,204463.0,256981.0,75.0,14195.0,0.0,0.03289,0.49807,14290.0,45739.835,911040.0,99921160.23694745,1473.0,3.587578,2.0,840.0,4368783.0,16.14213,1.2,200726764.88484365,159038547.76877546,58.93,0.0,0.0,ddr4_2x,27380145.0,l2,imp,quick_imp3_s64_l2_ddr4_2x,24424718.0,24707897.0,0.009118,9117588285.0,stage3,0.00967,1.060539592015793,431589.0,14195.0,75.0,0.03289008756015561,0.000173776440085359,0.029726200443538763,0.1727481284713837,0.4980352255982036,417268.0,0.966817968020501,204463.0,0.0,0.0,636203.0,0.32138012552597206,0.0,0.0,99921160.23694745,911040.0,0.008931437604734065,stage3: s64
14793912.0,quick,s64_dist32_addr16,3332.0,35821.535,18329.535,199.856359,158.322569,200719745.0,359758293.0,159038548.0,38414.0,0.892452,,0.0,0.0,9249248.0,16685.059197,12740.574516,4587473601.0,274945.0,192359.0,0.008929,82586.0,,,,,,,,,,,,,,,,,,,,,1.0,1.0,1.0,82820.0,53038.70476,52709.209367,758824749.0,14307.0,2.0,0.172724,14305.0,0.0,412592.0,4676.0,0.0,636203.0,0.0,431589.0,417268.0,0.0,204463.0,256981.0,75.0,14195.0,0.0,0.03289,0.49807,14290.0,45739.835,911040.0,99921160.23694745,1473.0,3.587578,2.0,840.0,4368783.0,16.14213,1.2,200726764.88484365,159038547.76877546,58.93,0.0,0.0,ddr4_2x,27380145.0,l2,imp,quick_imp3_s64_dist32_addr16_l2_ddr4_2x,24424718.0,24707897.0,0.009118,9117588285.0,stage3,0.00967,1.060539592015793,431589.0,14195.0,75.0,0.03289008756015561,0.000173776440085359,0.029726200443538763,0.1727481284713837,0.4980352255982036,417268.0,0.966817968020501,204463.0,0.0,0.0,636203.0,0.32138012552597206,0.0,0.0,99921160.23694745,911040.0,0.008931437604734065,stage3: s64_dist32_addr16
14794224.0,quick,s2,3332.0,26646.28,9154.28,199.457505,157.691361,199639645.0,358059567.0,158419922.0,38414.0,0.890672,,0.0,0.0,9249176.0,17093.989788,12725.03371,4644881469.0,271726.0,189139.0,0.008929,82587.0,,,,,,,,,,,,,,,,,,,,,,0.0,0.0,82826.0,53485.428036,53283.403989,756979263.0,14153.0,66.0,0.170079,14087.0,0.0,10579.0,1722.0,0.0,26714.0,0.0,26714.0,12301.0,0.0,0.0,880.0,9.0,14340.0,0.0,0.536797,0.50445,14411.0,26311.905,921728.0,100891647.3042327,1361.0,3.637192,2.0,712.0,4368783.0,17.867644,1.195,199646650.22381112,158419921.6871211,53.075,0.0,0.0,ddr4_2x,27434897.0,l2,imp,quick_imp_stage2_s2_l2_ddr4_2x,24424723.0,24707902.0,0.009136,9135820701.0,stage2,0.00967,1.0584500875656742,26714.0,14340.0,9.0,0.536797184996631,0.00033690199895186043,0.029378400843491356,0.1708762948832492,0.5032815077387428,12301.0,0.46047016545631503,0.0,0.0,0.0,26714.0,0.0,0.0,0.0,100891647.3042327,921728.0,0.00888926466370185,stage2: s2
14794224.0,quick,sdist2,3332.0,26646.28,9154.28,199.457505,157.691361,199639645.0,358059567.0,158419922.0,38414.0,0.890672,,0.0,0.0,9249176.0,17093.989788,12725.03371,4644881469.0,271726.0,189139.0,0.008929,82587.0,,,,,,,,,,,,,,,,,,,,,,0.0,0.0,82826.0,53485.428036,53283.403989,756979263.0,14153.0,66.0,0.170079,14087.0,0.0,10579.0,1722.0,0.0,26714.0,0.0,26714.0,12301.0,0.0,0.0,880.0,9.0,14340.0,0.0,0.536797,0.50445,14411.0,26311.905,921728.0,100891647.3042327,1361.0,3.637192,2.0,712.0,4368783.0,17.867644,1.195,199646650.22381112,158419921.6871211,53.075,0.0,0.0,ddr4_2x,27434897.0,l2,imp,quick_imp_sdist2_l2_ddr4_2x,24424723.0,24707902.0,0.009136,9135820701.0,stage1,0.00967,1.0584500875656742,26714.0,14340.0,9.0,0.536797184996631,0.00033690199895186043,0.029378400843491356,0.1708762948832492,0.5032815077387428,12301.0,0.46047016545631503,0.0,0.0,0.0,26714.0,0.0,0.0,0.0,100891647.3042327,921728.0,0.00888926466370185,stage1: sdist2
14796734.0,quick,cons_s2_sth8_pt8,3332.0,26723.9,9231.9,199.50003500000005,157.634586,199605101.0,358003170.0,158398068.0,38414.0,0.890549,,0.0,0.0,9248930.0,17009.75005,12705.131826,4613758623.0,271242.0,188656.0,0.008929,82586.0,,,,,,,,,,,,,,,,,,,,,,0.0,0.0,82826.0,53347.428148,53187.208351,755079498.0,14154.0,72.0,0.170019,14082.0,0.0,10722.0,1576.0,0.0,26715.0,0.0,26715.0,12298.0,0.0,0.0,795.0,6.0,14340.0,0.0,0.536777,0.504539,14415.0,26326.37,922176.0,100926760.88805202,1582.0,3.643682,2.0,743.0,4368783.0,18.07338,1.345,199612105.75249544,158398068.61839187,57.03,0.0,0.0,ddr4_2x,27438682.0,l2,imp,quick_imp_stage2_cons_s2_sth8_pt8_l2_ddr4_2x,24424723.0,24707902.0,0.009137,9137081106.0,stage2,0.00967,1.0583342453759441,26715.0,14340.0,6.0,0.5367770915216171,0.00022459292532285232,0.029326851862864135,0.17088836838673846,0.5032638450200042,12298.0,0.46034063260340635,0.0,0.0,0.0,26715.0,0.0,0.0,0.0,100926760.88805202,922176.0,0.008887864539517377,stage2: cons_s2_sth8_pt8
14794852.0,quick,s2_sth8,3332.0,26816.285,9324.285,199.492907,157.613476,199611982.0,358009953.0,158397970.0,38414.0,0.890548,,0.0,0.0,9248832.0,17089.992532,12744.622805,4636121904.0,271277.0,188691.0,0.008929,82586.0,,,,,,,,,,,,,,,,,,,,,,0.0,0.0,82826.0,53571.375,53405.022795,758142099.0,14152.0,70.0,0.170019,14082.0,0.0,10697.0,1581.0,0.0,26696.0,0.0,26696.0,12278.0,0.0,0.0,858.0,7.0,14342.0,0.0,0.537234,0.504574,14416.0,26728.18,922304.0,100940707.19904327,1337.0,3.650174,2.0,783.0,4368783.0,18.199076,1.195,199618986.50097385,158397970.48082468,59.245,0.0,0.0,ddr4_2x,27438699.0,l2,imp,quick_imp_stage2_s2_sth8_l2_ddr4_2x,24424723.0,24707902.0,0.009137,9137086767.0,stage2,0.00967,1.0583342453759441,26696.0,14342.0,7.0,0.5372340425531915,0.0002622115672759964,0.02933094686983178,0.17086422137975998,0.5033340352354881,12278.0,0.4599190890020977,0.0,0.0,0.0,26696.0,0.0,0.0,0.0,100940707.19904327,922304.0,0.008888032935750214,stage2: s2_sth8
14795285.0,quick,s2_sth2,3332.0,26723.595,9231.595,199.555517,157.613136,199660584.0,358072223.0,158411639.0,38414.0,0.890546,,0.0,0.0,9249230.0,17105.477927,12716.884812,4647712302.0,271709.0,189122.0,0.008929,82587.0,,,,,,,,,,,,,,,,,,,,,,0.0,0.0,82827.0,53422.206992,53255.817491,756458451.0,14160.0,73.0,0.170077,14087.0,0.0,10618.0,1645.0,0.0,26683.0,0.0,26683.0,12263.0,0.0,0.0,951.0,16.0,14334.0,0.0,0.537196,0.504345,14418.0,26939.305,922176.0,100926481.34063858,1495.0,3.635943,2.0,714.0,4368783.0,17.514108,1.4249999999999998,199667588.11133617,158411638.69802776,56.6,0.0,0.0,ddr4_2x,27438758.0,l2,imp,quick_imp_stage2_s2_sth2_l2_ddr4_2x,24424723.0,24707902.0,0.009137,9137106414.0,stage2,0.00967,1.0583342453759441,26683.0,14334.0,16.0,0.5371959674699247,0.0005996327249559645,0.029376391332035207,0.17095874533666558,0.5030532743735523,12263.0,0.45958100663343704,0.0,0.0,0.0,26683.0,0.0,0.0,0.0,100926481.34063858,922176.0,0.00888957886430966,stage2: s2_sth2
,quick,none,,,,,,,,,,,,,,9285605.0,,,,325079.0,,,,,,,,,,,,,,,,,,,,,,,,,,,82826.0,,,,28492.0,,,,,,,,,,,,,,,,,,,,,,,,,,,,,,,,,,,,ddr4_2x,,l2,none,quick_nopf_ddr4_2x,,,0.00967,,baseline,0.00967,1.0,0.0,0.0,0.0,,,0.035008919720362866,0.34399826141549755,0.0,0.0,,,,,,,,,0.0,0.0,,No prefetch baseline
