added_loads_and_stores,benchmark,config,dram_avg_bus_lat,dram_avg_mem_acc_lat,dram_avg_q_lat,dram_avg_rd_bw,dram_avg_wr_bw,dram_bw_read_total,dram_bw_total,dram_bw_write_total,dram_peak_bw,imp_default_simSeconds,improvement_over_stage2_best_pct,ipc,l1d_avg_blocked_no_mshrs,l1d_blocked_causes_no_mshrs,l1d_blocked_cycles_no_mshrs,l1d_demand_accesses,l1d_demand_avg_miss_latency,l1d_demand_avg_mshr_miss_latency,l1d_demand_miss_latency,l1d_demand_misses,l1d_demand_mshr_hits,l1d_demand_mshr_miss_rate,l1d_demand_mshr_misses,l1d_miss_rate,l1d_pf_buffer_hit,l1d_pf_hit_in_cache,l1d_pf_hit_in_mshr,l1d_pf_hit_in_wb,l1d_pf_identified,l1d_pf_in_cache,l1d_pf_issued,l1d_pf_late,l1d_pf_removed_demand,l1d_pf_removed_full,l1d_pf_span_page,l1d_pf_unused,l1d_pf_useful,l1d_pf_useful_span_page,l1d_prefetcher_accuracy,l1d_prefetcher_coverage,l1d_prefetcher_read_accesses,l1d_prefetcher_read_avg_lat,l1d_prefetcher_read_bytes,l1d_prefetcher_read_rate,l2_avg_blocked_no_mshrs,l2_blocked_causes_no_mshrs,l2_blocked_cycles_no_mshrs,l2_demand_accesses,l2_demand_avg_miss_latency,l2_demand_avg_mshr_miss_latency,l2_demand_miss_latency,l2_demand_misses,l2_demand_mshr_hits,l2_demand_mshr_miss_rate,l2_demand_mshr_misses,l2_miss_rate,l2_pf_buffer_hit,l2_pf_hit_in_cache,l2_pf_hit_in_mshr,l2_pf_hit_in_wb,l2_pf_identified,l2_pf_in_cache,l2_pf_issued,l2_pf_late,l2_pf_removed_demand,l2_pf_removed_full,l2_pf_span_page,l2_pf_unused,l2_pf_useful,l2_pf_useful_span_page,l2_prefetcher_accuracy,l2_prefetcher_coverage,l2_prefetcher_read_accesses,l2_prefetcher_read_avg_lat,l2_prefetcher_read_bytes,l2_prefetcher_read_rate,load_to_use_max,load_to_use_mean,load_to_use_min,load_to_use_overflows,load_to_use_samples,load_to_use_stdev,mem_avg_rdq_len,mem_avg_read_bw_sys,mem_avg_write_bw_sys,mem_avg_wrq_len,mem_num_rd_retry,mem_num_wr_retry,memory,numCycles,pf_accuracy,pf_coverage_l1d,pf_issued,pf_level,pf_unused,pf_unused_ratio,pf_useful,prefetcher,run,simInsts,simOps,simSeconds,simTicks,speedup_vs_imp_default,speedup_vs_nopf,speedup_vs_stage1_best,speedup_vs_stage2_best,stage,stage1_best_config,stage1_best_simSeconds,stage1_best_speedup,stage2_best_config,stage2_best_simSeconds,stage2_best_speedup_vs_nopf,nopf_simSeconds,pf_coverage,pf_late,pf_late_ratio,pf_removed_full,pf_removed_demand,pf_buffer_hit,pf_identified,pf_removed_full_ratio,pf_removed_demand_ratio,pf_buffer_hit_ratio,prefetcher_read_rate,prefetcher_read_bytes,dram_bw_utilization,label
,spmv,s16_dist32_addr16,,,,,,,,,,0.006737,,0.633635,,,,4826356.0,,,,1980905.0,,,,0.41043491197085336,,,,,,,2610892.0,,,,,1927141.0,150638.0,,,,,,,,,,,3666897.0,,,,654062.0,,,,0.1783693406168758,,,,,,,,,,,,,,,,,,,,,,,,,,,,,,,,,ddr4_1x,17839239.0,0.057695990489074235,0.076045040019587,2610892.0,l1d,1927141.0,0.7381159389204915,150638.0,imp,spmv_imp_stage2_s16_dist32_addr16_l1d_ddr4_1x,11279576.0,,0.00594,5940466587.0,1.1341750841750842,1.7843434343434346,1.0,,stage2,sdist16,0.00594,1.1341750841750842,,,,0.010599,0.07067087081987086,,,,,,,,,,,,,stage2: s16_dist32_addr16
,spmv,s16_dist8_addr16,,,,,,,,,,0.006737,,0.633635,,,,4826356.0,,,,1980905.0,,,,0.41043491197085336,,,,,,,2610892.0,,,,,1927141.0,150638.0,,,,,,,,,,,3666897.0,,,,654062.0,,,,0.1783693406168758,,,,,,,,,,,,,,,,,,,,,,,,,,,,,,,,,ddr4_1x,17839239.0,0.057695990489074235,0.076045040019587,2610892.0,l1d,1927141.0,0.7381159389204915,150638.0,imp,spmv_imp_stage2_s16_dist8_addr16_l1d_ddr4_1x,11279576.0,,0.00594,5940466587.0,1.1341750841750842,1.7843434343434346,1.0,,stage2,sdist16,0.00594,1.1341750841750842,,,,0.010599,0.07067087081987086,,,,,,,,,,,,,stage2: s16_dist8_addr16
4865155.0,spmv,sdist16,3332.0,46603.83,29111.83,7046.503736,17.280797,7046568378.0,7064517136.0,17948758.0,19207.0,,,0.633635,2.879837,280568.0,807990.0,4826356.0,19144.972458,16036.3156,37924371666.0,1980905.0,405750.0,0.326365,1575155.0,0.41043491197085336,1891387.0,413447.0,104974.0,914.0,9371649.0,0.0,2610892.0,519335.0,309730.0,435204.0,22281327.0,1927141.0,150638.0,0.0,0.057696,0.087286,419967.0,50197.98,26877888.0,4524541566.956885,,0.0,0.0,3666897.0,74415.284542,74082.285051,48672209838.0,654062.0,,0.178369,654062.0,0.1783693406168758,,,,,,,,,,,,,,,,,,,,,1765.0,27.006438,2.0,36501.0,4767008.0,66.910848,6.67,7046579151.140338,17948758.47519013,57.54,0.0,0.0,ddr4_1x,17839239.0,0.057695990489074235,,2610892.0,l1d,1927141.0,0.7381159389204915,150638.0,imp,spmv_imp_sdist16_l1d_ddr4_1x,11279576.0,11329125.0,0.00594,5940466587.0,,1.7843434343434346,,,stage1,,,,,,,0.010599,0.07067087081987086,519335.0,0.19891094691009817,435204.0,309730.0,1891387.0,9371649.0,0.046438358927014874,0.03304967994426594,0.20182008523793413,4524541566.956885,26877888.0,0.35077047693106883,stage1: sdist16
,spmv,s16_ipd16_addr16,,,,,,,,,,0.006737,,0.633635,,,,4826356.0,,,,1980905.0,,,,0.41043491197085336,,,,,,,2610892.0,,,,,1927141.0,150638.0,,,,,,,,,,,3666897.0,,,,654062.0,,,,0.1783693406168758,,,,,,,,,,,,,,,,,,,,,,,,,,,,,,,,,ddr4_1x,17839239.0,0.057695990489074235,0.076045040019587,2610892.0,l1d,1927141.0,0.7381159389204915,150638.0,imp,spmv_imp_stage2_s16_ipd16_addr16_l1d_ddr4_1x,11279576.0,,0.00594,5940466587.0,1.1341750841750842,1.7843434343434346,1.0,,stage2,sdist16,0.00594,1.1341750841750842,,,,0.010599,0.07067087081987086,,,,,,,,,,,,,stage2: s16_ipd16_addr16
,spmv,s16,,,,,,,,,,0.006737,,0.633635,,,,4826356.0,,,,1980905.0,,,,0.41043491197085336,,,,,,,2610892.0,,,,,1927141.0,150638.0,,,,,,,,,,,3666897.0,,,,654062.0,,,,0.1783693406168758,,,,,,,,,,,,,,,,,,,,,,,,,,,,,,,,,ddr4_1x,17839239.0,0.057695990489074235,0.076045040019587,2610892.0,l1d,1927141.0,0.7381159389204915,150638.0,imp,spmv_imp_stage2_s16_l1d_ddr4_1x,11279576.0,,0.00594,5940466587.0,1.1341750841750842,1.7843434343434346,1.0,,stage2,sdist16,0.00594,1.1341750841750842,,,,0.010599,0.07067087081987086,,,,,,,,,,,,,stage2: s16
,spmv,s16_ipd8_addr8,,,,,,,,,,0.006737,,0.633635,,,,4826356.0,,,,1980905.0,,,,0.41043491197085336,,,,,,,2610892.0,,,,,1927141.0,150638.0,,,,,,,,,,,3666897.0,,,,654062.0,,,,0.1783693406168758,,,,,,,,,,,,,,,,,,,,,,,,,,,,,,,,,ddr4_1x,17839239.0,0.057695990489074235,0.076045040019587,2610892.0,l1d,1927141.0,0.7381159389204915,150638.0,imp,spmv_imp_stage2_s16_ipd8_addr8_l1d_ddr4_1x,11279576.0,,0.00594,5940466587.0,1.1341750841750842,1.7843434343434346,1.0,,stage2,sdist16,0.00594,1.1341750841750842,,,,0.010599,0.07067087081987086,,,,,,,,,,,,,stage2: s16_ipd8_addr8
,spmv,s16_ipd16_pt32,,,,,,,,,,0.006737,,0.633635,,,,4826356.0,,,,1980905.0,,,,0.41043491197085336,,,,,,,2610892.0,,,,,1927141.0,150638.0,,,,,,,,,,,3666897.0,,,,654062.0,,,,0.1783693406168758,,,,,,,,,,,,,,,,,,,,,,,,,,,,,,,,,ddr4_1x,17839239.0,0.057695990489074235,0.076045040019587,2610892.0,l1d,1927141.0,0.7381159389204915,150638.0,imp,spmv_imp_stage2_s16_ipd16_pt32_l1d_ddr4_1x,11279576.0,,0.00594,5940466587.0,1.1341750841750842,1.7843434343434346,1.0,,stage2,sdist16,0.00594,1.1341750841750842,,,,0.010599,0.07067087081987086,,,,,,,,,,,,,stage2: s16_ipd16_pt32
,spmv,s16_sth2,,,,,,,,,,0.006737,,0.633399,,,,4826210.0,,,,1979133.0,,,,0.4100801664245858,,,,,,,2606778.0,,,,,1925199.0,150679.0,,,,,,,,,,,3664870.0,,,,653551.0,,,,0.17832856281396067,,,,,,,,,,,,,,,,,,,,,,,,,,,,,,,,,ddr4_1x,17845893.0,0.05780277415261292,0.0761338424451514,2606778.0,l1d,1925199.0,0.7385358477016455,150679.0,imp,spmv_imp_stage2_s16_sth2_l1d_ddr4_1x,11279576.0,,0.005943,5942682369.0,1.1336025576308262,1.7834427057041897,0.9994952044422007,,stage2,sdist16,0.00594,1.1341750841750842,,,,0.010599,0.07074755893947447,,,,,,,,,,,,,stage2: s16_sth2
,spmv,aggr_s16_sth2_d32_ipd16_addr16,,,,,,,,,,0.006737,,0.633399,,,,4826210.0,,,,1979133.0,,,,0.4100801664245858,,,,,,,2606778.0,,,,,1925199.0,150679.0,,,,,,,,,,,3664870.0,,,,653551.0,,,,0.17832856281396067,,,,,,,,,,,,,,,,,,,,,,,,,,,,,,,,,ddr4_1x,17845893.0,0.05780277415261292,0.0761338424451514,2606778.0,l1d,1925199.0,0.7385358477016455,150679.0,imp,spmv_imp_stage2_aggr_s16_sth2_d32_ipd16_addr16_l1d_ddr4_1x,11279576.0,,0.005943,5942682369.0,1.1336025576308262,1.7834427057041897,0.9994952044422007,,stage2,sdist16,0.00594,1.1341750841750842,,,,0.010599,0.07074755893947447,,,,,,,,,,,,,stage2: aggr_s16_sth2_d32_ipd16_addr16
,spmv,aggr_s16_sth2_d32_ipd16,,,,,,,,,,0.006737,,0.633399,,,,4826210.0,,,,1979133.0,,,,0.4100801664245858,,,,,,,2606778.0,,,,,1925199.0,150679.0,,,,,,,,,,,3664870.0,,,,653551.0,,,,0.17832856281396067,,,,,,,,,,,,,,,,,,,,,,,,,,,,,,,,,ddr4_1x,17845893.0,0.05780277415261292,0.0761338424451514,2606778.0,l1d,1925199.0,0.7385358477016455,150679.0,imp,spmv_imp_stage2_aggr_s16_sth2_d32_ipd16_l1d_ddr4_1x,11279576.0,,0.005943,5942682369.0,1.1336025576308262,1.7834427057041897,0.9994952044422007,,stage2,sdist16,0.00594,1.1341750841750842,,,,0.010599,0.07074755893947447,,,,,,,,,,,,,stage2: aggr_s16_sth2_d32_ipd16
,spmv,s16_pt8_sth2,,,,,,,,,,0.006737,,0.63311,,,,4826130.0,,,,1980801.0,,,,0.4104325826283171,,,,,,,2612439.0,,,,,1927992.0,150749.0,,,,,,,,,,,3667660.0,,,,654197.0,,,,0.17836904184139207,,,,,,,,,,,,,,,,,,,,,,,,,,,,,,,,,ddr4_1x,17854060.0,0.05770431386149112,0.0761050706254691,2612439.0,l1d,1927992.0,0.7380046002988012,150749.0,imp,spmv_imp_stage2_s16_pt8_sth2_l1d_ddr4_1x,11279581.0,,0.005945,5945401980.0,1.1332211942809085,1.7828427249789742,0.9991589571068124,,stage2,sdist16,0.00594,1.1341750841750842,,,,0.010599,0.07072271351833173,,,,,,,,,,,,,stage2: s16_pt8_sth2
,spmv,s32_ipd16_addr16,,,,,,,,,,,-0.1177064065915556,0.632896,,,,4825810.0,,,,1965987.0,,,,0.40739005472656403,,,,,,,2681006.0,,,,,2017355.0,154397.0,,,,,,,,,,,3758296.0,,,,670330.0,,,,0.17836008659243444,,,,,,,,,,,,,,,,,,,,,,,,,,,,,,,,,ddr4_1x,17860067.0,0.05758920345571774,,2681006.0,l1d,2017355.0,0.7524619489848213,154397.0,imp,spmv_imp3_s32_ipd16_addr16_l1d_ddr4_1x,11279576.0,,0.005947,5947402311.0,,1.7822431478056164,,0.9988229359340844,stage3,,,,s16_dist8_addr16,0.00594,1.7843434343434346,0.010599,0.0728155843469862,,,,,,,,,,,,,stage3: s32_ipd16_addr16
,spmv,s32_dist8_addr16,,,,,,,,,,,-0.1177064065915556,0.632896,,,,4825810.0,,,,1965987.0,,,,0.40739005472656403,,,,,,,2681006.0,,,,,2017355.0,154397.0,,,,,,,,,,,3758296.0,,,,670330.0,,,,0.17836008659243444,,,,,,,,,,,,,,,,,,,,,,,,,,,,,,,,,ddr4_1x,17860067.0,0.05758920345571774,,2681006.0,l1d,2017355.0,0.7524619489848213,154397.0,imp,spmv_imp3_s32_dist8_addr16_l1d_ddr4_1x,11279576.0,,0.005947,5947402311.0,,1.7822431478056164,,0.9988229359340844,stage3,,,,s16_dist8_addr16,0.00594,1.7843434343434346,0.010599,0.0728155843469862,,,,,,,,,,,,,stage3: s32_dist8_addr16
,spmv,s32,,,,,,,,,,,-0.1177064065915556,0.632896,,,,4825810.0,,,,1965987.0,,,,0.40739005472656403,,,,,,,2681006.0,,,,,2017355.0,154397.0,,,,,,,,,,,3758296.0,,,,670330.0,,,,0.17836008659243444,,,,,,,,,,,,,,,,,,,,,,,,,,,,,,,,,ddr4_1x,17860067.0,0.05758920345571774,,2681006.0,l1d,2017355.0,0.7524619489848213,154397.0,imp,spmv_imp3_s32_l1d_ddr4_1x,11279576.0,,0.005947,5947402311.0,,1.7822431478056164,,0.9988229359340844,stage3,,,,s16_dist8_addr16,0.00594,1.7843434343434346,0.010599,0.0728155843469862,,,,,,,,,,,,,stage3: s32
,spmv,s32_dist32_addr16,,,,,,,,,,,-0.1177064065915556,0.632896,,,,4825810.0,,,,1965987.0,,,,0.40739005472656403,,,,,,,2681006.0,,,,,2017355.0,154397.0,,,,,,,,,,,3758296.0,,,,670330.0,,,,0.17836008659243444,,,,,,,,,,,,,,,,,,,,,,,,,,,,,,,,,ddr4_1x,17860067.0,0.05758920345571774,,2681006.0,l1d,2017355.0,0.7524619489848213,154397.0,imp,spmv_imp3_s32_dist32_addr16_l1d_ddr4_1x,11279576.0,,0.005947,5947402311.0,,1.7822431478056164,,0.9988229359340844,stage3,,,,s16_dist8_addr16,0.00594,1.7843434343434346,0.010599,0.0728155843469862,,,,,,,,,,,,,stage3: s32_dist32_addr16
,spmv,s32_ipd8_addr8,,,,,,,,,,,-0.1177064065915556,0.632896,,,,4825810.0,,,,1965987.0,,,,0.40739005472656403,,,,,,,2681006.0,,,,,2017355.0,154397.0,,,,,,,,,,,3758296.0,,,,670330.0,,,,0.17836008659243444,,,,,,,,,,,,,,,,,,,,,,,,,,,,,,,,,ddr4_1x,17860067.0,0.05758920345571774,,2681006.0,l1d,2017355.0,0.7524619489848213,154397.0,imp,spmv_imp3_s32_ipd8_addr8_l1d_ddr4_1x,11279576.0,,0.005947,5947402311.0,,1.7822431478056164,,0.9988229359340844,stage3,,,,s16_dist8_addr16,0.00594,1.7843434343434346,0.010599,0.0728155843469862,,,,,,,,,,,,,stage3: s32_ipd8_addr8
,spmv,s16_pt8_sth8,,,,,,,,,,0.006737,,0.632442,,,,4826397.0,,,,1980158.0,,,,0.4102766515062893,,,,,,,2610421.0,,,,,1926191.0,150766.0,,,,,,,,,,,3665817.0,,,,653502.0,,,,0.17826912800066125,,,,,,,,,,,,,,,,,,,,,,,,,,,,,,,,,ddr4_1x,17872898.0,0.05775543485131326,0.0761383687564325,2610421.0,l1d,1926191.0,0.7378851916989635,150766.0,imp,spmv_imp_stage2_s16_pt8_sth8_l1d_ddr4_1x,11279576.0,,0.005952,5951675034.0,1.131888440860215,1.7807459677419357,0.997983870967742,,stage2,sdist16,0.00594,1.1341750841750842,,,,0.010599,0.0707514674385384,,,,,,,,,,,,,stage2: s16_pt8_sth8
,spmv,s16_sth8,,,,,,,,,,0.006737,,0.632442,,,,4826397.0,,,,1980158.0,,,,0.4102766515062893,,,,,,,2610421.0,,,,,1926191.0,150766.0,,,,,,,,,,,3665817.0,,,,653502.0,,,,0.17826912800066125,,,,,,,,,,,,,,,,,,,,,,,,,,,,,,,,,ddr4_1x,17872898.0,0.05775543485131326,0.0761383687564325,2610421.0,l1d,1926191.0,0.7378851916989635,150766.0,imp,spmv_imp_stage2_s16_sth8_l1d_ddr4_1x,11279576.0,,0.005952,5951675034.0,1.131888440860215,1.7807459677419357,0.997983870967742,,stage2,sdist16,0.00594,1.1341750841750842,,,,0.010599,0.0707514674385384,,,,,,,,,,,,,stage2: s16_sth8
,spmv,s64_ipd16_addr16,,,,,,,,,,,-1.3616738625041425,0.6251,,,,4825858.0,,,,1963440.0,,,,0.4068582208593788,,,,,,,2763913.0,,,,,2054671.0,161436.0,,,,,,,,,,,3795924.0,,,,689851.0,,,,0.18173467118941264,,,,,,,,,,,,,,,,,,,,,,,,,,,,,,,,,ddr4_1x,18082827.0,0.05840849549171772,,2763913.0,l1d,2054671.0,0.7433920676953291,161436.0,imp,spmv_imp3_s64_ipd16_addr16_l1d_ddr4_1x,11279581.0,,0.006022,6021581391.0,,1.7600464961806712,,0.9863832613749586,stage3,,,,s16_dist8_addr16,0.00594,1.7843434343434346,0.010599,0.07597431567771484,,,,,,,,,,,,,stage3: s64_ipd16_addr16
,spmv,s64_dist32_addr16,,,,,,,,,,,-1.3616738625041425,0.6251,,,,4825858.0,,,,1963440.0,,,,0.4068582208593788,,,,,,,2763913.0,,,,,2054671.0,161436.0,,,,,,,,,,,3795924.0,,,,689851.0,,,,0.18173467118941264,,,,,,,,,,,,,,,,,,,,,,,,,,,,,,,,,ddr4_1x,18082827.0,0.05840849549171772,,2763913.0,l1d,2054671.0,0.7433920676953291,161436.0,imp,spmv_imp3_s64_dist32_addr16_l1d_ddr4_1x,11279581.0,,0.006022,6021581391.0,,1.7600464961806712,,0.9863832613749586,stage3,,,,s16_dist8_addr16,0.00594,1.7843434343434346,0.010599,0.07597431567771484,,,,,,,,,,,,,stage3: s64_dist32_addr16
,spmv,s64_dist8_addr16,,,,,,,,,,,-1.3616738625041425,0.6251,,,,4825858.0,,,,1963440.0,,,,0.4068582208593788,,,,,,,2763913.0,,,,,2054671.0,161436.0,,,,,,,,,,,3795924.0,,,,689851.0,,,,0.18173467118941264,,,,,,,,,,,,,,,,,,,,,,,,,,,,,,,,,ddr4_1x,18082827.0,0.05840849549171772,,2763913.0,l1d,2054671.0,0.7433920676953291,161436.0,imp,spmv_imp3_s64_dist8_addr16_l1d_ddr4_1x,11279581.0,,0.006022,6021581391.0,,1.7600464961806712,,0.9863832613749586,stage3,,,,s16_dist8_addr16,0.00594,1.7843434343434346,0.010599,0.07597431567771484,,,,,,,,,,,,,stage3: s64_dist8_addr16
,spmv,s64,,,,,,,,,,,-1.3616738625041425,0.6251,,,,4825858.0,,,,1963440.0,,,,0.4068582208593788,,,,,,,2763913.0,,,,,2054671.0,161436.0,,,,,,,,,,,3795924.0,,,,689851.0,,,,0.18173467118941264,,,,,,,,,,,,,,,,,,,,,,,,,,,,,,,,,ddr4_1x,18082827.0,0.05840849549171772,,2763913.0,l1d,2054671.0,0.7433920676953291,161436.0,imp,spmv_imp3_s64_l1d_ddr4_1x,11279581.0,,0.006022,6021581391.0,,1.7600464961806712,,0.9863832613749586,stage3,,,,s16_dist8_addr16,0.00594,1.7843434343434346,0.010599,0.07597431567771484,,,,,,,,,,,,,stage3: s64
,spmv,s64_ipd8_addr8,,,,,,,,,,,-1.3616738625041425,0.6251,,,,4825858.0,,,,1963440.0,,,,0.4068582208593788,,,,,,,2763913.0,,,,,2054671.0,161436.0,,,,,,,,,,,3795924.0,,,,689851.0,,,,0.18173467118941264,,,,,,,,,,,,,,,,,,,,,,,,,,,,,,,,,ddr4_1x,18082827.0,0.05840849549171772,,2763913.0,l1d,2054671.0,0.7433920676953291,161436.0,imp,spmv_imp3_s64_ipd8_addr8_l1d_ddr4_1x,11279581.0,,0.006022,6021581391.0,,1.7600464961806712,,0.9863832613749586,stage3,,,,s16_dist8_addr16,0.00594,1.7843434343434346,0.010599,0.07597431567771484,,,,,,,,,,,,,stage3: s64_ipd8_addr8
,spmv,s8_sth2,,,,,,,,,,0.006737,,0.608792,,,,4826918.0,,,,2117712.0,,,,0.43872964073555837,,,,,,,2376929.0,,,,,1654555.0,153813.0,,,,,,,,,,,3389889.0,,,,631141.0,,,,0.1861833824057366,,,,,,,,,,,,,,,,,,,,,,,,,,,,,,,,,ddr4_1x,18567213.0,0.0647108096203126,0.0726316892948616,2376929.0,l1d,1654555.0,0.6960893657320012,153813.0,imp,spmv_imp_stage2_s8_sth2_l1d_ddr4_1x,11279576.0,,0.006183,6182881929.0,1.0896005175481158,1.7142163998059194,0.960698689956332,,stage2,sdist16,0.00594,1.1341750841750842,,,,0.010599,0.06771354046290487,,,,,,,,,,,,,stage2: s8_sth2
,spmv,s8_ipd8_addr8,,,,,,,,,,0.006737,,0.608246,,,,4826857.0,,,,2119154.0,,,,0.4390339303608953,,,,,,,2374613.0,,,,,1652823.0,153742.0,,,,,,,,,,,3387987.0,,,,631344.0,,,,0.18634782246803192,,,,,,,,,,,,,,,,,,,,,,,,,,,,,,,,,ddr4_1x,18583890.0,0.06474402355246939,0.0725487623834794,2374613.0,l1d,1652823.0,0.6960388913898812,153742.0,imp,spmv_imp_stage2_s8_ipd8_addr8_l1d_ddr4_1x,11279581.0,,0.006188,6188435370.0,1.0887201034259857,1.7128312863606983,0.9599224305106658,,stage2,sdist16,0.00594,1.1341750841750842,,,,0.010599,0.06764145829813595,,,,,,,,,,,,,stage2: s8_ipd8_addr8
4864129.0,spmv,sdist8,3332.0,46969.65,29477.65,6529.205782,16.619387,6529267833.0,6546497390.0,17229557.0,19207.0,,,0.608246,2.551413,223560.0,570394.0,4826857.0,23390.599943,16487.56295,49568283432.0,2119154.0,559739.0,0.32307,1559415.0,0.4390339303608953,465407.0,268388.0,277352.0,491.0,6586925.0,0.0,2374613.0,546231.0,319698.0,68767.0,10331555.0,1652823.0,153742.0,0.0,0.064744,0.089742,388378.0,51085.0,24856192.0,4016555157.139825,,0.0,0.0,3387987.0,74719.481679,74386.482206,47173696441.0,631344.0,,0.186348,631344.0,0.18634782246803192,,,,,,,,,,,,,,,,,,,,,1808.0,33.916255,2.0,56214.0,4767008.0,77.821202,6.53,6529278175.203759,17229557.00836543,57.67,0.0,0.0,ddr4_1x,18583890.0,0.06474402355246939,,2374613.0,l1d,1652823.0,0.6960388913898812,153742.0,imp,spmv_imp_sdist8_l1d_ddr4_1x,11279581.0,11329130.0,0.006188,6188435370.0,,1.7128312863606983,,,stage1,,,,,,,0.010599,0.06764145829813595,546231.0,0.23002948269886503,68767.0,319698.0,465407.0,6586925.0,0.01043992454749371,0.048535242165350295,0.07065618630848233,4016555157.139825,24856192.0,0.32504953523525537,stage1: sdist8
,spmv,cons_s8_sth8_pt8_ipd8,,,,,,,,,,0.006737,,0.608257,,,,4826694.0,,,,2120783.0,,,,0.439386254856844,,,,,,,2376225.0,,,,,1650847.0,153630.0,,,,,,,,,,,3385995.0,,,,631352.0,,,,0.18645981461874575,,,,,,,,,,,,,,,,,,,,,,,,,,,,,,,,,ddr4_1x,18583550.0,0.064652968468895,0.0724402260863086,2376225.0,l1d,1650847.0,0.6947351366137466,153630.0,imp,spmv_imp_stage2_cons_s8_sth8_pt8_ipd8_l1d_ddr4_1x,11279581.0,,0.006188,6188322150.0,1.0887201034259857,1.7128312863606983,0.9599224305106658,,stage2,sdist16,0.00594,1.1341750841750842,,,,0.010599,0.06754709896575511,,,,,,,,,,,,,stage2: cons_s8_sth8_pt8_ipd8
,spmv,s8_dist8_addr8,,,,,,,,,,0.006737,,0.608246,,,,4826857.0,,,,2119154.0,,,,0.4390339303608953,,,,,,,2374613.0,,,,,1652823.0,153742.0,,,,,,,,,,,3387987.0,,,,631344.0,,,,0.18634782246803192,,,,,,,,,,,,,,,,,,,,,,,,,,,,,,,,,ddr4_1x,18583890.0,0.06474402355246939,0.0725487623834794,2374613.0,l1d,1652823.0,0.6960388913898812,153742.0,imp,spmv_imp_stage2_s8_dist8_addr8_l1d_ddr4_1x,11279581.0,,0.006188,6188435370.0,1.0887201034259857,1.7128312863606983,0.9599224305106658,,stage2,sdist16,0.00594,1.1341750841750842,,,,0.010599,0.06764145829813595,,,,,,,,,,,,,stage2: s8_dist8_addr8
,spmv,s8_pt8_sth8,,,,,,,,,,0.006737,,0.608257,,,,4826694.0,,,,2120783.0,,,,0.439386254856844,,,,,,,2376225.0,,,,,1650847.0,153630.0,,,,,,,,,,,3385995.0,,,,631352.0,,,,0.18645981461874575,,,,,,,,,,,,,,,,,,,,,,,,,,,,,,,,,ddr4_1x,18583550.0,0.064652968468895,0.0724402260863086,2376225.0,l1d,1650847.0,0.6947351366137466,153630.0,imp,spmv_imp_stage2_s8_pt8_sth8_l1d_ddr4_1x,11279581.0,,0.006188,6188322150.0,1.0887201034259857,1.7128312863606983,0.9599224305106658,,stage2,sdist16,0.00594,1.1341750841750842,,,,0.010599,0.06754709896575511,,,,,,,,,,,,,stage2: s8_pt8_sth8
,spmv,s8_sth8,,,,,,,,,,0.006737,,0.608257,,,,4826694.0,,,,2120783.0,,,,0.439386254856844,,,,,,,2376225.0,,,,,1650847.0,153630.0,,,,,,,,,,,3385995.0,,,,631352.0,,,,0.18645981461874575,,,,,,,,,,,,,,,,,,,,,,,,,,,,,,,,,ddr4_1x,18583550.0,0.064652968468895,0.0724402260863086,2376225.0,l1d,1650847.0,0.6947351366137466,153630.0,imp,spmv_imp_stage2_s8_sth8_l1d_ddr4_1x,11279581.0,,0.006188,6188322150.0,1.0887201034259857,1.7128312863606983,0.9599224305106658,,stage2,sdist16,0.00594,1.1341750841750842,,,,0.010599,0.06754709896575511,,,,,,,,,,,,,stage2: s8_sth8
,spmv,s8,,,,,,,,,,0.006737,,0.608246,,,,4826857.0,,,,2119154.0,,,,0.4390339303608953,,,,,,,2374613.0,,,,,1652823.0,153742.0,,,,,,,,,,,3387987.0,,,,631344.0,,,,0.18634782246803192,,,,,,,,,,,,,,,,,,,,,,,,,,,,,,,,,ddr4_1x,18583890.0,0.06474402355246939,0.0725487623834794,2374613.0,l1d,1652823.0,0.6960388913898812,153742.0,imp,spmv_imp_stage2_s8_l1d_ddr4_1x,11279581.0,,0.006188,6188435370.0,1.0887201034259857,1.7128312863606983,0.9599224305106658,,stage2,sdist16,0.00594,1.1341750841750842,,,,0.010599,0.06764145829813595,,,,,,,,,,,,,stage2: s8
,spmv,s8_dist32_addr8,,,,,,,,,,0.006737,,0.608246,,,,4826857.0,,,,2119154.0,,,,0.4390339303608953,,,,,,,2374613.0,,,,,1652823.0,153742.0,,,,,,,,,,,3387987.0,,,,631344.0,,,,0.18634782246803192,,,,,,,,,,,,,,,,,,,,,,,,,,,,,,,,,ddr4_1x,18583890.0,0.06474402355246939,0.0725487623834794,2374613.0,l1d,1652823.0,0.6960388913898812,153742.0,imp,spmv_imp_stage2_s8_dist32_addr8_l1d_ddr4_1x,11279581.0,,0.006188,6188435370.0,1.0887201034259857,1.7128312863606983,0.9599224305106658,,stage2,sdist16,0.00594,1.1341750841750842,,,,0.010599,0.06764145829813595,,,,,,,,,,,,,stage2: s8_dist32_addr8
,spmv,s8_ipd16_pt32,,,,,,,,,,0.006737,,0.608246,,,,4826857.0,,,,2119154.0,,,,0.4390339303608953,,,,,,,2374613.0,,,,,1652823.0,153742.0,,,,,,,,,,,3387987.0,,,,631344.0,,,,0.18634782246803192,,,,,,,,,,,,,,,,,,,,,,,,,,,,,,,,,ddr4_1x,18583890.0,0.06474402355246939,0.0725487623834794,2374613.0,l1d,1652823.0,0.6960388913898812,153742.0,imp,spmv_imp_stage2_s8_ipd16_pt32_l1d_ddr4_1x,11279581.0,,0.006188,6188435370.0,1.0887201034259857,1.7128312863606983,0.9599224305106658,,stage2,sdist16,0.00594,1.1341750841750842,,,,0.010599,0.06764145829813595,,,,,,,,,,,,,stage2: s8_ipd16_pt32
,spmv,s8_ipd16_addr16,,,,,,,,,,0.006737,,0.608246,,,,4826857.0,,,,2119154.0,,,,0.4390339303608953,,,,,,,2374613.0,,,,,1652823.0,153742.0,,,,,,,,,,,3387987.0,,,,631344.0,,,,0.18634782246803192,,,,,,,,,,,,,,,,,,,,,,,,,,,,,,,,,ddr4_1x,18583890.0,0.06474402355246939,0.0725487623834794,2374613.0,l1d,1652823.0,0.6960388913898812,153742.0,imp,spmv_imp_stage2_s8_ipd16_addr16_l1d_ddr4_1x,11279581.0,,0.006188,6188435370.0,1.0887201034259857,1.7128312863606983,0.9599224305106658,,stage2,sdist16,0.00594,1.1341750841750842,,,,0.010599,0.06764145829813595,,,,,,,,,,,,,stage2: s8_ipd16_addr16
,spmv,s8_pt8_sth2,,,,,,,,,,0.006737,,0.607846,,,,4826949.0,,,,2120227.0,,,,0.4392478561509558,,,,,,,2378325.0,,,,,1652616.0,153907.0,,,,,,,,,,,3387906.0,,,,631614.0,,,,0.18643197302404493,,,,,,,,,,,,,,,,,,,,,,,,,,,,,,,,,ddr4_1x,18596131.0,0.06471235007831141,0.0725898689149793,2378325.0,l1d,1652616.0,0.6948655040837565,153907.0,imp,spmv_imp_stage2_s8_pt8_sth2_l1d_ddr4_1x,11279581.0,,0.006193,6192511623.0,1.0878411109316972,1.7114484094945908,0.9591474245115452,,stage2,sdist16,0.00594,1.1341750841750842,,,,0.010599,0.06767719052615194,,,,,,,,,,,,,stage2: s8_pt8_sth2
4862271.0,spmv,sthr2,3332.0,45580.32,28088.32,5706.058387,15.298126,5706115434.0,5721955508.0,15840073.0,19207.0,,,0.559194,2.292009,188943.0,433059.0,4827030.0,30146.045241,17990.451789,74652098841.0,2476348.0,922099.0,0.321989,1554249.0,0.5130169068764852,129134.0,197807.0,688893.0,286.0,5186583.0,0.0,2274406.0,886986.0,261212.0,3493.0,4686161.0,1215569.0,140074.0,0.0,0.061587,0.082673,324450.0,50240.56,20764800.0,3084820998.688871,,0.0,0.0,2941859.0,73234.542469,72901.543023,43951637428.0,600149.0,,0.204003,600149.0,0.20400331898979523,,,,,,,,,,,,,,,,,,,,,1698.0,49.320233,2.0,90198.0,4767008.0,93.611162,6.07,5706124942.339735,15840073.30502592,57.45,0.0,0.0,ddr4_1x,20214060.0,0.06158706932711222,,2274406.0,l1d,1215569.0,0.5344555897232068,140074.0,imp,spmv_imp_sthr2_l1d_ddr4_1x,11279581.0,11329130.0,0.006731,6731281980.0,,1.5746545832714307,,,stage1,,,,,,,0.010599,0.053536470798670854,886986.0,0.38998578090279395,3493.0,261212.0,129134.0,5186583.0,0.0006734684473380644,0.050363023208150726,0.0248977023986698,3084820998.688871,20764800.0,0.2841090231477522,stage1: sthr2
4862291.0,spmv,default,3332.0,45804.86,28312.86,5701.346901,15.333301,5701403903.0,5717231213.0,15827311.0,19207.0,,,0.558743,2.298087,189257.0,434929.0,4827081.0,30245.400725,18022.562699,74958658641.0,2478349.0,923418.0,0.322127,1554931.0,0.5134260228904384,129106.0,198707.0,688420.0,281.0,5192833.0,0.0,2273967.0,887408.0,263030.0,3636.0,4687267.0,1215352.0,139823.0,0.0,0.061489,0.082503,324272.0,50551.45,20753408.0,3080644464.3865232,,0.0,0.0,2941675.0,73460.189835,73127.19039,44086177947.0,600137.0,,0.204012,600137.0,0.20401199996600577,,,,,,,,,,,,,,,,,,,,,1739.0,49.525255,2.0,91845.0,4767008.0,94.672619,6.09,5701413402.709869,15827310.64559366,57.33,0.0,0.0,ddr4_1x,20230360.0,0.061488579209812634,,2273967.0,l1d,1215352.0,0.5344633409367858,139823.0,imp,spmv_imp_default_l1d_ddr4_1x,11279576.0,11329125.0,0.006737,6736709880.0,,1.573252189401811,,,stage1,,,,,,,0.010599,0.053404818323624266,887408.0,0.39024664825830807,3636.0,263030.0,129106.0,5192833.0,0.000700195827595457,0.050652505096928785,0.024862343926715918,3080644464.3865232,20753408.0,0.283874450397993,IMP default
4862291.0,spmv,addrlen8,3332.0,45804.86,28312.86,5701.346901,15.333301,5701403903.0,5717231213.0,15827311.0,19207.0,,,0.558743,2.298087,189257.0,434929.0,4827081.0,30245.400725,18022.562699,74958658641.0,2478349.0,923418.0,0.322127,1554931.0,0.5134260228904384,129106.0,198707.0,688420.0,281.0,5192833.0,0.0,2273967.0,887408.0,263030.0,3636.0,4687267.0,1215352.0,139823.0,0.0,0.061489,0.082503,324272.0,50551.45,20753408.0,3080644464.3865232,,0.0,0.0,2941675.0,73460.189835,73127.19039,44086177947.0,600137.0,,0.204012,600137.0,0.20401199996600577,,,,,,,,,,,,,,,,,,,,,1739.0,49.525255,2.0,91845.0,4767008.0,94.672619,6.09,5701413402.709869,15827310.64559366,57.33,0.0,0.0,ddr4_1x,20230360.0,0.061488579209812634,,2273967.0,l1d,1215352.0,0.5344633409367858,139823.0,imp,spmv_imp_addrlen8_l1d_ddr4_1x,11279576.0,11329125.0,0.006737,6736709880.0,,1.573252189401811,,,stage1,,,,,,,0.010599,0.053404818323624266,887408.0,0.39024664825830807,3636.0,263030.0,129106.0,5192833.0,0.000700195827595457,0.050652505096928785,0.024862343926715918,3080644464.3865232,20753408.0,0.283874450397993,stage1: addrlen8
4862291.0,spmv,thr4,3332.0,45804.86,28312.86,5701.346901,15.333301,5701403903.0,5717231213.0,15827311.0,19207.0,,,0.558743,2.298087,189257.0,434929.0,4827081.0,30245.400725,18022.562699,74958658641.0,2478349.0,923418.0,0.322127,1554931.0,0.5134260228904384,129106.0,198707.0,688420.0,281.0,5192833.0,0.0,2273967.0,887408.0,263030.0,3636.0,4687267.0,1215352.0,139823.0,0.0,0.061489,0.082503,324272.0,50551.45,20753408.0,3080644464.3865232,,0.0,0.0,2941675.0,73460.189835,73127.19039,44086177947.0,600137.0,,0.204012,600137.0,0.20401199996600577,,,,,,,,,,,,,,,,,,,,,1739.0,49.525255,2.0,91845.0,4767008.0,94.672619,6.09,5701413402.709869,15827310.64559366,57.33,0.0,0.0,ddr4_1x,20230360.0,0.061488579209812634,,2273967.0,l1d,1215352.0,0.5344633409367858,139823.0,imp,spmv_imp_thr4_l1d_ddr4_1x,11279576.0,11329125.0,0.006737,6736709880.0,,1.573252189401811,,,stage1,,,,,,,0.010599,0.053404818323624266,887408.0,0.39024664825830807,3636.0,263030.0,129106.0,5192833.0,0.000700195827595457,0.050652505096928785,0.024862343926715918,3080644464.3865232,20753408.0,0.283874450397993,stage1: thr4
4862291.0,spmv,thr3,3332.0,45804.86,28312.86,5701.346901,15.333301,5701403903.0,5717231213.0,15827311.0,19207.0,,,0.558743,2.298087,189257.0,434929.0,4827081.0,30245.400725,18022.562699,74958658641.0,2478349.0,923418.0,0.322127,1554931.0,0.5134260228904384,129106.0,198707.0,688420.0,281.0,5192833.0,0.0,2273967.0,887408.0,263030.0,3636.0,4687267.0,1215352.0,139823.0,0.0,0.061489,0.082503,324272.0,50551.45,20753408.0,3080644464.3865232,,0.0,0.0,2941675.0,73460.189835,73127.19039,44086177947.0,600137.0,,0.204012,600137.0,0.20401199996600577,,,,,,,,,,,,,,,,,,,,,1739.0,49.525255,2.0,91845.0,4767008.0,94.672619,6.09,5701413402.709869,15827310.64559366,57.33,0.0,0.0,ddr4_1x,20230360.0,0.061488579209812634,,2273967.0,l1d,1215352.0,0.5344633409367858,139823.0,imp,spmv_imp_thr3_l1d_ddr4_1x,11279576.0,11329125.0,0.006737,6736709880.0,,1.573252189401811,,,stage1,,,,,,,0.010599,0.053404818323624266,887408.0,0.39024664825830807,3636.0,263030.0,129106.0,5192833.0,0.000700195827595457,0.050652505096928785,0.024862343926715918,3080644464.3865232,20753408.0,0.283874450397993,stage1: thr3
4862291.0,spmv,ipd16,3332.0,45804.86,28312.86,5701.346901,15.333301,5701403903.0,5717231213.0,15827311.0,19207.0,,,0.558743,2.298087,189257.0,434929.0,4827081.0,30245.400725,18022.562699,74958658641.0,2478349.0,923418.0,0.322127,1554931.0,0.5134260228904384,129106.0,198707.0,688420.0,281.0,5192833.0,0.0,2273967.0,887408.0,263030.0,3636.0,4687267.0,1215352.0,139823.0,0.0,0.061489,0.082503,324272.0,50551.45,20753408.0,3080644464.3865232,,0.0,0.0,2941675.0,73460.189835,73127.19039,44086177947.0,600137.0,,0.204012,600137.0,0.20401199996600577,,,,,,,,,,,,,,,,,,,,,1739.0,49.525255,2.0,91845.0,4767008.0,94.672619,6.09,5701413402.709869,15827310.64559366,57.33,0.0,0.0,ddr4_1x,20230360.0,0.061488579209812634,,2273967.0,l1d,1215352.0,0.5344633409367858,139823.0,imp,spmv_imp_ipd16_l1d_ddr4_1x,11279576.0,11329125.0,0.006737,6736709880.0,,1.573252189401811,,,stage1,,,,,,,0.010599,0.053404818323624266,887408.0,0.39024664825830807,3636.0,263030.0,129106.0,5192833.0,0.000700195827595457,0.050652505096928785,0.024862343926715918,3080644464.3865232,20753408.0,0.283874450397993,stage1: ipd16
4862291.0,spmv,ipd2,3332.0,45804.86,28312.86,5701.346901,15.333301,5701403903.0,5717231213.0,15827311.0,19207.0,,,0.558743,2.298087,189257.0,434929.0,4827081.0,30245.400725,18022.562699,74958658641.0,2478349.0,923418.0,0.322127,1554931.0,0.5134260228904384,129106.0,198707.0,688420.0,281.0,5192833.0,0.0,2273967.0,887408.0,263030.0,3636.0,4687267.0,1215352.0,139823.0,0.0,0.061489,0.082503,324272.0,50551.45,20753408.0,3080644464.3865232,,0.0,0.0,2941675.0,73460.189835,73127.19039,44086177947.0,600137.0,,0.204012,600137.0,0.20401199996600577,,,,,,,,,,,,,,,,,,,,,1739.0,49.525255,2.0,91845.0,4767008.0,94.672619,6.09,5701413402.709869,15827310.64559366,57.33,0.0,0.0,ddr4_1x,20230360.0,0.061488579209812634,,2273967.0,l1d,1215352.0,0.5344633409367858,139823.0,imp,spmv_imp_ipd2_l1d_ddr4_1x,11279576.0,11329125.0,0.006737,6736709880.0,,1.573252189401811,,,stage1,,,,,,,0.010599,0.053404818323624266,887408.0,0.39024664825830807,3636.0,263030.0,129106.0,5192833.0,0.000700195827595457,0.050652505096928785,0.024862343926715918,3080644464.3865232,20753408.0,0.283874450397993,stage1: ipd2
4862291.0,spmv,ipd8,3332.0,45804.86,28312.86,5701.346901,15.333301,5701403903.0,5717231213.0,15827311.0,19207.0,,,0.558743,2.298087,189257.0,434929.0,4827081.0,30245.400725,18022.562699,74958658641.0,2478349.0,923418.0,0.322127,1554931.0,0.5134260228904384,129106.0,198707.0,688420.0,281.0,5192833.0,0.0,2273967.0,887408.0,263030.0,3636.0,4687267.0,1215352.0,139823.0,0.0,0.061489,0.082503,324272.0,50551.45,20753408.0,3080644464.3865232,,0.0,0.0,2941675.0,73460.189835,73127.19039,44086177947.0,600137.0,,0.204012,600137.0,0.20401199996600577,,,,,,,,,,,,,,,,,,,,,1739.0,49.525255,2.0,91845.0,4767008.0,94.672619,6.09,5701413402.709869,15827310.64559366,57.33,0.0,0.0,ddr4_1x,20230360.0,0.061488579209812634,,2273967.0,l1d,1215352.0,0.5344633409367858,139823.0,imp,spmv_imp_ipd8_l1d_ddr4_1x,11279576.0,11329125.0,0.006737,6736709880.0,,1.573252189401811,,,stage1,,,,,,,0.010599,0.053404818323624266,887408.0,0.39024664825830807,3636.0,263030.0,129106.0,5192833.0,0.000700195827595457,0.050652505096928785,0.024862343926715918,3080644464.3865232,20753408.0,0.283874450397993,stage1: ipd8
4862291.0,spmv,pt32,3332.0,45804.86,28312.86,5701.346901,15.333301,5701403903.0,5717231213.0,15827311.0,19207.0,,,0.558743,2.298087,189257.0,434929.0,4827081.0,30245.400725,18022.562699,74958658641.0,2478349.0,923418.0,0.322127,1554931.0,0.5134260228904384,129106.0,198707.0,688420.0,281.0,5192833.0,0.0,2273967.0,887408.0,263030.0,3636.0,4687267.0,1215352.0,139823.0,0.0,0.061489,0.082503,324272.0,50551.45,20753408.0,3080644464.3865232,,0.0,0.0,2941675.0,73460.189835,73127.19039,44086177947.0,600137.0,,0.204012,600137.0,0.20401199996600577,,,,,,,,,,,,,,,,,,,,,1739.0,49.525255,2.0,91845.0,4767008.0,94.672619,6.09,5701413402.709869,15827310.64559366,57.33,0.0,0.0,ddr4_1x,20230360.0,0.061488579209812634,,2273967.0,l1d,1215352.0,0.5344633409367858,139823.0,imp,spmv_imp_pt32_l1d_ddr4_1x,11279576.0,11329125.0,0.006737,6736709880.0,,1.573252189401811,,,stage1,,,,,,,0.010599,0.053404818323624266,887408.0,0.39024664825830807,3636.0,263030.0,129106.0,5192833.0,0.000700195827595457,0.050652505096928785,0.024862343926715918,3080644464.3865232,20753408.0,0.283874450397993,stage1: pt32
4862291.0,spmv,dist32,3332.0,45804.86,28312.86,5701.346901,15.333301,5701403903.0,5717231213.0,15827311.0,19207.0,,,0.558743,2.298087,189257.0,434929.0,4827081.0,30245.400725,18022.562699,74958658641.0,2478349.0,923418.0,0.322127,1554931.0,0.5134260228904384,129106.0,198707.0,688420.0,281.0,5192833.0,0.0,2273967.0,887408.0,263030.0,3636.0,4687267.0,1215352.0,139823.0,0.0,0.061489,0.082503,324272.0,50551.45,20753408.0,3080644464.3865232,,0.0,0.0,2941675.0,73460.189835,73127.19039,44086177947.0,600137.0,,0.204012,600137.0,0.20401199996600577,,,,,,,,,,,,,,,,,,,,,1739.0,49.525255,2.0,91845.0,4767008.0,94.672619,6.09,5701413402.709869,15827310.64559366,57.33,0.0,0.0,ddr4_1x,20230360.0,0.061488579209812634,,2273967.0,l1d,1215352.0,0.5344633409367858,139823.0,imp,spmv_imp_dist32_l1d_ddr4_1x,11279576.0,11329125.0,0.006737,6736709880.0,,1.573252189401811,,,stage1,,,,,,,0.010599,0.053404818323624266,887408.0,0.39024664825830807,3636.0,263030.0,129106.0,5192833.0,0.000700195827595457,0.050652505096928785,0.024862343926715918,3080644464.3865232,20753408.0,0.283874450397993,stage1: dist32
4862291.0,spmv,dist4,3332.0,45804.86,28312.86,5701.346901,15.333301,5701403903.0,5717231213.0,15827311.0,19207.0,,,0.558743,2.298087,189257.0,434929.0,4827081.0,30245.400725,18022.562699,74958658641.0,2478349.0,923418.0,0.322127,1554931.0,0.5134260228904384,129106.0,198707.0,688420.0,281.0,5192833.0,0.0,2273967.0,887408.0,263030.0,3636.0,4687267.0,1215352.0,139823.0,0.0,0.061489,0.082503,324272.0,50551.45,20753408.0,3080644464.3865232,,0.0,0.0,2941675.0,73460.189835,73127.19039,44086177947.0,600137.0,,0.204012,600137.0,0.20401199996600577,,,,,,,,,,,,,,,,,,,,,1739.0,49.525255,2.0,91845.0,4767008.0,94.672619,6.09,5701413402.709869,15827310.64559366,57.33,0.0,0.0,ddr4_1x,20230360.0,0.061488579209812634,,2273967.0,l1d,1215352.0,0.5344633409367858,139823.0,imp,spmv_imp_dist4_l1d_ddr4_1x,11279576.0,11329125.0,0.006737,6736709880.0,,1.573252189401811,,,stage1,,,,,,,0.010599,0.053404818323624266,887408.0,0.39024664825830807,3636.0,263030.0,129106.0,5192833.0,0.000700195827595457,0.050652505096928785,0.024862343926715918,3080644464.3865232,20753408.0,0.283874450397993,stage1: dist4
4862291.0,spmv,addrlen2,3332.0,45804.86,28312.86,5701.346901,15.333301,5701403903.0,5717231213.0,15827311.0,19207.0,,,0.558743,2.298087,189257.0,434929.0,4827081.0,30245.400725,18022.562699,74958658641.0,2478349.0,923418.0,0.322127,1554931.0,0.5134260228904384,129106.0,198707.0,688420.0,281.0,5192833.0,0.0,2273967.0,887408.0,263030.0,3636.0,4687267.0,1215352.0,139823.0,0.0,0.061489,0.082503,324272.0,50551.45,20753408.0,3080644464.3865232,,0.0,0.0,2941675.0,73460.189835,73127.19039,44086177947.0,600137.0,,0.204012,600137.0,0.20401199996600577,,,,,,,,,,,,,,,,,,,,,1739.0,49.525255,2.0,91845.0,4767008.0,94.672619,6.09,5701413402.709869,15827310.64559366,57.33,0.0,0.0,ddr4_1x,20230360.0,0.061488579209812634,,2273967.0,l1d,1215352.0,0.5344633409367858,139823.0,imp,spmv_imp_addrlen2_l1d_ddr4_1x,11279576.0,11329125.0,0.006737,6736709880.0,,1.573252189401811,,,stage1,,,,,,,0.010599,0.053404818323624266,887408.0,0.39024664825830807,3636.0,263030.0,129106.0,5192833.0,0.000700195827595457,0.050652505096928785,0.024862343926715918,3080644464.3865232,20753408.0,0.283874450397993,stage1: addrlen2
4862291.0,spmv,addrlen16,3332.0,45804.86,28312.86,5701.346901,15.333301,5701403903.0,5717231213.0,15827311.0,19207.0,,,0.558743,2.298087,189257.0,434929.0,4827081.0,30245.400725,18022.562699,74958658641.0,2478349.0,923418.0,0.322127,1554931.0,0.5134260228904384,129106.0,198707.0,688420.0,281.0,5192833.0,0.0,2273967.0,887408.0,263030.0,3636.0,4687267.0,1215352.0,139823.0,0.0,0.061489,0.082503,324272.0,50551.45,20753408.0,3080644464.3865232,,0.0,0.0,2941675.0,73460.189835,73127.19039,44086177947.0,600137.0,,0.204012,600137.0,0.20401199996600577,,,,,,,,,,,,,,,,,,,,,1739.0,49.525255,2.0,91845.0,4767008.0,94.672619,6.09,5701413402.709869,15827310.64559366,57.33,0.0,0.0,ddr4_1x,20230360.0,0.061488579209812634,,2273967.0,l1d,1215352.0,0.5344633409367858,139823.0,imp,spmv_imp_addrlen16_l1d_ddr4_1x,11279576.0,11329125.0,0.006737,6736709880.0,,1.573252189401811,,,stage1,,,,,,,0.010599,0.053404818323624266,887408.0,0.39024664825830807,3636.0,263030.0,129106.0,5192833.0,0.000700195827595457,0.050652505096928785,0.024862343926715918,3080644464.3865232,20753408.0,0.283874450397993,stage1: addrlen16
4862385.0,spmv,sthr8,3332.0,45785.73,28293.73,5699.724102,15.285091,5699781100.0,5715607677.0,15826577.0,19207.0,,,0.558717,2.321172,189254.0,439291.0,4827064.0,30150.976662,17997.938386,74667838419.0,2476465.0,922050.0,0.322021,1554415.0,0.5130375317170023,129374.0,197643.0,688360.0,289.0,5186420.0,0.0,2273753.0,886292.0,261860.0,3396.0,4686800.0,1215789.0,139714.0,0.0,0.061446,0.08247,324433.0,50539.65,20763712.0,3082031093.086044,,0.0,0.0,2942061.0,73439.731711,73106.732266,44063398388.0,599994.0,,0.203937,599994.0,0.20393662809846566,,,,,,,,,,,,,,,,,,,,,1703.0,49.350887,2.0,90833.0,4767008.0,93.628308,6.1,5699790599.800475,15826576.8312143,57.45,0.0,0.0,ddr4_1x,20231298.0,0.06144642799811589,,2273753.0,l1d,1215789.0,0.5347058365618429,139714.0,imp,spmv_imp_sthr8_l1d_ddr4_1x,11279576.0,11329125.0,0.006737,6737022234.0,,1.573252189401811,,,stage1,,,,,,,0.010599,0.05340383819302884,886292.0,0.3897925588223523,3396.0,261860.0,129374.0,5186420.0,0.0006547869243138813,0.05048954770342549,0.024944759583682,3082031093.086044,20763712.0,0.28379383788250584,stage1: sthr8
4862291.0,spmv,pt8,3332.0,45804.86,28312.86,5701.346901,15.333301,5701403903.0,5717231213.0,15827311.0,19207.0,,,0.558743,2.298087,189257.0,434929.0,4827081.0,30245.400725,18022.562699,74958658641.0,2478349.0,923418.0,0.322127,1554931.0,0.5134260228904384,129106.0,198707.0,688420.0,281.0,5192833.0,0.0,2273967.0,887408.0,263030.0,3636.0,4687267.0,1215352.0,139823.0,0.0,0.061489,0.082503,324272.0,50551.45,20753408.0,3080644464.3865232,,0.0,0.0,2941675.0,73460.189835,73127.19039,44086177947.0,600137.0,,0.204012,600137.0,0.20401199996600577,,,,,,,,,,,,,,,,,,,,,1739.0,49.525255,2.0,91845.0,4767008.0,94.672619,6.09,5701413402.709869,15827310.64559366,57.33,0.0,0.0,ddr4_1x,20230360.0,0.061488579209812634,,2273967.0,l1d,1215352.0,0.5344633409367858,139823.0,imp,spmv_imp_pt8_l1d_ddr4_1x,11279576.0,11329125.0,0.006737,6736709880.0,,1.573252189401811,,,stage1,,,,,,,0.010599,0.053404818323624266,887408.0,0.39024664825830807,3636.0,263030.0,129106.0,5192833.0,0.000700195827595457,0.050652505096928785,0.024862343926715918,3080644464.3865232,20753408.0,0.283874450397993,stage1: pt8
4862291.0,spmv,thr1,3332.0,45804.86,28312.86,5701.346901,15.333301,5701403903.0,5717231213.0,15827311.0,19207.0,,,0.558743,2.298087,189257.0,434929.0,4827081.0,30245.400725,18022.562699,74958658641.0,2478349.0,923418.0,0.322127,1554931.0,0.5134260228904384,129106.0,198707.0,688420.0,281.0,5192833.0,0.0,2273967.0,887408.0,263030.0,3636.0,4687267.0,1215352.0,139823.0,0.0,0.061489,0.082503,324272.0,50551.45,20753408.0,3080644464.3865232,,0.0,0.0,2941675.0,73460.189835,73127.19039,44086177947.0,600137.0,,0.204012,600137.0,0.20401199996600577,,,,,,,,,,,,,,,,,,,,,1739.0,49.525255,2.0,91845.0,4767008.0,94.672619,6.09,5701413402.709869,15827310.64559366,57.33,0.0,0.0,ddr4_1x,20230360.0,0.061488579209812634,,2273967.0,l1d,1215352.0,0.5344633409367858,139823.0,imp,spmv_imp_thr1_l1d_ddr4_1x,11279576.0,11329125.0,0.006737,6736709880.0,,1.573252189401811,,,stage1,,,,,,,0.010599,0.053404818323624266,887408.0,0.39024664825830807,3636.0,263030.0,129106.0,5192833.0,0.000700195827595457,0.050652505096928785,0.024862343926715918,3080644464.3865232,20753408.0,0.283874450397993,stage1: thr1
4862291.0,spmv,pt64,3332.0,45804.86,28312.86,5701.346901,15.333301,5701403903.0,5717231213.0,15827311.0,19207.0,,,0.558743,2.298087,189257.0,434929.0,4827081.0,30245.400725,18022.562699,74958658641.0,2478349.0,923418.0,0.322127,1554931.0,0.5134260228904384,129106.0,198707.0,688420.0,281.0,5192833.0,0.0,2273967.0,887408.0,263030.0,3636.0,4687267.0,1215352.0,139823.0,0.0,0.061489,0.082503,324272.0,50551.45,20753408.0,3080644464.3865232,,0.0,0.0,2941675.0,73460.189835,73127.19039,44086177947.0,600137.0,,0.204012,600137.0,0.20401199996600577,,,,,,,,,,,,,,,,,,,,,1739.0,49.525255,2.0,91845.0,4767008.0,94.672619,6.09,5701413402.709869,15827310.64559366,57.33,0.0,0.0,ddr4_1x,20230360.0,0.061488579209812634,,2273967.0,l1d,1215352.0,0.5344633409367858,139823.0,imp,spmv_imp_pt64_l1d_ddr4_1x,11279576.0,11329125.0,0.006737,6736709880.0,,1.573252189401811,,,stage1,,,,,,,0.010599,0.053404818323624266,887408.0,0.39024664825830807,3636.0,263030.0,129106.0,5192833.0,0.000700195827595457,0.050652505096928785,0.024862343926715918,3080644464.3865232,20753408.0,0.283874450397993,stage1: pt64
4862291.0,spmv,dist64,3332.0,45804.86,28312.86,5701.346901,15.333301,5701403903.0,5717231213.0,15827311.0,19207.0,,,0.558743,2.298087,189257.0,434929.0,4827081.0,30245.400725,18022.562699,74958658641.0,2478349.0,923418.0,0.322127,1554931.0,0.5134260228904384,129106.0,198707.0,688420.0,281.0,5192833.0,0.0,2273967.0,887408.0,263030.0,3636.0,4687267.0,1215352.0,139823.0,0.0,0.061489,0.082503,324272.0,50551.45,20753408.0,3080644464.3865232,,0.0,0.0,2941675.0,73460.189835,73127.19039,44086177947.0,600137.0,,0.204012,600137.0,0.20401199996600577,,,,,,,,,,,,,,,,,,,,,1739.0,49.525255,2.0,91845.0,4767008.0,94.672619,6.09,5701413402.709869,15827310.64559366,57.33,0.0,0.0,ddr4_1x,20230360.0,0.061488579209812634,,2273967.0,l1d,1215352.0,0.5344633409367858,139823.0,imp,spmv_imp_dist64_l1d_ddr4_1x,11279576.0,11329125.0,0.006737,6736709880.0,,1.573252189401811,,,stage1,,,,,,,0.010599,0.053404818323624266,887408.0,0.39024664825830807,3636.0,263030.0,129106.0,5192833.0,0.000700195827595457,0.050652505096928785,0.024862343926715918,3080644464.3865232,20753408.0,0.283874450397993,stage1: dist64
4862291.0,spmv,dist8,3332.0,45804.86,28312.86,5701.346901,15.333301,5701403903.0,5717231213.0,15827311.0,19207.0,,,0.558743,2.298087,189257.0,434929.0,4827081.0,30245.400725,18022.562699,74958658641.0,2478349.0,923418.0,0.322127,1554931.0,0.5134260228904384,129106.0,198707.0,688420.0,281.0,5192833.0,0.0,2273967.0,887408.0,263030.0,3636.0,4687267.0,1215352.0,139823.0,0.0,0.061489,0.082503,324272.0,50551.45,20753408.0,3080644464.3865232,,0.0,0.0,2941675.0,73460.189835,73127.19039,44086177947.0,600137.0,,0.204012,600137.0,0.20401199996600577,,,,,,,,,,,,,,,,,,,,,1739.0,49.525255,2.0,91845.0,4767008.0,94.672619,6.09,5701413402.709869,15827310.64559366,57.33,0.0,0.0,ddr4_1x,20230360.0,0.061488579209812634,,2273967.0,l1d,1215352.0,0.5344633409367858,139823.0,imp,spmv_imp_dist8_l1d_ddr4_1x,11279576.0,11329125.0,0.006737,6736709880.0,,1.573252189401811,,,stage1,,,,,,,0.010599,0.053404818323624266,887408.0,0.39024664825830807,3636.0,263030.0,129106.0,5192833.0,0.000700195827595457,0.050652505096928785,0.024862343926715918,3080644464.3865232,20753408.0,0.283874450397993,stage1: dist8
,spmv,cons_s2_sth8_pt8,,,,,,,,,,0.006737,,0.499244,,,,4826528.0,,,,2952639.0,,,,0.6117521746481115,,,,,,,2271233.0,,,,,803786.0,116302.0,,,,,,,,,,,2519725.0,,,,571345.0,,,,0.22674895077835874,,,,,,,,,,,,,,,,,,,,,,,,,,,,,,,,,ddr4_1x,22641373.0,0.051206547280706116,0.0393891701626917,2271233.0,l1d,803786.0,0.3538985211997184,116302.0,imp,spmv_imp_stage2_cons_s2_sth8_pt8_l1d_ddr4_1x,11279581.0,,0.00754,7539577209.0,0.8935013262599469,1.4057029177718834,0.7877984084880637,,stage2,sdist16,0.00594,1.1341750841750842,,,,0.010599,0.03789646004924826,,,,,,,,,,,,,stage2: cons_s2_sth8_pt8
4860893.0,spmv,sdist2,3332.0,45602.12,28110.12,4848.301657,13.647935,4848344095.0,4862475818.0,14131724.0,19207.0,,,0.499184,2.508936,187340.0,470024.0,4826591.0,37153.708125,20216.19415,109864666692.0,2957031.0,1392545.0,0.324139,1564486.0,0.6126541486527448,27268.0,150871.0,1169925.0,132.0,3795214.0,0.0,2275786.0,1320928.0,185685.0,90.0,2093426.0,803633.0,116139.0,0.0,0.051032,0.069105,250041.0,51208.64,16002624.0,2122228456.62532,,0.0,0.0,2519534.0,73200.846758,72867.847341,41814739296.0,571233.0,,0.226722,571233.0,0.22672168742315046,,,,,,,,,,,,,,,,,,,,,1740.0,71.360417,2.0,150478.0,4767008.0,109.701122,5.51,4848352582.030353,14131723.91840201,57.56,0.0,0.0,ddr4_1x,22644088.0,0.05103247844920392,,2275786.0,l1d,803633.0,0.3531232725748379,116139.0,imp,spmv_imp_sdist2_l1d_ddr4_1x,11279581.0,11329130.0,0.00754,7540481304.0,,1.4057029177718834,,,stage1,,,,,,,0.010599,0.03779127090268355,1320928.0,0.5804271579137933,90.0,185685.0,27268.0,3795214.0,2.3714077783229087e-05,0.048926094813098814,0.0071848385888121195,2122228456.62532,16002624.0,0.24143376382428652,stage1: sdist2
,spmv,s2,,,,,,,,,,0.006737,,0.499184,,,,4826591.0,,,,2957031.0,,,,0.6126541486527448,,,,,,,2275786.0,,,,,803633.0,116139.0,,,,,,,,,,,2519534.0,,,,571233.0,,,,0.22672168742315046,,,,,,,,,,,,,,,,,,,,,,,,,,,,,,,,,ddr4_1x,22644088.0,0.05103247844920392,0.0392755436111423,2275786.0,l1d,803633.0,0.3531232725748379,116139.0,imp,spmv_imp_stage2_s2_l1d_ddr4_1x,11279581.0,,0.00754,7540481304.0,0.8935013262599469,1.4057029177718834,0.7877984084880637,,stage2,sdist16,0.00594,1.1341750841750842,,,,0.010599,0.03779127090268355,,,,,,,,,,,,,stage2: s2
,spmv,s2_sth8,,,,,,,,,,0.006737,,0.499244,,,,4826528.0,,,,2952639.0,,,,0.6117521746481115,,,,,,,2271233.0,,,,,803786.0,116302.0,,,,,,,,,,,2519725.0,,,,571345.0,,,,0.22674895077835874,,,,,,,,,,,,,,,,,,,,,,,,,,,,,,,,,ddr4_1x,22641373.0,0.051206547280706116,0.0393891701626917,2271233.0,l1d,803786.0,0.3538985211997184,116302.0,imp,spmv_imp_stage2_s2_sth8_l1d_ddr4_1x,11279581.0,,0.00754,7539577209.0,0.8935013262599469,1.4057029177718834,0.7877984084880637,,stage2,sdist16,0.00594,1.1341750841750842,,,,0.010599,0.03789646004924826,,,,,,,,,,,,,stage2: s2_sth8
,spmv,s2_sth2,,,,,,,,,,0.006737,,0.499029,,,,4826801.0,,,,2956247.0,,,,0.6124650674432196,,,,,,,2275263.0,,,,,803485.0,116271.0,,,,,,,,,,,2519480.0,,,,571037.0,,,,0.22664875291726863,,,,,,,,,,,,,,,,,,,,,,,,,,,,,,,,,ddr4_1x,22651146.0,0.051102224226386134,0.0393306107371948,2275263.0,l1d,803485.0,0.3531393953138604,116271.0,imp,spmv_imp_stage2_s2_sth2_l1d_ddr4_1x,11279581.0,,0.007543,7542831618.0,0.8931459631446373,1.40514384197269,0.787485085509744,,stage2,sdist16,0.00594,1.1341750841750842,,,,0.010599,0.03784225185987519,,,,,,,,,,,,,stage2: s2_sth2
,spmv,none,,61924.57,44432.57,,,,3166509880.0,,19207.0,,,,,,,4825290.0,,,,4160901.0,,,,0.8623110735313319,,,,,,,,,,,,,,,,,,,,,,,,1686279.0,,,,522740.0,,,,0.30999615128931807,,,,,,,,,,,,,,,,,,,,,,,,,,,4.57,,,57.27,,,ddr4_1x,,,,0.0,l1d,0.0,,0.0,none,spmv_nopf_ddr4_1x,,,0.010599,,,1.0,,,baseline,,,,,,,0.010599,0.0,0,,,,,,,,,0,0,,No prefetch baseline
