benchmark,pf_level,memory,family,run,prefetcher,config,simSeconds,simTicks,simInsts,simOps,numCycles,ipc,l1d_demand_misses,l1d_demand_accesses,l2_demand_misses,l2_demand_accesses,l1d_demand_miss_latency,l1d_demand_avg_miss_latency,l2_demand_miss_latency,l2_demand_avg_miss_latency,l1d_blocked_cycles_no_mshrs,l1d_blocked_causes_no_mshrs,l1d_avg_blocked_no_mshrs,l2_blocked_cycles_no_mshrs,l2_blocked_causes_no_mshrs,l2_avg_blocked_no_mshrs,l1d_demand_mshr_hits,l1d_demand_mshr_misses,l1d_demand_mshr_miss_rate,l1d_demand_avg_mshr_miss_latency,l2_demand_mshr_hits,l2_demand_mshr_misses,l2_demand_mshr_miss_rate,l2_demand_avg_mshr_miss_latency,mem_avg_rdq_len,mem_avg_wrq_len,mem_num_rd_retry,mem_num_wr_retry,mem_avg_read_bw_sys,mem_avg_write_bw_sys,dram_bw_read_total,dram_bw_write_total,dram_bw_total,dram_peak_bw,dram_avg_rd_bw,dram_avg_wr_bw,dram_avg_q_lat,dram_avg_bus_lat,dram_avg_mem_acc_lat,load_to_use_samples,load_to_use_mean,load_to_use_stdev,load_to_use_overflows,load_to_use_min,load_to_use_max,added_loads_and_stores,l1d_pf_issued,l1d_pf_useful,l1d_pf_unused,l1d_prefetcher_accuracy,l1d_prefetcher_coverage,l1d_pf_late,l1d_pf_hit_in_cache,l1d_pf_hit_in_mshr,l1d_pf_hit_in_wb,l1d_pf_identified,l1d_pf_buffer_hit,l1d_pf_in_cache,l1d_pf_removed_demand,l1d_pf_removed_full,l1d_pf_span_page,l1d_pf_useful_span_page,l2_pf_issued,l2_pf_useful,l2_pf_unused,l2_prefetcher_accuracy,l2_prefetcher_coverage,l2_pf_late,l2_pf_hit_in_cache,l2_pf_hit_in_mshr,l2_pf_hit_in_wb,l2_pf_identified,l2_pf_buffer_hit,l2_pf_in_cache,l2_pf_removed_demand,l2_pf_removed_full,l2_pf_span_page,l2_pf_useful_span_page,l1d_prefetcher_read_bytes,l1d_prefetcher_read_rate,l1d_prefetcher_read_accesses,l1d_prefetcher_read_avg_lat,l2_prefetcher_read_bytes,l2_prefetcher_read_rate,l2_prefetcher_read_accesses,l2_prefetcher_read_avg_lat,speedup_vs_nopf,pf_issued,pf_useful,pf_unused,pf_accuracy,pf_unused_ratio,l1d_miss_rate,l2_miss_rate,pf_coverage,pf_late,pf_late_ratio,pf_removed_full,pf_removed_demand,pf_buffer_hit,pf_identified,pf_removed_full_ratio,pf_removed_demand_ratio,pf_buffer_hit_ratio,prefetcher_read_rate,prefetcher_read_bytes,dram_bw_utilization,source_file,nopf_simSeconds,pf_accuracy_calc,pf_coverage_calc,pf_per_demand_access,pf_hit_in_cache,pf_hit_in_mshr,pf_hit_in_wb,blocked_cycles_no_mshrs,blocked_causes_no_mshrs,avg_blocked_no_mshrs,pf_accuracy_direct,pf_coverage_direct,imp_default_simSeconds,improvement_over_stage2_best_pct,pf_coverage_l1d,speedup_vs_imp_default,speedup_vs_stage1_best,speedup_vs_stage2_best,stage,stage1_best_config,stage1_best_simSeconds,stage1_best_speedup,stage2_best_config,stage2_best_simSeconds,stage2_best_speedup_vs_nopf,label
bfs,l1d,ddr4_1x,IMP,bfs_imp_default_l1d_ddr4_1x,imp,default,0.023393,23393219031.0,30729211.0,31124590.0,70249907.0,0.437428,6169647.0,11507814.0,2094566.0,5922664.0,249268319760.0,40402.363338,171096539095.0,81685.914454,5455296.0,768953.0,7.094447,0.0,0.0,,3015569.0,3154078.0,0.274081,36623.576383,,2094566.0,0.353653,81352.914454,6.75,57.54,0.0,0.0,5730390837.719165,436527182.7903487,5730388102.0,436527183.0,6166915285.0,19207.0,5707.978873,436.20709,36795.7,3332.0,54287.7,8774099.0,65.047784,108.250066,165583.0,2.0,1844.0,12984811.0,4964319.0,312862.0,2227696.0,0.063022,0.090242,2195965.0,576162.0,1619316.0,487.0,15025477.0,1664030.0,0.0,1381706.0,544255.0,8673307.0,0.0,,,,,,,,,,,,,,,,,58005312.0,2479578031.699404,909769.0,54142.61,,,,,1.181550036335656,4964319.0,312862.0,2227696.0,0.063022,0.4487415091576508,0.5361267570018077,0.3536526806180462,0.090242,2195965.0,0.4423496958998807,544255.0,1381706.0,1664030.0,15025477.0,0.03622214456153372,0.0919575465058447,0.11074723284991218,2479578031.699404,58005312.0,0.3062023594917285,imp\imp_all_stages_including_stage3_vs_nopf.csv,0.02764,0.06302213858537294,0.048262486022001665,0.4313867950941856,576162.0,1619316.0,487.0,5455296.0,768953.0,7.094447,0.063022,0.090242,,,,,,,stage1,,,,,,,IMP default
bfs,l1d,ddr4_1x,Next-line,bfs_nextline_default_l1d_ddr4_1x,nextline,default,0.024327,24327185130.0,30729211.0,31124590.0,73054610.0,0.420634,6454260.0,11484498.0,3078633.0,8014569.0,251038183232.0,38894.959799,255768074480.0,83078.455431,7682536.0,1351665.0,5.683757,0.0,0.0,,3216744.0,3237516.0,0.281903,35196.483098,,3078633.0,0.38413,82745.45554,8.69,57.73,0.0,0.0,8099272930.554625,420520497.7613454,8099272931.0,420520498.0,8519793428.0,19207.0,8069.647473,420.16534,38040.46,3332.0,55532.46,8774099.0,68.788169,112.910289,212657.0,2.0,1750.0,13009352.0,6706371.0,274490.0,4212019.0,0.04093,0.078158,1929542.0,414289.0,1514462.0,791.0,13152038.0,3047875.0,0.0,633051.0,1057582.0,305472.0,11719.0,,,,,,,,,,,,,,,,,124360128.0,5111981815.217928,1949766.0,54985.57,,,,,1.1361861306367411,6706371.0,274490.0,4212019.0,0.04093,0.628062330580876,0.5619975727280374,0.3841295770240421,0.078158,1929542.0,0.28771775375982034,1057582.0,633051.0,3047875.0,13152038.0,0.08041202435698559,0.048133300709745516,0.23174165098975535,5111981815.217928,124360128.0,0.423028488226707,nextline\nextline_results_vs_nopf.csv,0.02764,0.04092973681294995,0.040793609511424855,0.5839498600635395,414289.0,1514462.0,791.0,7682536.0,1351665.0,5.683757,0.04093,0.078158,,,,,,,,,,,,,,
bfs,l1d,ddr4_1x,Stride,bfs_stride_default_l1d_ddr4_1x,stride,default,0.020682,20681795169.0,30729211.0,31124590.0,62107493.0,0.494775,5229582.0,11431182.0,1570261.0,3720765.0,202751875147.0,38770.187588,125293525660.0,79791.528708,1809486.0,282128.0,6.413706,0.0,0.0,,2087885.0,3141697.0,0.274836,35619.107821,,1570261.0,0.422026,79458.528708,6.0,57.41,0.0,0.0,4859189793.671048,481756245.9439905,4859186699.0,481756246.0,5340942945.0,19207.0,4841.764614,481.487024,34974.25,3332.0,52466.25,8774099.0,52.569668,102.007414,122032.0,2.0,1734.0,12769535.0,1561537.0,225039.0,171084.0,0.144114,0.066842,982691.0,369743.0,612938.0,10.0,2270782.0,466889.0,0.0,102086.0,82.0,91622.0,34699.0,,,,,,,,,,,,,,,,,23270784.0,1125182016.83385,363963.0,51001.49,,,,,1.336427811623634,1561537.0,225039.0,171084.0,0.144114,0.10956128481105475,0.4574839242346067,0.4220263843591304,0.066842,982691.0,0.6293100963986124,82.0,102086.0,466889.0,2270782.0,3.61109080484168e-05,0.04495631901256924,0.2056071432660643,1125182016.83385,23270784.0,0.26519082168155667,stride\stride_results_vs_nopf.csv,0.02764,0.14411378020501595,0.04125657859638644,0.1366032838948763,369743.0,612938.0,10.0,1809486.0,282128.0,6.413706,0.144114,0.066842,,,,,,,,,,,,,,
bfs,l1d,ddr4_2x,IMP,bfs_imp_default_l1d_ddr4_2x,imp,default,0.020727,20726640279.0,30729211.0,31124590.0,62242163.0,0.493705,6022529.0,11419388.0,2121072.0,5950664.0,210033659102.0,34874.66131,136932670737.0,64558.23788,3709948.0,705662.0,5.257401,0.0,0.0,,2873203.0,3149326.0,0.275788,30709.928348,,2121072.0,0.356443,64225.23788,,,,,,,,,,,,,,,,8774099.0,56.904085,94.276137,58621.0,2.0,1693.0,12845213.0,4956620.0,321255.0,2255403.0,0.064813,0.092565,2155515.0,573941.0,1581109.0,465.0,14545947.0,1541502.0,0.0,1314201.0,507210.0,8583785.0,0.0,,,,,,,,,,,,,,,,,,,,,,,,,1.2146475611521206,4956620.0,321255.0,2255403.0,0.064813,0.455028426629437,0.5273950758131697,0.35644291124486277,0.092565,2155515.0,0.43487598403750943,507210.0,1314201.0,1541502.0,14545947.0,0.03486950694925535,0.09034825989672587,0.10597467459492324,,,,imp\imp_all_stages_including_stage3_vs_nopf.csv,0.025176,0.0648133203675085,0.0506409108506847,0.4340530333149202,573941.0,1581109.0,465.0,3709948.0,705662.0,5.257401,0.064813,0.092565,,,,,,,stage1,,,,,,,IMP default
bfs,l1d,ddr4_2x,Next-line,bfs_nextline_default_l1d_ddr4_2x,nextline,default,0.021209,21209030073.0,30729211.0,31124590.0,63690781.0,0.482476,6297541.0,11381495.0,3133785.0,8086790.0,206425112368.0,32778.684945,208719036238.0,66602.857643,5680057.0,1268165.0,4.478957,0.0,0.0,,3074296.0,3223245.0,0.2832,29694.483686,,3133785.0,0.387519,66269.857643,,,,,,,,,,,,,,,,8774099.0,58.585483,96.274658,80360.0,2.0,1745.0,12854868.0,6803770.0,283070.0,4282807.0,0.041605,0.080731,1940463.0,448173.0,1491413.0,877.0,12861950.0,2821600.0,0.0,608349.0,981957.0,299282.0,11953.0,,,,,,,,,,,,,,,,,,,,,,,,,1.1870432363619219,6803770.0,283070.0,4282807.0,0.041605,0.6294755701618368,0.5533140417844932,0.3875190279455754,0.080731,1940463.0,0.2852040853820749,981957.0,608349.0,2821600.0,12861950.0,0.07634588845392806,0.04729834900617713,0.21937575562025977,,,,nextline\nextline_results_vs_nopf.csv,0.025176,0.041604874944332335,0.04301576251810052,0.5977922935431593,448173.0,1491413.0,877.0,5680057.0,1268165.0,4.478957,0.041605,0.080731,,,,,,,,,,,,,,
bfs,l1d,ddr4_2x,Stride,bfs_stride_default_l1d_ddr4_2x,stride,default,0.018619,18618579783.0,30729211.0,31124590.0,55911651.0,0.549604,5145970.0,11352656.0,1569162.0,3720031.0,169903268306.0,33016.762303,101722993685.0,64826.317286,1235102.0,213679.0,5.780175,0.0,0.0,,2004420.0,3141550.0,0.276724,29994.245167,,1569162.0,0.421814,64493.317286,,,,,,,,,,,,,,,,8774099.0,45.669246,88.724062,46302.0,2.0,1691.0,12672534.0,1624999.0,228574.0,170049.0,0.140661,0.067824,1046757.0,419063.0,627688.0,6.0,2245273.0,405569.0,0.0,93992.0,37.0,90363.0,35484.0,,,,,,,,,,,,,,,,,,,,,,,,,1.3521671410924325,1624999.0,228574.0,170049.0,0.140661,0.10464560285883252,0.4532833550140161,0.42181422681692704,0.067824,1046757.0,0.6441585502514156,37.0,93992.0,405569.0,2245273.0,1.6479065129273813e-05,0.04186216999001903,0.1806323774436338,,,,stride\stride_results_vs_nopf.csv,0.025176,0.14066100963754438,0.04252900339079929,0.14313822245648947,419063.0,627688.0,6.0,1235102.0,213679.0,5.780175,0.140661,0.067824,,,,,,,,,,,,,,
bfs,l2,ddr4_1x,IMP,bfs_imp_default_l2_ddr4_1x,imp,default,0.02562,25619891130.0,30729211.0,31124590.0,76936610.0,0.39941,7053475.0,11488481.0,1351155.0,3528869.0,272377382949.0,38616.055625,115056109476.0,85153.893873,1129633.0,88014.0,12.834697,1853189.0,74705.0,24.80676,3524833.0,3528642.0,0.307146,37718.071575,52160.0,1298995.0,0.368105,85737.935046,7.37,57.94,0.0,0.0,5170999647.413412,397661018.4759985,5170997149.0,397661018.0,5568658168.0,19207.0,5153.753048,397.438691,41178.67,3332.0,58670.67,8774099.0,71.752679,117.217192,239250.0,2.0,1927.0,12888279.0,,,,,,,,,,,,,,,,,1243469.0,260786.0,458053.0,0.209725,0.167194,472458.0,335977.0,136468.0,13.0,1443105.0,54624.0,0.0,26406.0,10214.0,3958455.0,0.0,,,,,49158272.0,1918754133.2850308,769912.0,58367.88,1.0788446526151445,1243469.0,260786.0,458053.0,0.209725,0.3683670441321818,0.6139606271708157,0.38288613150559003,0.167194,472458.0,0.3799515709679936,10214.0,26406.0,54624.0,1443105.0,0.007077794062109133,0.018298044840812,0.037851715571632,1918754133.2850308,49158272.0,0.27649743695879003,imp\imp_all_stages_including_stage3_vs_nopf.csv,0.02764,0.2097245689277336,0.16178383700147833,0.3523704053621713,335977.0,136468.0,13.0,1853189.0,74705.0,24.80676,0.209725,0.167194,,,,,,,stage1,,,,,,,IMP default
bfs,l2,ddr4_1x,Next-line,bfs_nextline_default_l2_ddr4_1x,nextline,default,0.02565,25649913411.0,30729211.0,31124590.0,77026767.0,0.398942,6631581.0,11497258.0,1388108.0,3530011.0,254246172317.0,38338.696657,122764483879.0,88440.152984,1108236.0,62189.0,17.820451,5334383.0,290623.0,18.354993,3101814.0,3529767.0,0.307009,40375.727374,181894.0,1206214.0,0.341703,93435.298653,10.47,58.46,0.0,0.0,8363967416.279712,399106844.3767075,8363959931.0,399106844.0,8763066775.0,19207.0,8336.3313,398.782477,44505.15,3332.0,61997.15,8774099.0,64.952119,119.383227,349612.0,2.0,1980.0,12852212.0,,,,,,,,,,,,,,,,,3317789.0,444596.0,1517751.0,0.134004,0.26932,1171777.0,970033.0,201648.0,96.0,3579258.0,13338.0,0.0,69821.0,132536.0,86150.0,21030.0,,,,,136804992.0,5333545958.144677,2143627.0,59372.91,1.0775828460038988,3317789.0,444596.0,1517751.0,0.134004,0.4574585665333148,0.5767967457979981,0.3932305026811531,0.26932,1171777.0,0.35318008468892986,132536.0,69821.0,13338.0,3579258.0,0.03702890375602988,0.0195071157206326,0.0037264706819122844,5333545958.144677,136804992.0,0.4351076022424349,nextline\nextline_results_vs_nopf.csv,0.02764,0.13400369945165289,0.2425901836848722,0.9398806405985703,970033.0,201648.0,96.0,5334383.0,290623.0,18.354993,0.134004,0.26932,,,,,,,,,,,,,,
bfs,l2,ddr4_1x,Stride,bfs_stride_default_l2_ddr4_1x,stride,default,0.021443,21442858011.0,30729211.0,31124590.0,64392967.0,0.477214,6558838.0,11433907.0,1275419.0,3530195.0,211733211501.0,32282.122458,101203944226.0,79349.566085,1003819.0,78981.0,12.709626,13149.0,512.0,25.681641,3028870.0,3529968.0,0.308728,33333.689054,60865.0,1214554.0,0.344047,80042.076414,5.89,57.55,0.0,0.0,4696448577.346315,462806963.2746308,4696445593.0,462806963.0,5159252556.0,19207.0,4680.047779,462.520434,34659.86,3332.0,52151.86,8774099.0,55.383228,103.310519,129591.0,2.0,1741.0,12789416.0,,,,,,,,,,,,,,,,,1146942.0,215245.0,82845.0,0.187669,0.150542,787977.0,430496.0,357481.0,0.0,1159534.0,7802.0,0.0,2453.0,0.0,46750.0,33679.0,,,,,22963008.0,1070893067.902617,358857.0,48689.76,1.2889987408478292,1146942.0,215245.0,82845.0,0.187669,0.07223120262402109,0.5736305184220931,0.36128854071800565,0.150542,787977.0,0.6870242784726691,0.0,2453.0,7802.0,1159534.0,0.0,0.0021155050218449826,0.006728565095978212,1070893067.902617,22963008.0,0.25616945147657094,stride\stride_results_vs_nopf.csv,0.02764,0.18766860050464626,0.14439538353378092,0.3248948004288715,430496.0,357481.0,0.0,13149.0,512.0,25.681641,0.187669,0.150542,,,,,,,,,,,,,,
bfs,l2,ddr4_2x,IMP,bfs_imp_default_l2_ddr4_2x,imp,default,0.022034,22034098512.0,30729211.0,31124590.0,66168464.0,0.464409,6935868.0,11405851.0,1346276.0,3529169.0,221566943589.0,31945.092321,90978248625.0,67577.709641,794754.0,75127.0,10.578807,1155958.0,51843.0,22.297282,3406926.0,3528942.0,0.309398,30704.835691,52909.0,1293367.0,0.366479,68189.717017,,,,,,,,,,,,,,,,8774099.0,60.279502,98.761061,68955.0,2.0,1710.0,12781588.0,,,,,,,,,,,,,,,,,1255627.0,266135.0,462189.0,0.211954,0.170654,474378.0,340961.0,133397.0,20.0,1423635.0,39797.0,0.0,19150.0,3075.0,3958413.0,0.0,,,,,,,,,1.1425978033947535,1255627.0,266135.0,462189.0,0.211954,0.36809418720686954,0.6080973703759588,0.38147110552087476,0.170654,474378.0,0.3778016879216519,3075.0,19150.0,39797.0,1423635.0,0.0021599637547545544,0.013451481594650315,0.027954496763566504,,,,imp\imp_all_stages_including_stage3_vs_nopf.csv,0.025176,0.21195386846571473,0.16505407120144927,0.35578545544291024,340961.0,133397.0,20.0,1155958.0,51843.0,22.297282,0.211954,0.170654,,,,,,,stage1,,,,,,,IMP default
bfs,l2,ddr4_2x,Next-line,bfs_nextline_default_l2_ddr4_2x,nextline,default,0.02142,21420066159.0,30729211.0,31124590.0,64324523.0,0.477722,6548799.0,11391538.0,1386199.0,3529862.0,199341789660.0,30439.442356,95170940402.0,68656.044624,720596.0,51168.0,14.082942,3913303.0,253502.0,15.436971,3019165.0,3529634.0,0.309847,32130.337821,185965.0,1200234.0,0.340023,72761.725116,,,,,,,,,,,,,,,,8774099.0,53.165153,97.785222,90009.0,2.0,1693.0,12731816.0,,,,,,,,,,,,,,,,,3404325.0,456033.0,1559491.0,0.133957,0.275338,1201062.0,1004040.0,196910.0,112.0,3597851.0,7838.0,0.0,61521.0,81941.0,86613.0,21588.0,,,,,,,,,1.1753501400560225,3404325.0,456033.0,1559491.0,0.133957,0.4580911046977007,0.5748827770227339,0.3927062871013088,0.275338,1201062.0,0.35280474102795706,81941.0,61521.0,7838.0,3597851.0,0.022774984289232657,0.017099374043005117,0.0021785226792326866,,,,nextline\nextline_results_vs_nopf.csv,0.025176,0.13395695181864245,0.24754374041923058,0.9644357201499663,1004040.0,196910.0,112.0,3913303.0,253502.0,15.436971,0.133957,0.275338,,,,,,,,,,,,,,
bfs,l2,ddr4_2x,Stride,bfs_stride_default_l2_ddr4_2x,stride,default,0.019193,19193138316.0,30729211.0,31124590.0,57637052.0,0.533151,6534306.0,11358445.0,1273326.0,3530272.0,177253869023.0,27126.655688,82063559849.0,64448.193039,668723.0,65778.0,10.166363,6726.0,304.0,22.125,3004273.0,3530033.0,0.310785,27956.688083,58536.0,1214790.0,0.344107,65329.778387,,,,,,,,,,,,,,,,8774099.0,47.998644,88.492933,47157.0,2.0,1677.0,12700650.0,,,,,,,,,,,,,,,,,1144358.0,217106.0,82032.0,0.189719,0.151621,786671.0,440856.0,345815.0,0.0,1156453.0,7061.0,0.0,2554.0,0.0,46659.0,33937.0,,,,,,,,,1.311728234252071,1144358.0,217106.0,82032.0,0.189719,0.0716838611693194,0.5752817397099691,0.36068778836304966,0.151621,786671.0,0.6874343518374495,0.0,2554.0,7061.0,1156453.0,0.0,0.0022084771279074896,0.006105738841094277,,,,stride\stride_results_vs_nopf.csv,0.025176,0.18971860204586327,0.14566649132600482,0.3241557591029813,440856.0,345815.0,0.0,6726.0,304.0,22.125,0.189719,0.151621,,,,,,,,,,,,,,
matmult,l1d,ddr4_1x,IMP,matmult_imp_default_l1d_ddr4_1x,imp,default,0.001242,1242151938.0,7397885.0,7415209.0,3730186.0,1.983251,1153373.0,2138673.0,5469.0,1084788.0,19059982313.0,16525.427865,377550923.0,69034.72719,904005.0,507110.0,1.782661,0.0,0.0,,100768.0,1052605.0,0.492177,16254.245135,,5469.0,0.005042,68701.666301,1.88,57.21,0.0,0.0,281885000.77033246,219438533.77460173,281833477.0,219438534.0,501272011.0,19207.0,269.055652,219.902245,26409.03,3332.0,43901.03,2106633.0,29.685663,30.258648,1397.0,2.0,1560.0,2148897.0,55493.0,4714.0,6658.0,0.084948,0.004458,23527.0,14680.0,8798.0,49.0,1899860.0,438115.0,0.0,805458.0,83.0,2694920.0,0.0,,,,,,,,,,,,,,,,,160704.0,129375477.41442238,2602.0,44612.34,,,,,1.0297906602254427,55493.0,4714.0,6658.0,0.084948,0.11997909646261691,0.5392937583258404,0.005041538070111395,0.004458,23527.0,0.42396338276899787,83.0,805458.0,438115.0,1899860.0,4.368742960007579e-05,0.42395650205804636,0.23060383396671333,129375477.41442238,160704.0,0.024889375874629627,imp\imp_all_stages_including_stage3_vs_nopf.csv,0.001279,0.08494765105508803,0.004070505929174579,0.025947398223103765,14680.0,8798.0,49.0,904005.0,507110.0,1.782661,0.084948,0.004458,,,,,,,stage1,,,,,,,IMP default
matmult,l1d,ddr4_1x,Next-line,matmult_nextline_default_l1d_ddr4_1x,nextline,default,0.001267,1266827904.0,7397876.0,7415199.0,3804288.0,1.944617,1156609.0,2138004.0,5391.0,1116664.0,19221138711.0,16618.527706,347398263.0,64440.412354,944038.0,526341.0,1.793586,0.0,0.0,,93606.0,1063003.0,0.497194,16307.255897,,5391.0,0.004828,64107.227045,1.48,58.6,0.0,0.0,272554779.4690825,208445045.42899612,272504260.0,208445045.0,480949305.0,19207.0,267.553311,208.596605,20228.94,3332.0,37720.94,2106632.0,30.164693,28.843236,1520.0,2.0,1309.0,2150411.0,62306.0,14771.0,37664.0,0.237072,0.013705,8861.0,6844.0,1959.0,58.0,2287722.0,172848.0,0.0,5538.0,2038443.0,55044.0,641.0,,,,,,,,,,,,,,,,,136448.0,107708394.77814344,2151.0,37963.03,,,,,1.009471191791634,62306.0,14771.0,37664.0,0.237072,0.6045003691458286,0.5409760692683456,0.004827772723039339,0.013705,8861.0,0.14221744294289473,2038443.0,5538.0,172848.0,2287722.0,0.8910361486229533,0.0024207486748827,0.07555463469774737,107708394.77814344,136448.0,0.023880304038732546,nextline\nextline_results_vs_nopf.csv,0.001279,0.2370718710878567,0.012609913093957554,0.029142134439411712,6844.0,1959.0,58.0,944038.0,526341.0,1.793586,0.237072,0.013705,,,,,,,,,,,,,,
matmult,l1d,ddr4_1x,Stride,matmult_stride_default_l1d_ddr4_1x,stride,default,0.001221,1220580864.0,7397871.0,7415194.0,3665408.0,2.018296,1153431.0,2138227.0,5451.0,1081613.0,18974385822.0,16450.386561,432198792.0,79287.982389,900392.0,503298.0,1.788984,0.0,0.0,,86964.0,1066467.0,0.498762,16148.853062,,5451.0,0.00504,78954.921299,3.27,58.31,0.0,0.0,285922883.352692,222110642.5604261,285870449.0,222110643.0,507981092.0,19207.0,273.810617,222.267945,36863.98,3332.0,54355.98,2106632.0,29.710359,28.758054,822.0,2.0,1438.0,2151112.0,23735.0,3744.0,4073.0,0.157742,0.003498,8806.0,6715.0,2088.0,3.0,1580012.0,306341.0,0.0,765057.0,80.0,2591796.0,5391.0,,,,,,,,,,,,,,,,,212096.0,173766446.9889641,3404.0,56116.84,,,,,1.0475020475020473,23735.0,3744.0,4073.0,0.157742,0.17160311775858436,0.5394333716672739,0.005039695343898419,0.003498,8806.0,0.37101327153992,80.0,765057.0,306341.0,1580012.0,5.0632526841568295e-05,0.4842096135978714,0.1938852363146609,173766446.9889641,212096.0,0.025222498081970135,stride\stride_results_vs_nopf.csv,0.001279,0.15774173161997052,0.003235465681508847,0.011100318160793966,6715.0,2088.0,3.0,900392.0,503298.0,1.788984,0.157742,0.003498,,,,,,,,,,,,,,
matmult,l1d,ddr4_2x,IMP,matmult_imp_default_l1d_ddr4_2x,imp,default,0.001261,1261173564.0,7397876.0,7415199.0,3787308.0,1.953336,1151766.0,2139866.0,5355.0,1086353.0,18960185053.0,16461.83778,350346451.0,65424.173856,920762.0,511624.0,1.799685,0.0,0.0,,98582.0,1053184.0,0.492173,16259.249126,,5355.0,0.004929,65091.111671,,,,,,,,,,,,,,,,2106632.0,29.711112,30.395988,1558.0,2.0,1416.0,2156522.0,55078.0,4680.0,8082.0,0.08497,0.004424,22125.0,15610.0,6496.0,19.0,1877824.0,430967.0,0.0,801319.0,10.0,2701192.0,0.0,,,,,,,,,,,,,,,,,,,,,,,,,1.02934179222839,55078.0,4680.0,8082.0,0.08497,0.14673735429754167,0.538242114225844,0.004929336965056478,0.004424,22125.0,0.4017030393260467,10.0,801319.0,430967.0,1877824.0,5.325312702361882e-06,0.42672742493439214,0.22950340393987936,,,,imp\imp_all_stages_including_stage3_vs_nopf.csv,0.001298,0.08497040560659429,0.0040468815664544645,0.025738994871641496,15610.0,6496.0,19.0,920762.0,511624.0,1.799685,0.08497,0.004424,,,,,,,stage1,,,,,,,IMP default
matmult,l1d,ddr4_2x,Next-line,matmult_nextline_default_l1d_ddr4_2x,nextline,default,0.001267,1267112286.0,7397876.0,7415199.0,3805142.0,1.944181,1150501.0,2137973.0,5359.0,1113220.0,19169534234.0,16661.90141,322801356.0,60235.371525,960042.0,526220.0,1.824412,0.0,0.0,,90387.0,1060114.0,0.49585,16316.830537,,5359.0,0.004814,59902.185109,,,,,,,,,,,,,,,,2106632.0,30.178324,28.528422,1051.0,2.0,1313.0,2151605.0,59616.0,16779.0,35094.0,0.281451,0.015581,6725.0,5026.0,1598.0,101.0,2279079.0,165787.0,0.0,5331.0,2039345.0,55489.0,648.0,,,,,,,,,,,,,,,,,,,,,,,,,1.0244672454617205,59616.0,16779.0,35094.0,0.281451,0.5886674718196457,0.5381270016038556,0.00481396309803992,0.015581,6725.0,0.1128052871712292,2039345.0,5331.0,165787.0,2279079.0,0.8948110179594476,0.0023391027691449045,0.0727429808269042,,,,nextline\nextline_results_vs_nopf.csv,0.001298,0.2814512882447665,0.014374443149886916,0.02788435588288533,5026.0,1598.0,101.0,960042.0,526220.0,1.824412,0.281451,0.015581,,,,,,,,,,,,,,
matmult,l1d,ddr4_2x,Stride,matmult_stride_default_l1d_ddr4_2x,stride,default,0.00123,1229884884.0,7397871.0,7415194.0,3693348.0,2.003028,1152168.0,2139234.0,5347.0,1082617.0,18837953717.0,16350.006003,344086806.0,64351.375725,910547.0,503113.0,1.809826,0.0,0.0,,85852.0,1066316.0,0.498457,16124.383897,,5347.0,0.004939,64018.313447,,,,,,,,,,,,,,,,2106632.0,29.700775,28.682264,968.0,2.0,1622.0,2162186.0,25177.0,3967.0,5108.0,0.157564,0.003706,9093.0,6994.0,2066.0,33.0,1584995.0,312535.0,0.0,766152.0,87.0,2595369.0,5279.0,,,,,,,,,,,,,,,,,,,,,,,,,1.0552845528455284,25177.0,3967.0,5108.0,0.157564,0.20288358422369623,0.5385890463595848,0.004938958098755146,0.003706,9093.0,0.3611629661993089,87.0,766152.0,312535.0,1584995.0,5.488976305918946e-05,0.48337818100372554,0.1971835873299285,,,,stride\stride_results_vs_nopf.csv,0.001298,0.15756444373833262,0.0034312601902027015,0.011769165972492958,6994.0,2066.0,33.0,910547.0,503113.0,1.809826,0.157564,0.003706,,,,,,,,,,,,,,
matmult,l2,ddr4_1x,IMP,matmult_imp_default_l2_ddr4_1x,imp,default,0.001238,1238238522.0,7397885.0,7415209.0,3718434.0,1.989519,1157391.0,2138569.0,2685.0,1077581.0,19097013411.0,16500.053492,183656826.0,68401.052514,876053.0,486453.0,1.8009,59.0,1.0,59.0,80027.0,1077364.0,0.503778,16223.853095,725.0,1960.0,0.001819,71730.238776,3.36,57.08,0.0,0.0,279571337.71032846,216152215.6229605,279519651.0,216152216.0,495671867.0,19207.0,267.01156,216.617393,29312.47,3332.0,46804.47,2106633.0,29.777689,28.308683,1114.0,2.0,1633.0,2151658.0,,,,,,,,,,,,,,,,,5961.0,2727.0,8.0,0.457474,0.581822,2514.0,1627.0,883.0,4.0,6286.0,96.0,0.0,117.0,0.0,3206.0,0.0,,,,,213184.0,172167152.13775265,3442.0,44523.34,1.0331179321486268,5961.0,2727.0,8.0,0.457474,0.001342056701895655,0.5411988109806136,0.0024916920398559365,0.581822,2514.0,0.4217413185707096,0.0,117.0,96.0,6286.0,0.0,0.018612790327712375,0.015272033089405028,172167152.13775265,213184.0,0.02461131508944836,imp\imp_all_stages_including_stage3_vs_nopf.csv,0.001279,0.45747357825868146,0.503880266075388,0.005531834729825415,1627.0,883.0,4.0,59.0,1.0,59.0,0.457474,0.581822,,,,,,,stage1,,,,,,,IMP default
matmult,l2,ddr4_1x,Next-line,matmult_nextline_default_l2_ddr4_1x,nextline,default,0.001186,1186286193.0,7397871.0,7415194.0,3562421.0,2.076644,1160663.0,2139241.0,2251.0,1078238.0,19058269602.0,16420.157791,109021478.0,48432.464682,872551.0,499269.0,1.747657,3600.0,150.0,24.0,82653.0,1078010.0,0.503922,16165.768727,1729.0,522.0,0.000484,85975.130268,1.25,57.08,0.0,0.0,307891975.9458079,234843835.866848,307838026.0,234843836.0,542681862.0,19207.0,292.35441,234.574086,26869.43,3332.0,44361.43,2106632.0,29.581535,27.956584,964.0,2.0,1541.0,2146922.0,,,,,,,,,,,,,,,,,10391.0,3293.0,72.0,0.316909,0.863172,5196.0,3264.0,1928.0,4.0,10820.0,10.0,0.0,6.0,410.0,268.0,154.0,,,,,319936.0,269695459.56774026,5183.0,40268.97,1.0784148397976392,10391.0,3293.0,72.0,0.316909,0.006929073236454624,0.5425583185812164,0.0020876652464483724,0.863172,5196.0,0.500048118564142,410.0,6.0,10.0,10820.0,0.03789279112754159,0.00055452865064695,0.0009242144177449168,269695459.56774026,319936.0,0.026945475804077728,nextline\nextline_results_vs_nopf.csv,0.001279,0.31690886343951497,0.5939754689754689,0.009637018914191487,3264.0,1928.0,4.0,3600.0,150.0,24.0,0.316909,0.863172,,,,,,,,,,,,,,
matmult,l2,ddr4_1x,Stride,matmult_stride_default_l2_ddr4_1x,stride,default,0.001198,1198466334.0,7397876.0,7415199.0,3598998.0,2.05554,1160647.0,2139342.0,2659.0,1078651.0,19191092195.0,16534.822556,133588944.0,50240.294848,911214.0,502002.0,1.81516,296.0,4.0,74.0,82213.0,1078434.0,0.504096,16369.136166,1870.0,789.0,0.000731,72800.38403,1.29,57.99,0.0,0.0,291786252.21190405,226582918.76557627,291732851.0,226582919.0,518315769.0,19207.0,278.969872,226.95673,26072.79,3332.0,43564.79,2106632.0,29.87063,27.662795,856.0,2.0,1611.0,2147932.0,,,,,,,,,,,,,,,,,16937.0,2803.0,4.0,0.165496,0.780345,12264.0,6893.0,5353.0,18.0,17218.0,89.0,0.0,100.0,0.0,3242.0,466.0,,,,,289728.0,241748968.47790805,4643.0,41156.21,1.0676126878130217,16937.0,2803.0,4.0,0.165496,0.00023616933341205645,0.5425252250458319,0.00246511614970922,0.780345,12264.0,0.7240951762413651,0.0,100.0,89.0,17218.0,0.0,0.005807875479149727,0.005169009176443257,241748968.47790805,289728.0,0.0257356399585388,stride\stride_results_vs_nopf.csv,0.001279,0.16549566038849856,0.5131819846210179,0.015702020393992124,6893.0,5353.0,18.0,296.0,4.0,74.0,0.165496,0.780345,,,,,,,,,,,,,,
matmult,l2,ddr4_2x,IMP,matmult_imp_default_l2_ddr4_2x,imp,default,0.00123,1230256179.0,7397876.0,7415199.0,3694463.0,2.002425,1159546.0,2139337.0,2685.0,1078402.0,19111763029.0,16482.10854,184037778.0,68542.934078,885351.0,494922.0,1.78887,110.0,1.0,110.0,81361.0,1078185.0,0.503981,16286.310813,712.0,1973.0,0.00183,66722.026863,,,,,,,,,,,,,,,,2106632.0,29.772187,28.02562,767.0,2.0,1590.0,2151360.0,,,,,,,,,,,,,,,,,5726.0,2700.0,10.0,0.471533,0.577787,2317.0,1464.0,848.0,5.0,6047.0,84.0,0.0,104.0,0.0,3441.0,0.0,,,,,,,,,1.0552845528455284,5726.0,2700.0,10.0,0.471533,0.0017464198393293748,0.5420118475957738,0.0024897950856916065,0.577787,2317.0,0.40464547677261614,0.0,104.0,84.0,6047.0,0.0,0.017198610881428808,0.013891185711923267,,,,imp\imp_all_stages_including_stage3_vs_nopf.csv,0.001298,0.4715333566189312,0.5013927576601671,0.005309708253508432,1464.0,848.0,5.0,110.0,1.0,110.0,0.471533,0.577787,,,,,,,stage1,,,,,,,IMP default
matmult,l2,ddr4_2x,Next-line,matmult_nextline_default_l2_ddr4_2x,nextline,default,0.001203,1202641488.0,7397876.0,7415199.0,3611536.0,2.048404,1157879.0,2138645.0,2194.0,1077583.0,19208716625.0,16589.571643,108794695.0,49587.372379,895733.0,495650.0,1.807189,2824.0,185.0,15.264865,80525.0,1077354.0,0.503755,16274.728569,1602.0,592.0,0.000549,67603.385135,,,,,,,,,,,,,,,,2106632.0,29.985801,29.52232,1419.0,2.0,1600.0,2150115.0,,,,,,,,,,,,,,,,,10080.0,3266.0,72.0,0.324008,0.846553,5036.0,3133.0,1901.0,2.0,10659.0,7.0,0.0,4.0,565.0,261.0,143.0,,,,,,,,,1.078969243557772,10080.0,3266.0,72.0,0.324008,0.007142857142857143,0.5414077605212646,0.0020360380592492643,0.846553,5036.0,0.4996031746031746,565.0,4.0,7.0,10659.0,0.05300684867248335,0.00037526972511492634,0.0006567220189511212,,,,nextline\nextline_results_vs_nopf.csv,0.001298,0.3240079365079365,0.5981684981684982,0.009354267838301086,3133.0,1901.0,2.0,2824.0,185.0,15.264865,0.324008,0.846553,,,,,,,,,,,,,,
matmult,l2,ddr4_2x,Stride,matmult_stride_default_l2_ddr4_2x,stride,default,0.001208,1208010780.0,7397871.0,7415194.0,3627660.0,2.039298,1158921.0,2139732.0,2544.0,1078264.0,19372120486.0,16715.652306,131146389.0,51551.253538,945095.0,523439.0,1.805549,62.0,1.0,62.0,80873.0,1078048.0,0.503824,16519.592452,1780.0,764.0,0.000709,69084.859948,,,,,,,,,,,,,,,,2106632.0,30.21649,28.481665,693.0,2.0,1237.0,2150708.0,,,,,,,,,,,,,,,,,16863.0,2840.0,4.0,0.168416,0.788013,12243.0,6940.0,5282.0,21.0,17130.0,87.0,0.0,107.0,0.0,3098.0,476.0,,,,,,,,,1.074503311258278,16863.0,2840.0,4.0,0.168416,0.00023720571665777145,0.541619698167808,0.0023593479889897095,0.788013,12243.0,0.726027397260274,0.0,107.0,87.0,17130.0,0.0,0.006246351430239347,0.005078809106830123,,,,stride\stride_results_vs_nopf.csv,0.001298,0.16841605882701774,0.5274888558692422,0.015639027177017872,6940.0,5282.0,21.0,62.0,1.0,62.0,0.168416,0.788013,,,,,,,,,,,,,,
merge,l1d,ddr4_1x,IMP,merge_imp_default_l1d_ddr4_1x,imp,default,0.010348,10347640668.0,37919492.0,38898570.0,31073996.0,1.220298,868812.0,11018157.0,72551.0,205645.0,27040135462.0,31123.114623,5799368670.0,79935.061819,0.0,0.0,,0.0,0.0,,749567.0,119245.0,0.010823,27447.910017,,72551.0,0.352797,79602.061819,3.72,47.28,0.0,0.0,448733015.474673,295209323.3626384,448726830.0,295209323.0,743936154.0,19207.0,445.523008,294.862964,35289.32,3332.0,52781.32,5213393.0,4.843629,29.419579,13952.0,2.0,1675.0,14567770.0,277970.0,49805.0,1784.0,0.179174,0.294617,191878.0,45789.0,146089.0,0.0,871193.0,107821.0,0.0,77763.0,0.0,30691.0,0.0,,,,,,,,,,,,,,,,,2131392.0,205978547.99802947,33591.0,59028.92,,,,,1.123985311171241,277970.0,49805.0,1784.0,0.179174,0.00641795877252941,0.07885275187129753,0.35279729631160495,0.294617,191878.0,0.690283124078138,0.0,77763.0,107821.0,871193.0,0.0,0.08926035907083735,0.12376247283896909,205978547.99802947,2131392.0,0.03693824142842946,imp\imp_all_stages_including_stage3_vs_nopf.csv,0.011631,0.17917401158398388,0.05421737241962646,0.025228357156283035,45789.0,146089.0,0.0,0.0,0.0,,0.179174,0.294617,,,,,,,stage1,,,,,,,IMP default
merge,l1d,ddr4_1x,Next-line,merge_nextline_default_l1d_ddr4_1x,nextline,default,0.009834,9834328494.0,37918843.0,38897857.0,29532518.0,1.283971,561356.0,10928378.0,72281.0,204276.0,17311366295.0,30838.480919,5649072140.0,78154.316349,0.0,0.0,,0.0,0.0,,469494.0,91862.0,0.008406,30095.515697,,72281.0,0.35384,77821.316349,1.38,46.95,0.0,0.0,470397953.7415684,309602836.8238479,470391446.0,309602837.0,779994283.0,19207.0,467.964031,309.173321,33087.88,3332.0,50579.88,5213253.0,4.851531,29.965352,17439.0,2.0,1696.0,14392070.0,853038.0,109520.0,1199.0,0.128388,0.543842,740805.0,341293.0,399511.0,1.0,1310553.0,328480.0,0.0,104.0,466.0,31203.0,5311.0,,,,,,,,,,,,,,,,,2955200.0,300498402.285727,46322.0,40896.69,,,,,1.1827333740085417,853038.0,109520.0,1199.0,0.128388,0.0014055645821170921,0.051366817655831454,0.3538399028765004,0.543842,740805.0,0.8684314180610946,466.0,104.0,328480.0,1310553.0,0.00035557508929436656,7.93558139197728e-05,0.25064228611891315,300498402.285727,2955200.0,0.038728615329869744,nextline\nextline_results_vs_nopf.csv,0.011631,0.12838818434817675,0.16324924427166868,0.07805714626635353,341293.0,399511.0,1.0,0.0,0.0,,0.128388,0.543842,,,,,,,,,,,,,,
merge,l1d,ddr4_1x,Stride,merge_stride_default_l1d_ddr4_1x,stride,default,0.009932,9932409981.0,37918829.0,38897842.0,29827057.0,1.271291,455390.0,10925781.0,72345.0,204729.0,13676247061.0,30031.944182,6428188719.0,88854.637072,19.0,3.0,6.333333,0.0,0.0,,427352.0,28038.0,0.002566,16996.100043,,72345.0,0.35337,88521.637072,2.35,47.3,0.0,0.0,466165211.5505843,306609977.41994035,466158768.0,306609977.0,772768745.0,19207.0,463.587791,306.178259,43782.87,3332.0,61274.87,5213252.0,4.157409,25.010523,9159.0,2.0,1921.0,14416261.0,461015.0,111076.0,1376.0,0.240938,0.798453,284617.0,208987.0,75630.0,0.0,642242.0,135092.0,0.0,42067.0,0.0,28594.0,14469.0,,,,,,,,,,,,,,,,,4243648.0,427252601.1429049,66674.0,62698.8,,,,,1.1710632299637536,461015.0,111076.0,1376.0,0.240938,0.002984718501567194,0.04168031557652492,0.3533695763668068,0.798453,284617.0,0.6173703675585394,0.0,42067.0,135092.0,642242.0,0.0,0.06550023199977578,0.210344387318176,427252601.1429049,4243648.0,0.03836984977497739,stride\stride_results_vs_nopf.csv,0.011631,0.24093793043610295,0.19608590806862194,0.042195152914011366,208987.0,75630.0,0.0,19.0,3.0,6.333333,0.240938,0.798453,,,,,,,,,,,,,,
merge,l1d,ddr4_2x,IMP,merge_imp_default_l1d_ddr4_2x,imp,default,0.010338,10338121530.0,37919517.0,38898596.0,31045410.0,1.221422,864072.0,11016300.0,72578.0,205657.0,25070193711.0,29014.010072,5395579277.0,74341.801607,0.0,0.0,,0.0,0.0,,744885.0,119187.0,0.010819,26494.933625,,72578.0,0.352908,74008.801607,,,,,,,,,,,,,,,,5213395.0,4.585229,27.285691,11673.0,2.0,1782.0,14565256.0,270250.0,50094.0,1786.0,0.185362,0.295922,184096.0,46871.0,137225.0,0.0,861465.0,119365.0,0.0,78352.0,0.0,30799.0,0.0,,,,,,,,,,,,,,,,,,,,,,,,,1.1314567614625655,270250.0,50094.0,1786.0,0.185362,0.006608695652173913,0.07843577244628415,0.3529079972964694,0.295922,184096.0,0.6812062904717854,0.0,78352.0,119365.0,861465.0,0.0,0.09095204099992454,0.13856047546911365,,,,imp\imp_all_stages_including_stage3_vs_nopf.csv,0.011697,0.18536170212765957,0.05479748754602556,0.02453183010629703,46871.0,137225.0,0.0,0.0,0.0,,0.185362,0.295922,,,,,,,stage1,,,,,,,IMP default
merge,l1d,ddr4_2x,Next-line,merge_nextline_default_l1d_ddr4_2x,nextline,default,0.009853,9853260876.0,37918829.0,38897842.0,29589372.0,1.281503,554901.0,10927928.0,72282.0,204288.0,16169524948.0,29139.477038,5255028305.0,72701.755693,0.0,0.0,,0.0,0.0,,463040.0,91861.0,0.008406,28709.311797,,72282.0,0.353824,72368.755693,,,,,,,,,,,,,,,,5213252.0,4.693027,28.669327,16261.0,2.0,1773.0,14391394.0,833675.0,110173.0,1199.0,0.132153,0.545319,721441.0,360970.0,360470.0,1.0,1299255.0,336352.0,0.0,96.0,464.0,30897.0,5345.0,,,,,,,,,,,,,,,,,,,,,,,,,1.187151121485842,833675.0,110173.0,1199.0,0.132153,0.0014382103337631572,0.050778244512591955,0.35382401315789475,0.545319,721441.0,0.8653743964974361,464.0,96.0,336352.0,1299255.0,0.00035712773858865275,7.38884976390316e-05,0.2588806662279537,,,,nextline\nextline_results_vs_nopf.csv,0.011697,0.13215341709898942,0.16565525039318932,0.07628847847460196,360970.0,360470.0,1.0,0.0,0.0,,0.132153,0.545319,,,,,,,,,,,,,,
merge,l1d,ddr4_2x,Stride,merge_stride_default_l1d_ddr4_2x,stride,default,0.009946,9945938106.0,37918834.0,38897847.0,29867682.0,1.269562,444841.0,10925701.0,72360.0,204736.0,11579350058.0,26030.312085,5715019733.0,78980.372208,60.0,2.0,30.0,0.0,0.0,,416727.0,28114.0,0.002573,17918.939176,,72360.0,0.353431,78647.372208,,,,,,,,,,,,,,,,5213252.0,3.781284,21.868125,6855.0,2.0,1747.0,14416220.0,471586.0,112474.0,1374.0,0.238502,0.800026,295266.0,210865.0,84401.0,0.0,639384.0,123331.0,0.0,39694.0,0.0,28568.0,14553.0,,,,,,,,,,,,,,,,,,,,,,,,,1.1760506736376433,471586.0,112474.0,1374.0,0.238502,0.0029135724979113035,0.04071509919592345,0.35343075961237885,0.800026,295266.0,0.6261127344747299,0.0,39694.0,123331.0,639384.0,0.0,0.062081628567496216,0.1928903444565394,,,,stride\stride_results_vs_nopf.csv,0.011697,0.23850156705245704,0.20181405488816917,0.043162997047054466,210865.0,84401.0,0.0,60.0,2.0,30.0,0.238502,0.800026,,,,,,,,,,,,,,
merge,l2,ddr4_1x,IMP,merge_imp_default_l2_ddr4_1x,imp,default,0.010657,10656774558.0,37919539.0,38898619.0,32002326.0,1.184901,915009.0,11146230.0,30946.0,201508.0,18495761710.0,20213.7484,2400302295.0,77564.218154,0.0,0.0,,243.0,1.0,243.0,713690.0,201319.0,0.018062,15739.796542,11502.0,19444.0,0.096492,83002.425015,3.69,47.38,0.0,0.0,434701135.3939538,285757006.8153449,434695130.0,285757007.0,720452137.0,19207.0,432.196813,285.4267,42522.97,3332.0,60014.97,5213398.0,4.533773,26.95839,9774.0,2.0,1753.0,14817578.0,,,,,,,,,,,,,,,,,105059.0,41293.0,149.0,0.393046,0.679866,52121.0,23500.0,28621.0,0.0,106134.0,632.0,0.0,234.0,0.0,15822.0,0.0,,,,,3372352.0,316451472.40807384,52938.0,61047.53,1.0913953270151076,105059.0,41293.0,149.0,0.393046,0.0014182506972272723,0.08209134388936887,0.15357206661770254,0.679866,52121.0,0.496111708658944,0.0,234.0,632.0,106134.0,0.0,0.002204760020351631,0.0059547364652232085,316451472.40807384,3372352.0,0.03577220280402442,imp\imp_all_stages_including_stage3_vs_nopf.csv,0.011631,0.39304581235305874,0.5716164398731987,0.521363916072811,23500.0,28621.0,0.0,243.0,1.0,243.0,0.393046,0.679866,,,,,,,stage1,,,,,,,IMP default
merge,l2,ddr4_1x,Next-line,merge_nextline_default_l2_ddr4_1x,nextline,default,0.010076,10076038209.0,37919508.0,38898587.0,30258373.0,1.253192,839536.0,11100309.0,26876.0,201531.0,18503731399.0,22040.426377,2609761293.0,97103.783785,0.0,0.0,,0.0,0.0,,638219.0,201317.0,0.018136,16879.877939,1088.0,25788.0,0.12796,96167.605631,1.37,46.87,0.0,0.0,460212625.6188753,302652286.220603,460212626.0,302652286.0,762864912.0,19207.0,457.786275,302.277536,33287.63,3332.0,50779.63,5213396.0,5.059981,30.413181,17630.0,2.0,1695.0,14712176.0,,,,,,,,,,,,,,,,,141029.0,45333.0,264.0,0.321445,0.637407,94356.0,41701.0,52653.0,2.0,141039.0,1.0,0.0,5.0,0.0,3379.0,2145.0,,,,,2978048.0,295557434.2046443,46666.0,40240.73,1.154327113934101,141029.0,45333.0,264.0,0.321445,0.0018719554134256076,0.0756317684489684,0.13335913581533362,0.637407,94356.0,0.6690538825347978,0.0,5.0,1.0,141039.0,0.0,3.5451187260261344e-05,7.090237452052269e-06,295557434.2046443,2978048.0,0.03787810035205467,nextline\nextline_results_vs_nopf.csv,0.011631,0.32144452559402675,0.6278026284812143,0.6997881219266515,41701.0,52653.0,2.0,0.0,0.0,,0.321445,0.637407,,,,,,,,,,,,,,
merge,l2,ddr4_1x,Stride,merge_stride_default_l2_ddr4_1x,stride,default,0.010315,10314548127.0,37919536.0,38898616.0,30974619.0,1.224215,953267.0,11100775.0,40391.0,201546.0,20879832927.0,21903.446702,2781990891.0,68876.504444,0.0,0.0,,0.0,0.0,,751952.0,201315.0,0.018135,17464.652808,22472.0,17919.0,0.088908,67069.199397,1.83,46.72,0.0,0.0,448249205.2072811,294940307.85862654,448243000.0,294940308.0,743183308.0,19207.0,446.058901,294.536994,44723.56,3332.0,62215.56,5213398.0,4.418428,24.232595,8206.0,2.0,1736.0,14756820.0,,,,,,,,,,,,,,,,,192901.0,31798.0,50.0,0.164841,0.63958,138579.0,67750.0,70828.0,1.0,192901.0,0.0,0.0,0.0,0.0,7911.0,4012.0,,,,,3458304.0,335284101.38950527,54322.0,69154.26,1.1275811924381969,192901.0,31798.0,50.0,0.164841,0.0002592003151875833,0.08587391420869264,0.20040586268147223,0.63958,138579.0,0.718394409567602,0.0,0.0,0.0,192901.0,0.0,0.0,0.0,335284101.38950527,3458304.0,0.03690086079145288,stride\stride_results_vs_nopf.csv,0.011631,0.16484103244669546,0.4404826220061228,0.9571065662429421,67750.0,70828.0,1.0,0.0,0.0,,0.164841,0.63958,,,,,,,,,,,,,,
merge,l2,ddr4_2x,IMP,merge_imp_default_l2_ddr4_2x,imp,default,0.010555,10555130637.0,37919539.0,38898619.0,31697089.0,1.196311,911119.0,11144438.0,30339.0,201512.0,15531785653.0,17046.934213,2015328987.0,66427.007713,0.0,0.0,,0.0,0.0,,709800.0,201319.0,0.018065,13848.301824,10829.0,19510.0,0.096818,71069.112609,,,,,,,,,,,,,,,,5213398.0,4.269946,23.732016,6210.0,2.0,1822.0,14815039.0,,,,,,,,,,,,,,,,,102852.0,41906.0,160.0,0.40744,0.68233,49961.0,24804.0,25157.0,0.0,103723.0,514.0,0.0,190.0,0.0,15777.0,0.0,,,,,,,,,1.1081951681667457,102852.0,41906.0,160.0,0.40744,0.0015556333372224167,0.0817554909453487,0.1505567906625908,0.68233,49961.0,0.48575623225605724,0.0,190.0,514.0,103723.0,0.0,0.001831802011125787,0.004955506493256076,,,,imp\imp_all_stages_including_stage3_vs_nopf.csv,0.011697,0.4074398164352662,0.5800539829746003,0.5104013656754933,24804.0,25157.0,0.0,0.0,0.0,,0.40744,0.68233,,,,,,,stage1,,,,,,,IMP default
merge,l2,ddr4_2x,Next-line,merge_nextline_default_l2_ddr4_2x,nextline,default,0.010091,10090933965.0,37919489.0,38898567.0,30303105.0,1.251341,835615.0,11100126.0,26529.0,201530.0,17332706596.0,20742.455073,2444954265.0,92161.569038,0.0,0.0,,0.0,0.0,,634297.0,201318.0,0.018137,16084.939742,736.0,25793.0,0.127986,90543.504323,,,,,,,,,,,,,,,,5213393.0,4.897232,29.03434,16883.0,2.0,1739.0,14711955.0,,,,,,,,,,,,,,,,,141031.0,45682.0,269.0,0.323915,0.639133,94359.0,47963.0,46394.0,2.0,141041.0,1.0,0.0,5.0,0.0,3381.0,2175.0,,,,,,,,,1.1591517193538798,141031.0,45682.0,269.0,0.323915,0.0019073820649360778,0.07527977610344243,0.131637969533072,0.639133,94359.0,0.6690656664137672,0.0,5.0,1.0,141041.0,0.0,3.545068455271871e-05,7.090136910543743e-06,,,,nextline\nextline_results_vs_nopf.csv,0.011697,0.3239146003360963,0.6326182991510989,0.6998015183843597,47963.0,46394.0,2.0,0.0,0.0,,0.323915,0.639133,,,,,,,,,,,,,,
merge,l2,ddr4_2x,Stride,merge_stride_default_l2_ddr4_2x,stride,default,0.010337,10337328990.0,37919564.0,38898645.0,31043030.0,1.221518,945136.0,11100760.0,39091.0,201545.0,17472298872.0,18486.544658,2400982947.0,61420.351155,0.0,0.0,,0.0,0.0,,743822.0,201314.0,0.018135,15600.330598,21169.0,17922.0,0.088923,62522.450117,,,,,,,,,,,,,,,,5213400.0,4.170165,22.263027,6696.0,2.0,1770.0,14756912.0,,,,,,,,,,,,,,,,,192904.0,33101.0,50.0,0.171593,0.648747,138579.0,70097.0,68481.0,1.0,192904.0,0.0,0.0,0.0,0.0,7912.0,4400.0,,,,,,,,,1.1315662184386186,192904.0,33101.0,50.0,0.171593,0.00025919628416207023,0.08514155787531665,0.1939566846113771,0.648747,138579.0,0.7183832372579106,0.0,0.0,0.0,192904.0,0.0,0.0,0.0,,,,stride\stride_results_vs_nopf.csv,0.011697,0.17159312404097374,0.45851340868794327,0.9571262001041951,70097.0,68481.0,1.0,0.0,0.0,,0.171593,0.648747,,,,,,,,,,,,,,
quick,l1d,ddr4_1x,IMP,quick_imp_default_l1d_ddr4_1x,imp,default,0.008793,8793151380.0,24424718.0,24707897.0,26405860.0,0.925381,118676.0,9196508.0,28510.0,83811.0,3709586700.0,31258.103576,1895787654.0,66495.533287,0.0,0.0,,0.0,0.0,,91900.0,26776.0,0.002912,22030.258216,,28510.0,0.34017,66162.533287,3.02,59.37,0.0,0.0,207514225.6904941,164593549.84970134,207506947.0,164593550.0,372100497.0,19207.0,207.506947,164.14229,21504.52,3332.0,38996.52,4368783.0,3.337277,17.438204,1373.0,2.0,1772.0,14421131.0,180571.0,54939.0,492.0,0.304252,0.672325,123770.0,39477.0,84293.0,0.0,445426.0,919.0,0.0,6883.0,0.0,13494.0,0.0,,,,,,,,,,,,,,,,,1259264.0,143209635.0421298,19677.0,42468.36,,,,,1.1066757648129193,180571.0,54939.0,492.0,0.304252,0.0027246900111313555,0.012904463302810153,0.3401701447304053,0.672325,123770.0,0.685436753410016,0.0,6883.0,919.0,445426.0,0.0,0.015452622882364299,0.002063193437293737,143209635.0421298,1259264.0,0.01847569568963924,imp\imp_all_stages_including_stage3_vs_nopf.csv,0.009731,0.30425151325517386,0.3164415517092417,0.01963473527125731,39477.0,84293.0,0.0,0.0,0.0,,0.304252,0.672325,,,,,,,stage1,,,,,,,IMP default
quick,l1d,ddr4_1x,Next-line,quick_nextline_default_l1d_ddr4_1x,nextline,default,0.008339,8338808178.0,24424723.0,24707902.0,25041466.0,0.975801,45102.0,9156496.0,28558.0,83552.0,1283215167.0,28451.402754,1725773624.0,60430.479165,185.0,1.0,185.0,0.0,0.0,,43281.0,1821.0,0.000199,21448.418451,,28558.0,0.341799,60097.479165,1.31,56.69,0.0,0.0,219189116.835924,174029665.75351292,219181442.0,174029666.0,393211108.0,19207.0,219.189117,173.645918,14861.08,3332.0,32353.08,4368783.0,2.553888,12.31258,740.0,2.0,1429.0,14168684.0,230903.0,75443.0,471.0,0.32673,0.976431,149407.0,66114.0,83293.0,0.0,235704.0,3461.0,0.0,24.0,0.0,5394.0,3589.0,,,,,,,,,,,,,,,,,1779840.0,213440573.5217285,27810.0,32248.15,,,,,1.166926489986809,230903.0,75443.0,471.0,0.32673,0.0020398175857394662,0.004925683361844968,0.34179911911145155,0.976431,149407.0,0.6470552569693767,0.0,24.0,3461.0,235704.0,0.0,0.00010182262498727217,0.01468367104503954,213440573.5217285,1779840.0,0.019523888927226746,nextline\nextline_results_vs_nopf.csv,0.009731,0.3267302720189863,0.62584926790825,0.025217397572171712,66114.0,83293.0,0.0,185.0,1.0,185.0,0.32673,0.976431,,,,,,,,,,,,,,
quick,l1d,ddr4_1x,Stride,quick_stride_default_l1d_ddr4_1x,stride,default,0.008266,8266383342.0,24424718.0,24707897.0,24823974.0,0.98435,13428.0,9142333.0,28497.0,83336.0,667215117.0,49688.346515,1803813394.0,63298.36102,0.0,0.0,,0.0,0.0,,11377.0,2051.0,0.000224,24155.407606,,28497.0,0.341953,62965.36102,1.3,55.64,0.0,0.0,220637239.3514872,175035676.44250196,220629497.0,175035676.0,395665174.0,19207.0,220.629497,174.609855,17751.02,3332.0,35243.02,4368783.0,2.341676,9.580337,481.0,2.0,1260.0,14138781.0,316226.0,80084.0,256.0,0.253249,0.975029,235175.0,212158.0,23016.0,1.0,316279.0,47.0,0.0,0.0,0.0,12929.0,12752.0,,,,,,,,,,,,,,,,,1773632.0,214559611.6972336,27714.0,34997.57,,,,,1.1772320348415193,316226.0,80084.0,256.0,0.253249,0.0008095476020314585,0.0014687717019277245,0.34195305750215993,0.975029,235175.0,0.7436928019833916,0.0,0.0,47.0,316279.0,0.0,0.0,0.00014860297395653837,214559611.6972336,1773632.0,0.019645739279440307,stride\stride_results_vs_nopf.csv,0.009731,0.25324925844174734,0.8564034562409103,0.034589201684077794,212158.0,23016.0,1.0,0.0,0.0,,0.253249,0.975029,,,,,,,,,,,,,,
quick,l1d,ddr4_2x,IMP,quick_imp_default_l1d_ddr4_2x,imp,default,0.008745,8744824422.0,24424718.0,24707897.0,26260734.0,0.930495,116518.0,9195236.0,28508.0,83822.0,3342911742.0,28690.088587,1645062731.0,57705.301354,0.0,0.0,,0.0,0.0,,89717.0,26801.0,0.002915,20370.713705,,28508.0,0.340102,57372.301354,,,,,,,,,,,,,,,,4368783.0,3.229278,15.665452,666.0,2.0,1500.0,14419132.0,178412.0,54981.0,504.0,0.308169,0.672287,121624.0,39025.0,82599.0,0.0,436743.0,855.0,0.0,6628.0,0.0,13461.0,0.0,,,,,,,,,,,,,,,,,,,,,,,,,1.1057747284162378,178412.0,54981.0,504.0,0.308169,0.002824922090442347,0.012671561665192715,0.3401016439598196,0.672287,121624.0,0.6817030244602381,0.0,6628.0,855.0,436743.0,0.0,0.015175973055091897,0.0019576730479939,,,,imp\imp_all_stages_including_stage3_vs_nopf.csv,0.00967,0.3081687330448625,0.3205907906168549,0.019402655897031898,39025.0,82599.0,0.0,0.0,0.0,,0.308169,0.672287,,,,,,,stage1,,,,,,,IMP default
quick,l1d,ddr4_2x,Next-line,quick_nextline_default_l1d_ddr4_2x,nextline,default,0.008289,8289079290.0,24424723.0,24707902.0,24892130.0,0.981655,40246.0,9153528.0,28558.0,83554.0,916497585.0,22772.38943,1529296727.0,53550.554205,101.0,1.0,101.0,0.0,0.0,,38425.0,1821.0,0.000199,19522.102142,,28558.0,0.341791,53217.554205,,,,,,,,,,,,,,,,4368783.0,2.461516,11.522716,534.0,2.0,1245.0,14148939.0,224170.0,76292.0,473.0,0.340331,0.976688,142672.0,67137.0,75535.0,0.0,227839.0,2628.0,0.0,23.0,0.0,5243.0,3626.0,,,,,,,,,,,,,,,,,,,,,,,,,1.1666063457594402,224170.0,76292.0,473.0,0.340331,0.0021100057991702724,0.004396774664369847,0.3417909375972425,0.976688,142672.0,0.6364455547129411,0.0,23.0,2628.0,227839.0,0.0,0.00010094847677526675,0.01153446073762613,,,,nextline\nextline_results_vs_nopf.csv,0.00967,0.34033099879555695,0.6546534177693113,0.024490010846091256,67137.0,75535.0,0.0,101.0,1.0,101.0,0.340331,0.976688,,,,,,,,,,,,,,
quick,l1d,ddr4_2x,Stride,quick_stride_default_l1d_ddr4_2x,stride,default,0.008257,8256862872.0,24424723.0,24707902.0,24795384.0,0.985485,10763.0,9140728.0,28502.0,83343.0,548370747.0,50949.618787,1600738788.0,56162.332047,0.0,0.0,,0.0,0.0,,8707.0,2056.0,0.000225,21637.711576,,28502.0,0.341984,55829.332047,,,,,,,,,,,,,,,,4368783.0,2.319717,9.836813,494.0,2.0,1265.0,14136842.0,316166.0,80330.0,256.0,0.254075,0.975044,235118.0,215027.0,20090.0,1.0,316211.0,40.0,0.0,0.0,0.0,12925.0,12786.0,,,,,,,,,,,,,,,,,,,,,,,,,1.1711275281579265,316166.0,80330.0,256.0,0.254075,0.0008097012328966429,0.0011774773300332316,0.34198432981774113,0.975044,235118.0,0.7436536502976284,0.0,0.0,40.0,316211.0,0.0,0.0,0.00012649781316905484,,,,stride\stride_results_vs_nopf.csv,0.00967,0.2540753907757317,0.8818460254904329,0.03458871109609651,215027.0,20090.0,1.0,0.0,0.0,,0.254075,0.975044,,,,,,,,,,,,,,
quick,l2,ddr4_1x,IMP,quick_imp_default_l2_ddr4_1x,imp,default,0.00905,9049646628.0,24424718.0,24707897.0,27176116.0,0.899153,257535.0,9238310.0,9310.0,82822.0,4329348651.0,16810.719518,650523825.0,69873.665414,0.0,0.0,,0.0,0.0,,174946.0,82589.0,0.00894,11648.339113,82.0,9228.0,0.11142,69855.9158,2.96,54.85,0.0,0.0,201653840.75370327,159935526.71126464,201646769.0,159935527.0,361582295.0,19207.0,201.646769,159.553633,21729.32,3332.0,39221.32,4368783.0,3.571318,18.539496,1174.0,2.0,1609.0,14726912.0,,,,,,,,,,,,,,,,,30844.0,19182.0,29.0,0.621904,0.675185,11557.0,10690.0,867.0,0.0,30845.0,0.0,0.0,0.0,0.0,4995.0,0.0,,,,,1234240.0,136385435.8888675,19285.0,37552.48,1.0752486187845303,30844.0,19182.0,29.0,0.621904,0.0009402152768771884,0.027876851935040067,0.11240974620269976,0.675185,11557.0,0.3746919984437816,0.0,0.0,0.0,30845.0,0.0,0.0,0.0,136385435.8888675,1234240.0,0.01795344134996241,imp\imp_all_stages_including_stage3_vs_nopf.csv,0.009731,0.621903773829594,0.6732416116804717,0.37241312694694645,10690.0,867.0,0.0,0.0,0.0,,0.621904,0.675185,,,,,,,stage1,,,,,,,IMP default
quick,l2,ddr4_1x,Next-line,quick_nextline_default_l2_ddr4_1x,nextline,default,0.008632,8632171521.0,24424723.0,24707902.0,25922437.0,0.942638,236468.0,9222126.0,4663.0,82835.0,1917864216.0,8110.459834,178967853.0,38380.410251,0.0,0.0,,0.0,0.0,,153881.0,82587.0,0.008955,6202.790802,4064.0,599.0,0.007231,74782.682805,1.43,58.02,0.0,0.0,212740907.1439836,169042053.49142066,212740907.0,169042053.0,381782961.0,19207.0,212.733493,168.589792,14967.99,3332.0,32459.99,4368783.0,2.81438,12.106442,715.0,2.0,1475.0,14625276.0,,,,,,,,,,,,,,,,,55655.0,23840.0,256.0,0.428353,0.97549,27542.0,16480.0,11062.0,0.0,55662.0,2.0,0.0,3.0,0.0,1344.0,1130.0,,,,,1797952.0,208285017.9269509,28094.0,32138.54,1.1273169601482853,55655.0,23840.0,256.0,0.428353,0.00459976641811158,0.025641375969055292,0.05629262992696324,0.97549,27542.0,0.49487018237355135,0.0,3.0,2.0,55662.0,0.0,5.389673385792821e-05,3.593115590528547e-05,208285017.9269509,1797952.0,0.018956453602708857,nextline\nextline_results_vs_nopf.csv,0.009731,0.4283532476866409,0.8364031856295828,0.6718778294199312,16480.0,11062.0,0.0,0.0,0.0,,0.428353,0.97549,,,,,,,,,,,,,,
quick,l2,ddr4_1x,Stride,quick_stride_default_l2_ddr4_1x,stride,default,0.008587,8587084320.0,24424718.0,24707897.0,25787040.0,0.947588,229838.0,9217302.0,1447.0,82818.0,1516986162.0,6600.240874,113490396.0,78431.510712,0.0,0.0,,0.0,0.0,,147254.0,82584.0,0.00896,5492.810484,657.0,790.0,0.009539,73685.734177,1.36,55.49,0.0,0.0,212412028.58015025,168528448.78085464,212404576.0,168528449.0,380933024.0,19207.0,212.412029,168.118531,17784.1,3332.0,35276.1,4368783.0,2.683739,9.208985,468.0,2.0,1418.0,14610188.0,,,,,,,,,,,,,,,,,108165.0,27041.0,8.0,0.249998,0.971614,80452.0,63379.0,17073.0,0.0,108165.0,0.0,0.0,0.0,0.0,4427.0,4330.0,,,,,1773376.0,206516663.15534675,27709.0,34956.73,1.1332246419005474,108165.0,27041.0,8.0,0.249998,7.39610779827116e-05,0.024935496309006693,0.017472047139510734,0.971614,80452.0,0.7437895807331392,0.0,0.0,0.0,108165.0,0.0,0.0,0.0,206516663.15534675,1773376.0,0.01891425216117903,stride\stride_results_vs_nopf.csv,0.009731,0.24999768871631303,0.9492066835158663,1.3060566543505034,63379.0,17073.0,0.0,0.0,0.0,,0.249998,0.971614,,,,,,,,,,,,,,
quick,l2,ddr4_2x,IMP,quick_imp_default_l2_ddr4_2x,imp,default,0.008962,8961787908.0,24424723.0,24707902.0,26912276.0,0.907968,256971.0,9237977.0,9317.0,82825.0,3685319991.0,14341.384791,545037750.0,58499.275518,0.0,0.0,,0.0,0.0,,174385.0,82586.0,0.00894,10364.373998,94.0,9223.0,0.111355,58423.176515,,,,,,,,,,,,,,,,4368783.0,3.364988,15.701005,649.0,2.0,1334.0,14726587.0,,,,,,,,,,,,,,,,,30841.0,19180.0,27.0,0.621899,0.675281,11544.0,10696.0,848.0,0.0,30842.0,0.0,0.0,0.0,0.0,5006.0,0.0,,,,,,,,,1.0790002231644722,30841.0,19180.0,27.0,0.621899,0.0008754579942284621,0.027816804480028472,0.11249019015997586,0.675281,11544.0,0.3743069290879025,0.0,0.0,0.0,30842.0,0.0,0.0,0.0,,,,imp\imp_all_stages_including_stage3_vs_nopf.csv,0.00967,0.6218994196037742,0.6730533038565463,0.3723634168427407,10696.0,848.0,0.0,0.0,0.0,,0.621899,0.675281,,,,,,,stage1,,,,,,,IMP default
quick,l2,ddr4_2x,Next-line,quick_nextline_default_l2_ddr4_2x,nextline,default,0.008596,8596396998.0,24424723.0,24707902.0,25815006.0,0.946561,233675.0,9220130.0,3803.0,82832.0,1585228518.0,6783.902934,128899971.0,33894.286353,0.0,0.0,,0.0,0.0,,151088.0,82587.0,0.008957,5651.322932,3205.0,598.0,0.007219,62489.844482,,,,,,,,,,,,,,,,4368783.0,2.737748,11.495632,541.0,2.0,1299.0,14614224.0,,,,,,,,,,,,,,,,,55648.0,24697.0,258.0,0.443808,0.976359,27537.0,17733.0,9804.0,0.0,55654.0,1.0,0.0,3.0,0.0,1346.0,1192.0,,,,,,,,,1.124941833410889,55648.0,24697.0,258.0,0.443808,0.004636285221391604,0.02534400274182685,0.04591220784237976,0.976359,27537.0,0.4948425819436458,0.0,3.0,1.0,55654.0,0.0,5.3904481259208684e-05,1.796816041973623e-05,,,,nextline\nextline_results_vs_nopf.csv,0.00967,0.44380750431282345,0.866561403508772,0.6718176550125555,17733.0,9804.0,0.0,0.0,0.0,,0.443808,0.976359,,,,,,,,,,,,,,
quick,l2,ddr4_2x,Stride,quick_stride_default_l2_ddr4_2x,stride,default,0.008574,8573981103.0,24424723.0,24707902.0,25747691.0,0.949036,228215.0,9216100.0,1211.0,82822.0,1399027239.0,6130.303613,94885353.0,78352.892651,0.0,0.0,,0.0,0.0,,145630.0,82585.0,0.008961,5270.843434,417.0,794.0,0.009587,63485.149874,,,,,,,,,,,,,,,,4368783.0,2.659024,9.440062,492.0,2.0,1361.0,14608725.0,,,,,,,,,,,,,,,,,108165.0,27281.0,8.0,0.252217,0.971719,80452.0,66227.0,14225.0,0.0,108165.0,0.0,0.0,0.0,0.0,4427.0,4378.0,,,,,,,,,1.1278283181712152,108165.0,27281.0,8.0,0.252217,7.39610779827116e-05,0.024762643634509175,0.014621718866967713,0.971719,80452.0,0.7437895807331392,0.0,0.0,0.0,108165.0,0.0,0.0,0.0,,,,stride\stride_results_vs_nopf.csv,0.00967,0.2522165210557944,0.9574968412185877,1.3059935765859312,66227.0,14225.0,0.0,0.0,0.0,,0.252217,0.971719,,,,,,,,,,,,,,
simple_triad,l1d,ddr4_1x,IMP,simple_triad_imp_default_l1d_ddr4_1x,imp,default,0.00279,2790028845.0,3509962.0,4011171.0,8378466.0,0.418929,1984803.0,2003756.0,375369.0,375379.0,154697745363.0,77941.108192,34897954801.0,92969.730588,4550.0,77.0,59.090909,0.0,0.0,,1854743.0,130060.0,0.064908,89587.758619,,375369.0,0.999973,92636.731475,10.35,58.54,0.0,0.0,8610526032.034626,2931903738.077661,8610503093.0,2931903738.0,11542406831.0,19207.0,8610.526032,2931.789044,47659.0,3332.0,65151.0,1001741.0,195.088898,155.104366,159238.0,2.0,1855.0,2004860.0,1684969.0,1639.0,,0.000973,0.012445,1439916.0,3040.0,1436876.0,0.0,3905379.0,40693.0,0.0,22399.0,0.0,32905.0,0.0,,,,,,,,,,,,,,,,,15683392.0,5621229338.938967,245053.0,67173.08,,,,,1.0383512544802866,1684969.0,1639.0,,0.000973,,0.9905412635071336,0.9999733602572334,0.012445,1439916.0,0.8545652768685952,0.0,22399.0,40693.0,3905379.0,0.0,0.005735422861647999,0.010419731350017501,5621229338.938967,15683392.0,0.5731086033340321,imp\imp_all_stages_including_stage3_vs_nopf.csv,0.002897,0.0009727181924415227,0.0008250933075317578,0.8409052798843771,3040.0,1436876.0,0.0,4550.0,77.0,59.090909,0.000973,0.012445,,,,,,,stage1,,,,,,,IMP default
simple_triad,l1d,ddr4_1x,Next-line,simple_triad_nextline_default_l1d_ddr4_1x,nextline,default,0.002689,2688890751.0,3509910.0,4011117.0,8074748.0,0.43468,1930593.0,2003736.0,375450.0,375460.0,123491619765.0,63965.641523,36238275894.0,96519.578889,102.0,1.0,102.0,0.0,0.0,,1924654.0,5939.0,0.002964,71618.605489,,375450.0,0.999973,96186.579776,10.6,58.98,0.0,0.0,8936324389.923122,3042110951.1265526,8936300588.0,3042110951.0,11978411539.0,19207.0,8936.32439,3041.920538,50916.97,3332.0,68408.97,1001736.0,188.162069,158.610562,160975.0,2.0,1808.0,2004822.0,1119822.0,10127.0,30.0,0.009043,0.630337,750563.0,201.0,750362.0,0.0,3787942.0,2021103.0,0.0,178111.0,0.0,93500.0,44.0,,,,,,,,,,,,,,,,,23632576.0,8788968458.912298,369259.0,68839.42,,,,,1.0773521755299367,1119822.0,10127.0,30.0,0.009043,2.678997197768931e-05,0.9634966881864677,0.9999733660043679,0.630337,750563.0,0.6702520579163475,0.0,178111.0,2021103.0,3787942.0,0.0,0.04702051932157356,0.5335622879125393,8788968458.912298,23632576.0,0.5947572986977957,nextline\nextline_results_vs_nopf.csv,0.002897,0.009043401540601988,0.0052181664536872915,0.5588670363760495,201.0,750362.0,0.0,102.0,1.0,102.0,0.009043,0.630337,,,,,,,,,,,,,,
simple_triad,l1d,ddr4_1x,Stride,simple_triad_stride_default_l1d_ddr4_1x,stride,default,0.002589,2589119289.0,3509958.0,4011166.0,7775134.0,0.451436,1959392.0,2003757.0,375383.0,375393.0,118426382739.0,60440.372697,35946761356.0,95760.227171,0.0,0.0,,0.0,0.0,,1951447.0,7945.0,0.003965,88606.459031,,375383.0,0.999973,95427.228058,10.58,60.8,0.0,0.0,9279028626.479015,3159461997.272232,9279003908.0,3159461997.0,12438465905.0,19207.0,9279.028626,3159.659748,50124.7,3332.0,67616.7,1001740.0,179.49054,153.602868,175089.0,2.0,1872.0,2004854.0,437830.0,4736.0,4.0,0.010817,0.373472,70649.0,290.0,70359.0,0.0,1441408.0,702034.0,0.0,300729.0,0.0,58596.0,42.0,,,,,,,,,,,,,,,,,23499584.0,9076284781.407768,367181.0,67798.93,,,,,1.1189648512939359,437830.0,4736.0,4.0,0.010817,9.135966014206427e-06,0.9778590916962486,0.9999733612507425,0.373472,70649.0,0.16136171573441746,0.0,300729.0,702034.0,1441408.0,0.0,0.20863558409555102,0.4870473869993784,9076284781.407768,23499584.0,0.6176001181388724,stride\stride_results_vs_nopf.csv,0.002897,0.010816983760820409,0.0024112481467602927,0.21850453922306948,290.0,70359.0,0.0,0.0,0.0,,0.010817,0.373472,,,,,,,,,,,,,,
simple_triad,l1d,ddr4_2x,IMP,simple_triad_imp_default_l1d_ddr4_2x,imp,default,0.002258,2258448291.0,3510110.0,4011354.0,6782127.0,0.517556,1853440.0,2003827.0,375371.0,375381.0,105262734644.0,56793.170884,25477616390.0,67873.161193,43089.0,1809.0,23.819237,0.0,0.0,,1706306.0,147134.0,0.073426,68491.23376,,375371.0,0.999973,67540.161193,,,,,,,,,,,,,,,,1001765.0,111.250229,121.147249,48938.0,2.0,1795.0,2004947.0,1264971.0,30551.0,,0.024152,0.171939,1036992.0,73470.0,963522.0,0.0,3373274.0,302151.0,0.0,155338.0,0.0,39574.0,0.0,,,,,,,,,,,,,,,,,,,,,,,,,1.1536758193091232,1264971.0,30551.0,,0.024152,,0.9249501079684025,0.9999733603991677,0.171939,1036992.0,0.8197753150072216,0.0,155338.0,302151.0,3373274.0,0.0,0.0460496241929947,0.08957203002187193,,,,imp\imp_all_stages_including_stage3_vs_nopf.csv,0.002605,0.02415154181400206,0.016216107189471713,0.6312775504072956,73470.0,963522.0,0.0,43089.0,1809.0,23.819237,0.024152,0.171939,,,,,,,stage1,,,,,,,IMP default
simple_triad,l1d,ddr4_2x,Next-line,simple_triad_nextline_default_l1d_ddr4_2x,nextline,default,0.002014,2014106877.0,3510110.0,4011355.0,6048369.0,0.580343,1944026.0,2003809.0,375452.0,375462.0,85154654772.0,43803.248913,25943667750.0,69099.825677,102.0,1.0,102.0,0.0,0.0,,1938056.0,5970.0,0.002979,69554.161809,,375452.0,0.999973,68766.825677,,,,,,,,,,,,,,,,1001762.0,125.776615,124.567203,67547.0,2.0,1833.0,2004927.0,1329662.0,9858.0,30.0,0.007414,0.62282,960434.0,32805.0,927629.0,0.0,3814593.0,1759598.0,0.0,152644.0,0.0,93177.0,143.0,,,,,,,,,,,,,,,,,,,,,,,,,1.2934458788480636,1329662.0,9858.0,30.0,0.007414,2.2562124810666168e-05,0.9701653201477786,0.9999733661462412,0.62282,960434.0,0.7223143926802451,0.0,152644.0,1759598.0,3814593.0,0.0,0.04001580247224278,0.4612806661156249,,,,nextline\nextline_results_vs_nopf.csv,0.002605,0.007413914212784903,0.00504533534232329,0.6635672361986596,32805.0,927629.0,0.0,102.0,1.0,102.0,0.007414,0.62282,,,,,,,,,,,,,,
simple_triad,l1d,ddr4_2x,Stride,simple_triad_stride_default_l1d_ddr4_2x,stride,default,0.001925,1924819920.0,3510082.0,4011326.0,5780240.0,0.607259,1856326.0,2003816.0,375386.0,375396.0,74312507439.0,40032.035019,26181360246.0,69745.169628,194.0,8.0,24.25,0.0,0.0,,1847639.0,8687.0,0.004335,70810.895591,,375386.0,0.999973,69412.170515,,,,,,,,,,,,,,,,1001760.0,108.918524,124.025654,62398.0,2.0,1803.0,2004942.0,578726.0,25248.0,4.0,0.043627,0.744011,212283.0,28640.0,183643.0,0.0,1441409.0,617388.0,0.0,228028.0,0.0,58591.0,3259.0,,,,,,,,,,,,,,,,,,,,,,,,,1.3532467532467534,578726.0,25248.0,4.0,0.043627,6.911733704723824e-06,0.92639543750524,0.9999733614636277,0.744011,212283.0,0.3668108915099719,0.0,228028.0,617388.0,1441409.0,0.0,0.15819798544340988,0.42832256493472703,,,,stride\stride_results_vs_nopf.csv,0.002605,0.04362686314421678,0.013418552764866011,0.2888119468054951,28640.0,183643.0,0.0,194.0,8.0,24.25,0.043627,0.744011,,,,,,,,,,,,,,
simple_triad,l2,ddr4_1x,IMP,simple_triad_imp_default_l2_ddr4_1x,imp,default,0.002935,2934652077.0,3509969.0,4011178.0,8812770.0,0.398284,1883835.0,2003757.0,197167.0,375053.0,82761122700.0,43932.256647,14911671143.0,75629.649703,0.0,0.0,,148050.0,2262.0,65.450928,1508727.0,375108.0,0.187202,42606.948207,127042.0,70125.0,0.186974,117919.476934,13.12,61.17,0.0,0.0,8185687219.371184,2787481372.7024307,8185665411.0,2787481373.0,10973146784.0,19207.0,8185.687219,2787.459564,65422.18,3332.0,82914.18,1001743.0,105.638144,166.1993,126781.0,2.0,2014.0,2004857.0,,,,,,,,,,,,,,,,,640534.0,177876.0,16.0,0.2777,0.717239,335230.0,113996.0,221234.0,0.0,730287.0,65339.0,0.0,19120.0,0.0,56885.0,0.0,,,,,19532672.0,6655873162.30264,305198.0,81129.65,0.987052810902896,640534.0,177876.0,16.0,0.2777,2.4979158015031208e-05,0.9401514255471097,0.5257043671161142,0.717239,335230.0,0.523360196336182,0.0,19120.0,65339.0,730287.0,0.0,0.026181487552154152,0.08947030414070085,6655873162.30264,19532672.0,0.5448434559304753,imp\imp_all_stages_including_stage3_vs_nopf.csv,0.002897,0.2776995444426057,0.4742816157080655,1.7078492906335905,113996.0,221234.0,0.0,148050.0,2262.0,65.450928,0.2777,0.717239,,,,,,,stage1,,,,,,,IMP default
simple_triad,l2,ddr4_1x,Next-line,simple_triad_nextline_default_l2_ddr4_1x,nextline,default,0.002611,2610775944.0,3509913.0,4011121.0,7840169.0,0.447686,1989866.0,2003797.0,363890.0,375378.0,119709535302.0,60159.596326,24662491155.0,67774.577908,0.0,0.0,,0.0,0.0,,1614758.0,375108.0,0.187199,66603.850147,357869.0,6021.0,0.01604,130871.710015,13.81,59.74,0.0,0.0,9206299014.374556,3133940321.000598,9206274501.0,3133940321.0,12340214822.0,19207.0,9206.299014,3133.915807,63797.49,3332.0,81289.49,1001736.0,174.652175,157.874556,158938.0,2.0,1908.0,2004986.0,,,,,,,,,,,,,,,,,733123.0,11478.0,37.0,0.015656,0.655923,363578.0,3677.0,359901.0,0.0,733139.0,3.0,0.0,7.0,0.0,17597.0,883.0,,,,,23650112.0,9058652487.721865,369533.0,80925.27,1.1095365760245115,733123.0,11478.0,37.0,0.015656,5.046902088735451e-05,0.9930476989435557,0.9693961819818956,0.655923,363578.0,0.4959304236806102,0.0,7.0,3.0,733139.0,0.0,9.547984761416321e-06,4.091993469178423e-06,9058652487.721865,23650112.0,0.6127217126400335,nextline\nextline_results_vs_nopf.csv,0.002897,0.015656308695812297,0.030577992796402463,1.953026016442093,3677.0,359901.0,0.0,0.0,0.0,,0.015656,0.655923,,,,,,,,,,,,,,
simple_triad,l2,ddr4_1x,Stride,simple_triad_stride_default_l2_ddr4_1x,stride,default,0.00245,2449743804.0,3509911.0,4011119.0,7356589.0,0.477114,1973109.0,2003754.0,351127.0,375374.0,104829949449.0,53129.325065,21438188019.0,61055.367485,0.0,0.0,,0.0,0.0,,1598001.0,375108.0,0.187203,58137.246937,344896.0,6231.0,0.016599,147492.171883,14.68,74.1,0.0,0.0,9806765899.672012,3339189994.742813,9806739774.0,3339189995.0,13145929769.0,19207.0,9806.7659,3339.320621,70673.03,3332.0,88165.03,1001734.0,150.103896,154.875649,130847.0,2.0,1920.0,2004871.0,,,,,,,,,,,,,,,,,1026933.0,24237.0,4.0,0.023601,0.79549,657788.0,13314.0,644474.0,0.0,1441390.0,330511.0,0.0,81661.0,0.0,58594.0,2023.0,,,,,23625216.0,9643953772.400274,369144.0,87622.78,1.1824489795918367,1026933.0,24237.0,4.0,0.023601,3.895093448160688e-06,0.9847062064504924,0.9354057553266876,0.79549,657788.0,0.6405364322696807,0.0,81661.0,330511.0,1441390.0,0.0,0.05665434060178023,0.22930018940050922,9643953772.400274,23625216.0,0.6527274215637865,stride\stride_results_vs_nopf.csv,0.002897,0.02360134497576765,0.06456932470881598,2.735759535822939,13314.0,644474.0,0.0,0.0,0.0,,0.023601,0.79549,,,,,,,,,,,,,,
simple_triad,l2,ddr4_2x,IMP,simple_triad_imp_default_l2_ddr4_2x,imp,default,0.002264,2263657743.0,3510112.0,4011356.0,6797771.0,0.516365,1884743.0,2003834.0,176440.0,374975.0,58110333831.0,30831.966921,10201324777.0,57817.528775,0.0,0.0,,90845.0,2196.0,41.368397,1509635.0,375108.0,0.187195,30261.949814,98023.0,78417.0,0.209126,81395.723682,,,,,,,,,,,,,,,,1001767.0,75.725842,124.080687,44396.0,2.0,1898.0,2004989.0,,,,,,,,,,,,,,,,,599360.0,198525.0,48.0,0.331228,0.716847,302278.0,130416.0,171862.0,0.0,646201.0,33382.0,0.0,9992.0,0.0,58051.0,0.0,,,,,,,,,1.150618374558304,599360.0,198525.0,48.0,0.331228,8.00854244527496e-05,0.9405684303190783,0.47053803586905796,0.716847,302278.0,0.5043346235985051,0.0,9992.0,33382.0,646201.0,0.0,0.015462681116247112,0.05165884918160139,,,,imp\imp_all_stages_including_stage3_vs_nopf.csv,0.002605,0.33122831019754406,0.5294494152787593,1.5983998933262218,130416.0,171862.0,0.0,90845.0,2196.0,41.368397,0.331228,0.716847,,,,,,,stage1,,,,,,,IMP default
simple_triad,l2,ddr4_2x,Next-line,simple_triad_nextline_default_l2_ddr4_2x,nextline,default,0.001959,1959117921.0,3510105.0,4011349.0,5883237.0,0.596631,1988355.0,2003876.0,366287.0,375378.0,79643078865.0,40054.758262,15838211934.0,43239.896404,0.0,0.0,,0.0,0.0,,1613247.0,375108.0,0.187191,43103.516875,360265.0,6022.0,0.016042,84446.355862,,,,,,,,,,,,,,,,1001765.0,115.04587,123.556721,65447.0,2.0,1764.0,2005063.0,,,,,,,,,,,,,,,,,733126.0,9081.0,37.0,0.012387,0.601271,363582.0,6276.0,357306.0,0.0,733139.0,2.0,0.0,6.0,0.0,17597.0,260.0,,,,,,,,,1.3297600816743238,733126.0,9081.0,37.0,0.012387,5.046881436478859e-05,0.9922545107581507,0.9757817453340366,0.601271,363582.0,0.4959338503886099,0.0,6.0,2.0,733139.0,0.0,8.183986938356846e-06,2.727995646118949e-06,,,,nextline\nextline_results_vs_nopf.csv,0.002605,0.01238668387153095,0.024192259329511308,1.9530340083862134,6276.0,357306.0,0.0,0.0,0.0,,0.012387,0.601271,,,,,,,,,,,,,,
simple_triad,l2,ddr4_2x,Stride,simple_triad_stride_default_l2_ddr4_2x,stride,default,0.001774,1774268289.0,3510133.0,4011378.0,5328133.0,0.658796,1952128.0,2003828.0,321074.0,375377.0,64163816955.0,32868.652545,12358659636.0,38491.62385,0.0,0.0,,0.0,0.0,,1577020.0,375108.0,0.187196,34353.481757,314840.0,6234.0,0.016607,85712.03128,,,,,,,,,,,,,,,,1001767.0,88.63728,115.574132,43617.0,2.0,1748.0,2004985.0,,,,,,,,,,,,,,,,,1221010.0,54293.0,4.0,0.044466,0.897005,851865.0,83505.0,768360.0,0.0,1441390.0,165171.0,0.0,50681.0,0.0,58594.0,6899.0,,,,,,,,,1.4684329199549042,1221010.0,54293.0,4.0,0.044466,3.275976445729355e-06,0.9741993823821207,0.8553374340995852,0.897005,851865.0,0.6976724187353093,0.0,50681.0,165171.0,1441390.0,0.0,0.0351611985652738,0.1145914707331118,,,,stride\stride_results_vs_nopf.csv,0.002605,0.04446564729199597,0.14463977920275356,3.2527565620695995,83505.0,768360.0,0.0,0.0,0.0,,0.044466,0.897005,,,,,,,,,,,,,,
spmv,l1d,ddr4_1x,IMP,spmv_imp_default_l1d_ddr4_1x,imp,default,0.006737,6736709880.0,11279576.0,11329125.0,20230360.0,0.558743,2478349.0,4827081.0,600137.0,2941675.0,74958658641.0,30245.400725,44086177947.0,73460.189835,434929.0,189257.0,2.298087,0.0,0.0,,923418.0,1554931.0,0.322127,18022.562699,,600137.0,0.204012,73127.19039,6.09,57.33,0.0,0.0,5701413402.709869,15827310.64559366,5701403903.0,15827311.0,5717231213.0,19207.0,5701.346901,15.333301,28312.86,3332.0,45804.86,4767008.0,49.525255,94.672619,91845.0,2.0,1739.0,4862291.0,2273967.0,139823.0,1215352.0,0.061489,0.082503,887408.0,198707.0,688420.0,281.0,5192833.0,129106.0,0.0,263030.0,3636.0,4687267.0,0.0,,,,,,,,,,,,,,,,,20753408.0,3080644464.3865232,324272.0,50551.45,,,,,1.573252189401811,2273967.0,139823.0,1215352.0,0.061489,0.5344633409367858,0.5134260228904384,0.20401199996600577,0.082503,887408.0,0.39024664825830807,3636.0,263030.0,129106.0,5192833.0,0.000700195827595457,0.050652505096928785,0.024862343926715918,3080644464.3865232,20753408.0,0.283874450397993,imp\imp_all_stages_including_stage3_vs_nopf.csv,0.010599,0.061488579209812634,0.053404818323624266,0.4710853205073625,198707.0,688420.0,281.0,434929.0,189257.0,2.298087,0.061489,0.082503,,,,,,,stage1,,,,,,,IMP default
spmv,l1d,ddr4_1x,Next-line,spmv_nextline_default_l1d_ddr4_1x,nextline,default,0.00726,7259505228.0,11279581.0,11329130.0,21800316.0,0.518505,2144674.0,4826869.0,683515.0,4381005.0,48590795565.0,22656.49491,65817592057.0,96292.8276,608079.0,287920.0,2.111972,0.0,0.0,,635263.0,1509411.0,0.31271,16939.198266,,683515.0,0.156018,95959.828087,7.95,57.65,0.0,0.0,6025887250.728211,14678686.30895075,6025878435.0,14678686.0,6040557121.0,19207.0,6025.834355,14.140909,50881.63,3332.0,68373.63,4767008.0,33.343914,78.078537,67470.0,2.0,1773.0,4866826.0,3343565.0,160232.0,2631536.0,0.047923,0.095968,472154.0,110271.0,361421.0,462.0,4505825.0,731825.0,0.0,57034.0,221559.0,103993.0,8038.0,,,,,,,,,,,,,,,,,32131008.0,4426060315.525404,502047.0,71172.23,,,,,1.459917355371901,3343565.0,160232.0,2631536.0,0.047923,0.7870449654784638,0.4443199100700682,0.15601785435077112,0.095968,472154.0,0.1412127474716358,221559.0,57034.0,731825.0,4505825.0,0.049171683321034436,0.012657837354979388,0.16241753729894082,4426060315.525404,32131008.0,0.2999283689843589,nextline\nextline_results_vs_nopf.csv,0.010599,0.04792250188047787,0.06951780246135851,0.6926985174033106,110271.0,361421.0,462.0,608079.0,287920.0,2.111972,0.047923,0.095968,,,,,,,,,,,,,,
spmv,l1d,ddr4_1x,Stride,spmv_stride_default_l1d_ddr4_1x,stride,default,0.007286,7285640733.0,11279576.0,11329125.0,21878801.0,0.516645,1563056.0,4827674.0,525843.0,1701325.0,37113211971.0,23744.006594,48611717706.0,92445.307261,56446.0,19833.0,2.846065,0.0,0.0,,67212.0,1495844.0,0.309848,22299.005852,,525843.0,0.309079,92112.307894,6.43,57.45,0.0,0.0,4619216515.517414,14617245.60718879,4619207731.0,14617246.0,4633824977.0,19207.0,4619.172594,14.081397,47268.58,3332.0,64760.58,4767008.0,25.368947,75.969926,60649.0,2.0,1789.0,4862195.0,767106.0,190795.0,11825.0,0.248721,0.113121,561810.0,388976.0,172834.0,0.0,767360.0,199.0,0.0,52.0,0.0,31160.0,30680.0,,,,,,,,,,,,,,,,,12577472.0,1726337114.4600744,196523.0,77711.01,,,,,1.4547076585231953,767106.0,190795.0,11825.0,0.248721,0.015415079532685182,0.32376999772561277,0.30907851233597344,0.113121,561810.0,0.7323759689012992,0.0,52.0,199.0,767360.0,0.0,6.776480400333611e-05,0.00025933069224353626,1726337114.4600744,12577472.0,0.23008069283525184,stride\stride_results_vs_nopf.csv,0.010599,0.24872051580876697,0.10878632221323248,0.15889763890436678,388976.0,172834.0,0.0,56446.0,19833.0,2.846065,0.248721,0.113121,,,,,,,,,,,,,,
spmv,l1d,ddr4_2x,IMP,spmv_imp_default_l1d_ddr4_2x,imp,default,0.006318,6317934408.0,11279576.0,11329125.0,18972776.0,0.595778,2462403.0,4827165.0,600559.0,2948135.0,69547314069.0,28243.676632,39010466654.0,64956.92622,384884.0,167567.0,2.296896,0.0,0.0,,907334.0,1555069.0,0.32215,16854.769853,,600559.0,0.203708,64623.926775,,,,,,,,,,,,,,,,4767008.0,46.025052,86.542477,58687.0,2.0,1620.0,4862969.0,2267381.0,140288.0,1221724.0,0.061872,0.082748,874497.0,197064.0,677154.0,279.0,5135890.0,125479.0,0.0,258235.0,2883.0,4682078.0,0.0,,,,,,,,,,,,,,,,,,,,,,,,,1.431940487496043,2267381.0,140288.0,1221724.0,0.061872,0.538826072900849,0.510113700277492,0.20370810698967312,0.082748,874497.0,0.38568595220653257,2883.0,258235.0,125479.0,5135890.0,0.0005613437982511307,0.050280477190905566,0.024431792736993977,,,,imp\imp_all_stages_including_stage3_vs_nopf.csv,0.009047,0.061872265843279095,0.053901135401782235,0.4697127610098267,197064.0,677154.0,279.0,384884.0,167567.0,2.296896,0.061872,0.082748,,,,,,,stage1,,,,,,,IMP default
spmv,l1d,ddr4_2x,Next-line,spmv_nextline_default_l1d_ddr4_2x,nextline,default,0.006523,6523019118.0,11279581.0,11329130.0,19588646.0,0.577047,2179934.0,4827180.0,684252.0,4379038.0,44190086013.0,20271.295375,55390602177.0,80950.588638,524996.0,271441.0,1.934107,0.0,0.0,,670486.0,1509448.0,0.312698,15286.817816,,684252.0,0.156256,80617.589125,,,,,,,,,,,,,,,,4767008.0,30.481787,66.980139,35312.0,2.0,1684.0,4867179.0,3318157.0,156948.0,2629710.0,0.0473,0.094184,448749.0,123880.0,324396.0,473.0,4562033.0,807435.0,0.0,58692.0,225172.0,111739.0,7284.0,,,,,,,,,,,,,,,,,,,,,,,,,1.3869385252184576,3318157.0,156948.0,2629710.0,0.0473,0.7925212700905955,0.4515957557000153,0.1562562371004773,0.094184,448749.0,0.13524043618189255,225172.0,58692.0,807435.0,4562033.0,0.04935781920034336,0.012865316844485782,0.17699017082954024,,,,nextline\nextline_results_vs_nopf.csv,0.009047,0.04729975103649405,0.06716128585011995,0.6873903604174694,123880.0,324396.0,473.0,524996.0,271441.0,1.934107,0.0473,0.094184,,,,,,,,,,,,,,
spmv,l1d,ddr4_2x,Stride,spmv_stride_default_l1d_ddr4_2x,stride,default,0.006832,6832205289.0,11279576.0,11329125.0,20517133.0,0.550933,1562836.0,4828188.0,525878.0,1701436.0,33126466041.0,21196.380197,42971917066.0,81714.61264,45300.0,17332.0,2.613663,0.0,0.0,,66880.0,1495956.0,0.309838,19692.137519,,525878.0,0.309079,81381.613273,,,,,,,,,,,,,,,,4767008.0,22.841752,68.118699,50492.0,2.0,1666.0,4862641.0,767345.0,190826.0,11834.0,0.248683,0.11313,562047.0,394125.0,167922.0,0.0,767416.0,61.0,0.0,7.0,0.0,31160.0,30680.0,,,,,,,,,,,,,,,,,,,,,,,,,1.324209601873536,767345.0,190826.0,11834.0,0.248683,0.01542200705028377,0.3236899640196281,0.3090789192188246,0.11313,562047.0,0.7324567176433026,0.0,7.0,61.0,767416.0,0.0,9.121519488777925e-06,7.94875269736362e-05,,,,stride\stride_results_vs_nopf.csv,0.009047,0.24868344747147633,0.10881572389662318,0.15893022392665737,394125.0,167922.0,0.0,45300.0,17332.0,2.613663,0.248683,0.11313,,,,,,,,,,,,,,
spmv,l2,ddr4_1x,IMP,spmv_imp_default_l2_ddr4_1x,imp,default,0.006899,6898882212.0,11279576.0,11329125.0,20717364.0,0.545609,2767669.0,4826959.0,386713.0,1686824.0,82312615323.0,29740.772948,25511205660.0,65969.351069,148441.0,34354.0,4.320923,7403.0,480.0,15.422917,1081030.0,1686639.0,0.349421,19712.030241,2786.0,383927.0,0.227603,65925.187012,5.63,57.26,0.0,0.0,5007169413.606448,15436703.61769035,5007160137.0,15436704.0,5022596840.0,19207.0,5007.123029,14.842984,25812.25,3332.0,43304.25,4767008.0,53.506138,100.02579,80968.0,2.0,1689.0,4861171.0,,,,,,,,,,,,,,,,,300575.0,147910.0,5099.0,0.49209,0.278112,144754.0,131897.0,12853.0,4.0,301653.0,135.0,0.0,94.0,123.0,1244051.0,0.0,,,,,9972160.0,1445474744.1048207,155815.0,54447.52,1.5363096100884188,300575.0,147910.0,5099.0,0.49209,0.016964152041919655,0.573377358291214,0.22925509715299283,0.278112,144754.0,0.48159028528653414,123.0,94.0,135.0,301653.0,0.00040775327943033885,0.00031161632736952723,0.00044753408717964016,1445474744.1048207,9972160.0,0.2493841624392769,imp\imp_all_stages_including_stage3_vs_nopf.csv,0.010599,0.4920901605256591,0.2766622461061346,0.1781899000725624,131897.0,12853.0,4.0,7403.0,480.0,15.422917,0.49209,0.278112,,,,,,,stage1,,,,,,,IMP default
spmv,l2,ddr4_1x,Next-line,spmv_nextline_default_l2_ddr4_1x,nextline,default,0.007657,7657217784.0,11279576.0,11329125.0,22994648.0,0.491574,2202889.0,4827683.0,300176.0,1687151.0,39744938943.0,18042.188664,25874038593.0,86196.226857,19854.0,3582.0,5.542714,13349.0,903.0,14.782946,515925.0,1686964.0,0.349436,19488.354191,24219.0,275957.0,0.163564,91151.218784,7.69,57.47,0.0,0.0,5283949489.401123,13907923.6093463,5283941131.0,13907924.0,5297849055.0,19207.0,5283.907699,13.38972,50127.76,3332.0,67619.76,4767008.0,26.835726,76.754092,76737.0,2.0,1785.0,4862746.0,,,,,,,,,,,,,,,,,1151090.0,290540.0,41283.0,0.252404,0.512871,794847.0,654908.0,139906.0,33.0,1153468.0,113.0,0.0,616.0,1316.0,27964.0,14285.0,,,,,22794944.0,2976922511.93779,356171.0,70458.06,1.3842235862609378,1151090.0,290540.0,41283.0,0.252404,0.03586426778097282,0.456303572541942,0.17791887033229392,0.512871,794847.0,0.6905168144975632,1316.0,616.0,113.0,1153468.0,0.001140907246668308,0.0005340416899298463,9.796543987349454e-05,2976922511.93779,22794944.0,0.26305110511535496,nextline\nextline_results_vs_nopf.csv,0.010599,0.2524042429349573,0.49184379634206626,0.68226851064309,654908.0,139906.0,33.0,13349.0,903.0,14.782946,0.252404,0.512871,,,,,,,,,,,,,,
spmv,l2,ddr4_1x,Stride,spmv_stride_default_l2_ddr4_1x,stride,default,0.007519,7519283190.0,11279581.0,11329130.0,22580430.0,0.500592,2149686.0,4827699.0,331560.0,1687027.0,41220077661.0,19174.929576,28581394661.0,86202.782787,20647.0,3060.0,6.747386,193.0,6.0,32.166667,462849.0,1686837.0,0.349408,20945.883533,1991.0,329569.0,0.195355,86205.590341,6.33,57.4,0.0,0.0,4478111962.158989,14163052.15657132,4478103451.0,14163052.0,4492266503.0,19207.0,4478.069405,13.652365,48121.98,3332.0,65613.98,4767008.0,27.776219,78.672042,69453.0,2.0,1817.0,4862301.0,,,,,,,,,,,,,,,,,767312.0,194332.0,225.0,0.253263,0.370933,570753.0,420829.0,149924.0,0.0,767312.0,0.0,0.0,0.0,0.0,31160.0,31142.0,,,,,12579776.0,1673002024.5453742,196559.0,76641.84,1.4096289400186197,767312.0,194332.0,225.0,0.253263,0.0002932314364951936,0.44528169631122405,0.1965350880572747,0.370933,570753.0,0.7438343203286277,0.0,0.0,0.0,767312.0,0.0,0.0,0.0,1673002024.5453742,12579776.0,0.22305196992571563,stride\stride_results_vs_nopf.csv,0.010599,0.2532633400754843,0.36952834422276815,0.4548308948226673,420829.0,149924.0,0.0,193.0,6.0,32.166667,0.253263,0.370933,,,,,,,,,,,,,,
spmv,l2,ddr4_2x,IMP,spmv_imp_default_l2_ddr4_2x,imp,default,0.006431,6431063166.0,11279576.0,11329125.0,19312502.0,0.585298,2752820.0,4827293.0,386989.0,1686871.0,73462737726.0,26686.357163,23135961342.0,59784.545147,140315.0,33032.0,4.247851,5792.0,451.0,12.842572,1066131.0,1686689.0,0.349407,18289.856924,3081.0,383908.0,0.227586,59730.805407,,,,,,,,,,,,,,,,4767008.0,47.976249,89.872244,44042.0,2.0,1760.0,4861899.0,,,,,,,,,,,,,,,,,301400.0,147794.0,5085.0,0.490358,0.277964,145418.0,133125.0,12287.0,6.0,302396.0,107.0,0.0,85.0,83.0,1244412.0,0.0,,,,,,,,,1.406779661016949,301400.0,147794.0,5085.0,0.490358,0.016871267418712674,0.5702616352477465,0.2294123261351935,0.277964,145418.0,0.48247511612475114,83.0,85.0,107.0,302396.0,0.0002744745300863768,0.00028108837418484373,0.00035384065926797974,,,,imp\imp_all_stages_including_stage3_vs_nopf.csv,0.009047,0.4903583278035833,0.27636256201113346,0.17867400648893722,133125.0,12287.0,6.0,5792.0,451.0,12.842572,0.490358,0.277964,,,,,,,stage1,,,,,,,IMP default
spmv,l2,ddr4_2x,Next-line,spmv_nextline_default_l2_ddr4_2x,nextline,default,0.007083,7082623620.0,11279581.0,11329130.0,21269140.0,0.531454,2218876.0,4828264.0,299470.0,1687244.0,35335561734.0,15924.982619,21944955347.0,73279.311273,15674.0,3222.0,4.86468,13465.0,836.0,16.106459,531825.0,1687051.0,0.349412,17187.819601,23439.0,276031.0,0.163599,77027.849256,,,,,,,,,,,,,,,,4767008.0,24.065563,67.090615,57808.0,2.0,1703.0,4863416.0,,,,,,,,,,,,,,,,,1151640.0,291381.0,41424.0,0.253014,0.513526,795198.0,658418.0,136757.0,23.0,1153732.0,90.0,0.0,619.0,1052.0,27970.0,14101.0,,,,,,,,,1.2772836368770295,1151640.0,291381.0,41424.0,0.253014,0.03596957382515369,0.4595597920909047,0.17749062968960033,0.513526,795198.0,0.6904918203605294,1052.0,619.0,90.0,1153732.0,0.0009118235430758616,0.0005365197463535725,7.800771756352428e-05,,,,nextline\nextline_results_vs_nopf.csv,0.009047,0.25301396269667603,0.4931547886015256,0.6825568797399784,658418.0,136757.0,23.0,13465.0,836.0,16.106459,0.253014,0.513526,,,,,,,,,,,,,,
spmv,l2,ddr4_2x,Stride,spmv_stride_default_l2_ddr4_2x,stride,default,0.007083,7082571672.0,11279576.0,11329125.0,21268984.0,0.531458,2166867.0,4827930.0,331549.0,1687139.0,36578255796.0,16880.711089,24539071698.0,74013.408872,14474.0,2911.0,4.972175,73.0,2.0,36.5,479910.0,1686957.0,0.349416,18580.33078,1939.0,329610.0,0.195366,73940.3612,,,,,,,,,,,,,,,,4767008.0,24.856265,69.31765,60490.0,2.0,1726.0,4863054.0,,,,,,,,,,,,,,,,,767312.0,194382.0,227.0,0.253329,0.370964,570753.0,427766.0,142987.0,0.0,767312.0,0.0,0.0,0.0,0.0,31160.0,31136.0,,,,,,,,,1.2772836368770295,767312.0,194382.0,227.0,0.253329,0.0002958379381529287,0.4488190590998627,0.1965155212463229,0.370964,570753.0,0.7438343203286277,0.0,0.0,0.0,767312.0,0.0,0.0,0.0,,,,stride\stride_results_vs_nopf.csv,0.009047,0.2533285026169277,0.369596011644113,0.45480070106849524,427766.0,142987.0,0.0,73.0,2.0,36.5,0.253329,0.370964,,,,,,,,,,,,,,
