benchmark,pf_level,memory,family,config,speedup_vs_nopf,l1d_miss_rate,l2_miss_rate,pf_issued,pf_useful,pf_unused,pf_accuracy,pf_coverage,pf_unused_ratio,pf_late,pf_late_ratio,pf_removed_full,pf_removed_full_ratio,pf_buffer_hit,pf_buffer_hit_ratio,blocked_cycles_no_mshrs,blocked_causes_no_mshrs,avg_blocked_no_mshrs,mem_avg_rdq_len,mem_avg_wrq_len,dram_bw_total,dram_bw_utilization,dram_avg_q_lat,dram_avg_mem_acc_lat,prefetcher_read_rate,prefetcher_read_bytes
simple_triad,l1d,ddr4_1x,No prefetch,none,1.0,0.9963848019950463,0.99997335997336,0.0,0.0,0.0,,0.0,,0.0,,0.0,,0.0,,,,,,,,,,,0.0,0.0
simple_triad,l1d,ddr4_1x,IMP,s8_sth8,1.045093795093795,0.909247341878913,0.9999733603991677,949656.0,41411.0,2.0,0.04360631639246211,0.022224201952526904,4.648946432514731e-06,1444931.0,0.8549381693390924,0.0,0.0,36807.0,0.009414843207446543,4097.0,65.0,63.030769,10.34,58.5,11544937683.0,0.573234266298109,47631.28,65123.28,5625145726.583125,15690816.0
simple_triad,l1d,ddr4_1x,Next-line,deg4,1.0985968904057641,0.964147832301286,0.9999494072661816,490421.0,9050.0,92.0,0.018454,0.592239,0.00018759392440372658,121367.0,0.24747512851203354,0.0,0.0,6118898.0,0.8189394858007526,287.0,7.0,41.0,10.71,58.59,12218356256.0,0.6066711381292669,51330.23,68822.23,8958333236.615158,23618880.0
simple_triad,l1d,ddr4_1x,Stride,deg4_dist1,1.1795602605863191,0.9861181326153516,0.9999733614636277,374212.0,1807.0,5.0,0.004829,0.10073,1.3361410109777345e-05,15215.0,0.04065877096405246,0.0,0.0,953614.0,0.6725215237579409,21855.0,1943.0,11.24807,10.26,58.88,13113019504.0,0.6510933467745625,45299.79,62791.79,9355158888.047842,22975808.0
simple_triad,l1d,ddr4_2x,No prefetch,none,1.0,0.9980875943663884,0.999973359831421,0.0,0.0,0.0,,0.0,,0.0,,0.0,,0.0,,,,,,,,,,,0.0,0.0
simple_triad,l1d,ddr4_2x,IMP,s64_sth8_pt8,1.3077309236947792,0.6830249091495237,0.9999733629537287,545558.0,150579.0,1.0,0.27600915026449985,0.09911384081519009,1.8329856770499196e-06,395364.0,0.662857487752618,84265.0,0.014456430327949008,3739562.0,0.64155601388531,727131.0,43105.0,16.868832,,,,,,,,
simple_triad,l1d,ddr4_2x,Next-line,deg32,1.3574778530484628,0.6056743230221138,0.9993274371100531,1174029.0,151206.0,687.0,0.128792,0.595977,0.0005851644209810831,900621.0,0.7671198922684193,16566269.0,0.48016125110031543,16128318.0,0.46746756007787493,507530.0,30462.0,16.661086,,,,,,,,
simple_triad,l1d,ddr4_2x,Stride,deg1_dist8,1.4281798245614035,0.871563826835437,0.9999733621732204,320707.0,51040.0,12.0,0.159148,0.48392,3.741733108413599e-05,0.0,0.0,0.0,0.0,402.0,0.0012458548981932004,232914.0,16651.0,13.987989,,,,,,,,
simple_triad,l2,ddr4_1x,No prefetch,none,1.0,0.9963848019950463,0.99997335997336,0.0,0.0,0.0,,0.0,,0.0,,0.0,,0.0,,,,,,,,,,,0.0,0.0
simple_triad,l2,ddr4_1x,IMP,s2_sth2,1.1082631981637336,0.9866805472309322,0.9620057915726491,704306.0,14252.0,2.0,0.020235522627948647,0.03796857974813714,2.8396748004418532e-06,343254.0,0.4946322399914692,0.0,0.0,1.0,1.4410052452590927e-06,0.0,0.0,39.060821,13.33,59.84,12135635007.0,0.6025638267015402,60664.97,78156.97,8458186662.873248,22445056.0
simple_triad,l2,ddr4_1x,Next-line,deg8,1.2167156656866862,0.9823303321646042,0.8988051948051948,526192.0,37976.0,138.0,0.072171,0.846168,0.0002622616839480646,157093.0,0.29854691823516893,36.0,1.2895026603156272e-05,1943138.0,0.6960226723223298,1147.0,20.0,57.35,14.8,98.33,13541025752.0,0.6723448991241749,70182.54,87674.54,9918936692.620564,23618560.0
simple_triad,l2,ddr4_1x,Stride,deg4_dist4,1.2254653130287647,0.9609546936710074,0.8044878625775239,559192.0,73379.0,8.0,0.131223,0.712037,1.430635631411036e-05,213483.0,0.3817704831256527,0.0,0.0,769928.0,0.5713132380461932,172636.0,4772.0,36.176865,14.8,95.86,13620159755.0,0.6762740950535504,69555.2,87047.2,9357448237.8878,22125376.0
simple_triad,l2,ddr4_2x,No prefetch,none,1.0,0.9980875943663884,0.999973359831421,0.0,0.0,0.0,,0.0,,0.0,,0.0,,0.0,,,,,,,,,,,0.0,0.0
simple_triad,l2,ddr4_2x,IMP,s32_sth2_dist32_ipd16,1.4759206798866855,0.9504234391140965,0.3746000465887154,572652.0,233565.0,647.0,0.4078655099432116,0.625389923180113,0.0011298310317609996,282224.0,0.47481283332492136,227686.0,0.13564437422515013,791927.0,0.47179203968184463,276052.0,10368.0,26.625386,,,,,,,,
simple_triad,l2,ddr4_2x,Next-line,deg8,1.690460739779364,0.9793378737946054,0.8965959101904244,574939.0,38805.0,138.0,0.067494,0.863696,0.00024002546357091795,205063.0,0.356669142291617,17.0,6.089370466553237e-06,1903509.0,0.681833616906958,221.0,12.0,18.416667,,,,,,,,
simple_triad,l2,ddr4_2x,Stride,deg8_dist4,1.6404282115869018,0.9533892595679274,0.5250216302246339,688308.0,177858.0,397.0,0.258399,0.811059,0.0005767766755580351,354392.0,0.5148741551747182,53994.0,0.02077666413599299,1791697.0,0.6894374708757683,209615.0,9430.0,22.228526,,,,,,,,
spmv,l1d,ddr4_1x,No prefetch,none,1.0,0.8623110735313319,0.30999615128931807,0.0,0.0,0.0,,0.0,,0.0,,0.0,,0.0,,,,,,,,,,,0.0,0.0
spmv,l1d,ddr4_1x,IMP,sdist16,1.7843434343434346,0.41043491197085336,0.1783693406168758,2610892.0,150638.0,1927141.0,0.057696,0.087286,0.7381159389204915,519335.0,0.19891094691009817,435204.0,0.046438358927014874,1891387.0,0.20182008523793413,807990.0,280568.0,2.879837,6.67,57.54,7064517136.0,0.35077047693106883,29111.83,46603.83,4524541566.956885,26877888.0
spmv,l1d,ddr4_1x,Next-line,deg16,1.7423968436626667,0.39838127259976225,0.1548932405759382,3465356.0,166523.0,2693965.0,0.048054,0.095901,0.7773992051610282,590705.0,0.17046012011464334,19046913.0,0.6633984210021469,5502627.0,0.1916548924838256,1013204.0,397732.0,2.547454,7.26,57.66,7260750245.0,0.3605139285935798,32186.38,49678.38,5127129860.167288,31188800.0
spmv,l1d,ddr4_1x,Stride,deg32_dist1,1.7111721020342268,0.3485130284837627,0.2717938703315218,4272257.0,163799.0,303332.0,0.03834,0.096136,0.07100041032175733,3805155.0,0.8906662216247758,374479.0,0.08052042548991739,3863.0,0.0008306217536031417,756867.0,124268.0,6.090603,6.23,57.44,5653975063.0,0.28073362853045813,35259.26,52751.26,2005107376.794282,12420480.0
spmv,l1d,ddr4_2x,No prefetch,none,1.0,0.8653077407090849,0.3100053312901663,0.0,0.0,0.0,,0.0,,0.0,,0.0,,0.0,,,,,,,,,,,0.0,0.0
spmv,l1d,ddr4_2x,IMP,s32_dist32_addr16,1.691976809425846,0.4074682435845845,0.1787388500598525,2672913.0,154709.0,2014339.0,0.05788029763782061,0.07293699779174516,0.7536118833647036,517770.0,0.19840036662894875,437819.0,0.046653641580677835,1872775.0,0.19956140234035966,671167.0,268261.0,2.501918,,,,,,,,
spmv,l1d,ddr4_2x,Next-line,deg16,1.6539305301645337,0.39878449219425083,0.15670047106308801,3418090.0,167080.0,2628956.0,0.048881,0.096273,0.7691301282295083,607855.0,0.1778346971554289,19079309.0,0.6646543191623994,5508387.0,0.1918923379860356,820447.0,372823.0,2.200634,,,,,,,,
spmv,l1d,ddr4_2x,Stride,deg32_dist1,1.592781690140845,0.34861756350812695,0.2712692689876359,4321198.0,163543.0,307488.0,0.037847,0.095972,0.07115804459781755,3850185.0,0.890999440432954,326315.0,0.07014298795822997,4482.0,0.00096342758386463,455864.0,100013.0,4.558047,,,,,,,,
spmv,l2,ddr4_1x,No prefetch,none,1.0,0.8623110735313319,0.30999615128931807,0.0,0.0,0.0,,0.0,,0.0,,0.0,,0.0,,,,,,,,,,,0.0,0.0
spmv,l2,ddr4_1x,IMP,s32_sth2_pt8,1.7738912133891214,0.4677975974453178,0.20358107991959848,362291.0,208368.0,16873.0,0.5751398737478988,0.3776041289125361,0.046573058673828494,159749.0,0.43608187198357756,914.0,0.0024617937156924535,601.0,0.0016187505723535718,98358.0,3181.0,30.920465,6.52,57.43,5791936922.0,0.2875837707479809,29687.99,47179.99,2136103665.9748013,13219392.0
spmv,l2,ddr4_1x,Next-line,default,1.3842235862609378,0.456303572541942,0.17791887033229392,1151090.0,290540.0,41283.0,0.252404,0.512871,0.03586426778097282,794847.0,0.6905168144975632,1316.0,0.001140907246668308,113.0,9.796543987349454e-05,13349.0,903.0,14.782946,7.69,57.47,5297849055.0,0.26305110511535496,50127.76,67619.76,2976922511.93779,22794944.0
spmv,l2,ddr4_1x,Stride,deg32_dist1,1.6191567369385886,0.44995232430163856,0.20901053105817424,4516563.0,192429.0,10995.0,0.042605,0.353073,0.002434373216979371,4313102.0,0.954952250195558,125215.0,0.026974939792985677,117.0,2.520519071819929e-05,318187.0,10297.0,30.900942,6.81,57.43,5452409361.0,0.2707254006413658,42295.25,59787.25,1989145945.0794995,13021504.0
spmv,l2,ddr4_2x,No prefetch,none,1.0,0.8653077407090849,0.3100053312901663,0.0,0.0,0.0,,0.0,,0.0,,0.0,,0.0,,,,,,,,,,,0.0,0.0
spmv,l2,ddr4_2x,IMP,s32_sth2_dist32_ipd16,1.7056938159879336,0.4677728937425428,0.20429205003360945,378169.0,207279.0,16856.0,0.5481120874529641,0.375556461475744,0.044572664602333875,166592.0,0.4464238818768926,705.0,0.0018661901925749453,495.0,0.0013103037522334722,73392.0,2948.0,24.895522,,,,,,,,
spmv,l2,ddr4_2x,Next-line,deg32,1.397867737948084,0.46632748350769176,0.12845112796215272,11898254.0,649439.0,465352.0,0.054583,0.762661,0.03911094854757681,10768264.0,0.9050289227310159,6721088.0,0.3436382206184732,824228.0,0.04214142759385429,716863.0,25634.0,27.965319,,,,,,,,
spmv,l2,ddr4_2x,Stride,deg32_dist16,1.5407016348773843,0.5480966241622557,0.23710698423934987,3072068.0,144333.0,9131.0,0.046982,0.265194,0.002972264936843846,2918571.0,0.9500346346500143,53864.0,0.017129003042668595,18665.0,0.005935556991523268,209668.0,9217.0,22.747966,,,,,,,,
bfs,l1d,ddr4_1x,No prefetch,none,1.0,0.6774030303516797,0.414180139733145,0.0,0.0,0.0,,0.0,,0.0,,0.0,,0.0,,,,,,,,,,,0.0,0.0
bfs,l1d,ddr4_1x,IMP,s16_sth8,1.2211177380163465,0.47927836341387603,0.37731393505393834,5222776.0,440969.0,2596783.0,0.08443191896416771,0.07426164672042734,0.4972035944103289,2007484.0,0.38432941974697427,3029705.0,0.07527122764618165,13979724.0,0.34731796912068635,7262457.0,1133745.0,6.405724,8.06,57.69,7203452481.0,0.3576689550987963,40483.57,57975.57,3415559263.440301,77342272.0
bfs,l1d,ddr4_1x,Next-line,deg32,1.2059862995767705,0.43868811869725144,0.4635517035061627,6975209.0,448416.0,3559860.0,0.064287,0.125231,0.5103589010737886,2795598.0,0.40079057129327594,61841929.0,0.4819341055156511,55745046.0,0.4344211009481742,11656016.0,1881958.0,6.193558,10.03,57.87,9910999934.0,0.4921052786463185,40724.11,58216.11,6119774122.479308,140257088.0
bfs,l1d,ddr4_1x,Stride,default,1.336427811623634,0.4574839242346067,0.4220263843591304,1561537.0,225039.0,171084.0,0.144114,0.066842,0.10956128481105475,982691.0,0.6293100963986124,82.0,3.61109080484168e-05,466889.0,0.2056071432660643,1809486.0,282128.0,6.413706,6.0,57.41,5340942945.0,0.26519082168155667,34974.25,52466.25,1125182016.83385,23270784.0
bfs,l1d,ddr4_2x,No prefetch,none,1.0,0.6673502340899302,0.41414800364097615,0.0,0.0,0.0,,0.0,,0.0,,0.0,,0.0,,,,,,,,,,,0.0,0.0
bfs,l1d,ddr4_2x,IMP,s32_sth2_pt8,1.2899523492340013,0.4641839022287944,0.39300962077808366,5750517.0,472751.0,2840670.0,0.08221017345049149,0.08213541551745376,0.4939851495091659,2025398.0,0.37848631858623055,2838538.0,0.07287435589469397,13195359.0,0.33876710050182635,5040284.0,1032758.0,4.880411,,,,,,,,
bfs,l1d,ddr4_2x,Next-line,deg32,1.2937972146564571,0.43348311817695134,0.47422554750795776,7615469.0,465306.0,3852565.0,0.0611,0.130114,0.5058867681031858,3113203.0,0.408799904510149,60339396.0,0.4781434586102866,54560955.0,0.4323537432953457,8238383.0,1729610.0,4.763145,,,,,,,,
bfs,l1d,ddr4_2x,Stride,default,1.3521671410924325,0.4532833550140161,0.42181422681692704,1624999.0,228574.0,170049.0,0.140661,0.067824,0.10464560285883252,1046757.0,0.6441585502514156,37.0,1.6479065129273813e-05,405569.0,0.1806323774436338,1235102.0,213679.0,5.780175,,,,,,,,
bfs,l2,ddr4_1x,No prefetch,none,1.0,0.6774030303516797,0.414180139733145,0.0,0.0,0.0,,0.0,,0.0,,0.0,,0.0,,,,,,,,,,,0.0,0.0
bfs,l2,ddr4_1x,IMP,s32_ipd8_addr8,1.0854539742381402,0.5792699590185963,0.38196478548907076,2115865.0,373340.0,1037232.0,0.1764479302791057,0.2169250837422395,0.49021653082781746,626065.0,0.3405345837886468,182535.0,0.05999057424784601,513125.0,0.16863978640220223,3370801.0,167679.0,20.102702,9.55,58.93,6665185249.0,0.3309426764232361,49259.74,66751.74,3033837876.60633,77380352.0
bfs,l2,ddr4_1x,Next-line,deg1,1.1447978793903248,0.585978876332267,0.40301625492793924,1645588.0,278485.0,783983.0,0.169231,0.189856,0.4764151172711517,349939.0,0.2126528632926346,0.0,0.0,0.0,0.0,2726455.0,131577.0,20.721365,8.27,57.63,7006139368.0,0.347871878608024,40073.43,57565.43,3422539711.8519573,82633984.0
bfs,l2,ddr4_1x,Stride,default,1.2889987408478292,0.5736305184220931,0.36128854071800565,1146942.0,215245.0,82845.0,0.187669,0.150542,0.07223120262402109,787977.0,0.6870242784726691,0.0,0.0,7802.0,0.006728565095978212,13149.0,512.0,25.681641,5.89,57.55,5159252556.0,0.25616945147657094,34659.86,52151.86,1070893067.902617,22963008.0
bfs,l2,ddr4_2x,No prefetch,none,1.0,0.6673502340899302,0.41414800364097615,0.0,0.0,0.0,,0.0,,0.0,,0.0,,0.0,,,,,,,,,,,0.0,0.0
bfs,l2,ddr4_2x,IMP,s32_sth2_pt8,1.1985717686265176,0.5785930740998653,0.3800263857625689,2194049.0,390793.0,1084190.0,0.17811498284678237,0.22563457975384144,0.4941503129601937,648823.0,0.3387258866049833,123376.0,0.04212482915468658,397558.0,0.13574003719588,2010672.0,130948.0,15.354736,,,,,,,,
bfs,l2,ddr4_2x,Next-line,deg32,1.2260043827611395,0.5666114561537069,0.3696340374516868,12750135.0,653595.0,2992167.0,0.051262,0.355678,0.2346772798876247,8984760.0,0.704679597510144,26084009.0,0.5679487867316897,6454583.0,0.14054099520165747,6641128.0,595223.0,11.157378,,,,,,,,
bfs,l2,ddr4_2x,Stride,default,1.311728234252071,0.5752817397099691,0.36068778836304966,1144358.0,217106.0,82032.0,0.189719,0.151621,0.0716838611693194,786671.0,0.6874343518374495,0.0,0.0,7061.0,0.006105738841094277,6726.0,304.0,22.125,,,,,,,,
merge,l1d,ddr4_1x,No prefetch,none,1.0,0.0951809118436763,0.3578311220490022,0.0,0.0,0.0,,0.0,,0.0,,0.0,,0.0,,,,,,,,,,,0.0,0.0
merge,l1d,ddr4_1x,IMP,s32_sth8_pt8,1.1668338683788124,0.07108051836804978,0.3439379179858002,202153.0,75622.0,6754.0,0.374082996542223,0.08845019749300266,0.03341033771450337,128945.0,0.5919741807530919,1766.0,0.0009397040943109591,1103473.0,0.5871676648140413,38359.0,1424.0,26.9375,7.34,47.97,775995590.0,0.038530070486151646,47006.32,64498.32,238901282.33525488,2397952.0
merge,l1d,ddr4_1x,Next-line,deg4,1.1851436723048707,0.05113158888342239,0.3511965339769126,1589994.0,111054.0,2253.0,0.069846,0.54669,0.0014169864791942612,1475913.0,0.9282506726440477,906.0,0.00035179192555989664,857429.0,0.3329322284115857,36.0,3.0,12.0,1.43,47.33,783330445.0,0.03889426389626587,34370.46,51862.46,301855826.31454635,2962368.0
merge,l1d,ddr4_1x,Stride,deg32_dist1,1.1847815014770298,0.023081018388738016,0.33253272053346095,2098560.0,159467.0,10489.0,0.075989,0.794843,0.00499818923452272,1918494.0,0.9141954483074108,1526417.0,0.3903308774266271,273128.0,0.06984349092664704,56998.0,2114.0,26.962157,5.15,48.26,793814416.0,0.03941481858344492,61515.41,79007.41,406380198.3297702,3989248.0
merge,l1d,ddr4_2x,No prefetch,none,1.0,0.09471320271825076,0.3578520146665542,0.0,0.0,0.0,,0.0,,0.0,,0.0,,0.0,,,,,,,,,,,0.0,0.0
merge,l1d,ddr4_2x,IMP,s32_sth8,1.1788953839951624,0.07031496040729399,0.3436670693201375,214165.0,77236.0,6962.0,0.3606378259752994,0.09106000084886841,0.03250764597389863,123997.0,0.5820799534324771,1742.0,0.0009613707756529263,1070149.0,0.5905912595833545,33322.0,1131.0,29.462423,,,,,,,,
merge,l1d,ddr4_2x,Next-line,deg4,1.189686737184703,0.05087276130001099,0.3511822547893556,1561289.0,111203.0,2253.0,0.071225,0.547033,0.0014430384124912172,1447204.0,0.9269289670266043,906.0,0.0003532137578707994,880324.0,0.34320369556716734,0.0,0.0,28.714286,,,,,,,,
merge,l1d,ddr4_2x,Stride,deg32_dist1,1.2008007391438251,0.021405439537805382,0.33272241382423573,2114484.0,162543.0,10512.0,0.076871,0.813223,0.004971425652783374,1930578.0,0.9130255892217676,1494968.0,0.3825709729128835,285747.0,0.07312431289294334,41859.0,1812.0,23.100993,,,,,,,,
merge,l2,ddr4_1x,No prefetch,none,1.0,0.0951809118436763,0.3578311220490022,0.0,0.0,0.0,,0.0,,0.0,,0.0,,0.0,,,,,,,,,,,0.0,0.0
merge,l2,ddr4_1x,IMP,s32,1.145572737122033,0.07605281628158359,0.0857086066388392,85093.0,54694.0,373.0,0.6427555733139036,0.760251313558144,0.004383439295829269,38169.0,0.3820185359409092,3685.0,0.018453695496497054,86694.0,0.43414509562369485,30621.0,765.0,40.027451,9.92,48.29,742587979.0,0.03687130125705856,70592.57,88084.57,378541780.7197138,3919232.0
merge,l2,ddr4_1x,Next-line,deg4,1.1551296057205285,0.07534752545979262,0.13053983121902332,277774.0,45960.0,469.0,0.165458,0.640495,0.0016884229625522907,230835.0,0.831017301835305,0.0,0.0,31.0,0.00011158263774156742,0.0,0.0,40.421053,1.43,46.47,765825730.0,0.03802511217493973,34447.84,51939.84,297240560.96810204,2992768.0
merge,l2,ddr4_1x,Stride,deg32_dist1,1.1343996878962255,0.08154016621097417,0.11930333528727981,683886.0,48274.0,414.0,0.070588,0.746294,0.0006053640519033875,627494.0,0.9175418125243096,343135.0,0.2946611742136372,131953.0,0.11331232873653829,28222.0,952.0,29.644958,5.41,48.86,752094127.0,0.03734330465142294,73446.3,90938.3,349060160.3012534,3579008.0
merge,l2,ddr4_2x,No prefetch,none,1.0,0.09471320271825076,0.3578520146665542,0.0,0.0,0.0,,0.0,,0.0,,0.0,,0.0,,,,,,,,,,,0.0,0.0
merge,l2,ddr4_2x,IMP,s32_sth2_dist32_ipd16,1.1637647995224358,0.07635632760795039,0.06664945100239861,91741.0,58651.0,391.0,0.6393106680764326,0.8137834387834387,0.004261998452164245,36597.0,0.3696741348310067,1654.0,0.01074298036515741,48025.0,0.31192964452036553,13729.0,387.0,35.475452,,,,,,,,
merge,l2,ddr4_2x,Next-line,deg4,1.1609925558312655,0.07513019494756838,0.1301955686971017,277787.0,46031.0,476.0,0.165706,0.640824,0.0017135431103687357,230843.0,0.8310072105606093,0.0,0.0,25.0,8.998340705973818e-05,0.0,0.0,27.5,,,,,,,,
merge,l2,ddr4_2x,Stride,deg32_dist1,1.1520732788338421,0.0815328519880308,0.10434570943160028,716213.0,51287.0,425.0,0.071609,0.772592,0.0005933988911120015,658509.0,0.9194317891465248,308836.0,0.2653098041506523,133412.0,0.11460940949677766,22491.0,1013.0,22.202369,,,,,,,,
quick,l1d,ddr4_1x,No prefetch,none,1.0,0.035004918962317035,0.34397411440851905,0.0,0.0,0.0,,0.0,,0.0,,0.0,,0.0,,,,,,,,,,,0.0,0.0
quick,l1d,ddr4_1x,IMP,s32_sth2_pt8,1.1555634722717016,0.005300489118072483,0.3281420859375899,175910.0,74424.0,2299.0,0.4230799840827696,0.6051420486884687,0.013069183104996874,93804.0,0.5650911456764539,1.0,1.2356861208970586e-06,78298.0,0.0967517518939979,0.0,0.0,,6.72,57.02,385104719.0,0.019121386975433228,46985.97,64477.97,182772412.2227384,1553088.0
quick,l1d,ddr4_1x,Next-line,deg32,1.1828126899234228,0.0008931461030409133,0.3118050168088958,1970185.0,83684.0,6714.0,0.042475,0.977069,0.0034078018054142126,1879574.0,0.954008887490261,28084.0,0.01268532939216657,208124.0,0.09400802928412175,393.0,12.0,32.75,4.29,57.13,404391212.0,0.02007900831284401,55542.05,73034.05,219337287.8024996,1804480.0
quick,l1d,ddr4_1x,Stride,deg8_dist1,1.1779445587701247,0.0015631702864893646,0.33947236838972356,603831.0,79577.0,589.0,0.131787,0.957479,0.0009754384918959113,523601.0,0.8671316974451461,0.0,0.0,100.0,0.000165580184688138,0.0,0.0,477.0,1.34,57.69,396096836.0,0.019667172348777972,22601.85,40093.85,211404523.4107604,1746432.0
quick,l1d,ddr4_2x,No prefetch,none,1.0,0.035008919720362866,0.34399826141549755,0.0,0.0,0.0,,0.0,,0.0,,0.0,,0.0,,,,,,,,,,,0.0,0.0
quick,l1d,ddr4_2x,IMP,s32_dist32_addr16,1.1528373867429662,0.005101154745906671,0.3279692870032989,172896.0,74633.0,2323.0,0.43166412178419394,0.6149466485395295,0.013435822691097539,90734.0,0.5572177800705013,1.0,1.2773724958708933e-06,77420.0,0.09889417863032457,0.0,0.0,,,,,,,,,
quick,l1d,ddr4_2x,Next-line,deg16,1.1759698406907455,0.0009184277165845529,0.32520774373950007,1176617.0,82584.0,3744.0,0.070188,0.977742,0.0031820039996022496,1090037.0,0.926416157509198,294.0,0.00023113970744317029,89094.0,0.07004476562905379,160.0,12.0,13.333333,,,,,,,,
quick,l1d,ddr4_2x,Stride,deg8_dist1,1.1712693798449614,0.0014554220789662466,0.33944408070948157,603812.0,79580.0,592.0,0.131796,0.957342,0.0009804376196564494,523587.0,0.867135797234901,0.0,0.0,126.0,0.0002086279236885417,0.0,0.0,9.0,,,,,,,,
quick,l2,ddr4_1x,No prefetch,none,1.0,0.035004918962317035,0.34397411440851905,0.0,0.0,0.0,,0.0,,0.0,,0.0,,0.0,,,,,,,,,,,0.0,0.0
quick,l2,ddr4_1x,IMP,s32_dist32_addr16,1.124711049468331,0.025406168565106052,0.026453365529731362,28315.0,26303.0,19.0,0.9289422567543705,0.9231066189373202,0.0006710224262758256,5473.0,0.1818755815499136,0.0,0.0,10.0,0.0003321707357581797,0.0,0.0,,8.3,59.13,371469611.0,0.018444370663618505,51035.44,68527.44,178759174.46955308,1575296.0
quick,l2,ddr4_1x,Next-line,deg8,1.1358701996031284,0.024772650521099854,0.009677341506383184,211744.0,27697.0,756.0,0.130804,0.979766,0.0035703491008009674,183123.0,0.8648320613571104,39.0,0.00018403865755596663,109.0,0.0005143644531692401,398.0,11.0,36.181818,1.91,56.14,390002288.0,0.01936456320119089,23222.24,40714.24,212878614.6017581,1823680.0
quick,l2,ddr4_1x,Stride,default,1.1332246419005474,0.024935496309006693,0.017472047139510734,108165.0,27041.0,8.0,0.249998,0.971614,7.39610779827116e-05,80452.0,0.7437895807331392,0.0,0.0,0.0,0.0,0.0,0.0,11.0,1.36,55.49,380933024.0,0.01891425216117903,17784.1,35276.1,206516663.15534675,1773376.0
quick,l2,ddr4_2x,No prefetch,none,1.0,0.035008919720362866,0.34399826141549755,0.0,0.0,0.0,,0.0,,0.0,,0.0,,0.0,,,,,,,,,,,0.0,0.0
quick,l2,ddr4_2x,IMP,s32_dist8_addr16,1.1210294458613494,0.02528795400371906,0.02647783251231527,28397.0,26300.0,19.0,0.9261541712152692,0.9230337275822131,0.0006690847624749093,5729.0,0.18878307575707648,0.0,0.0,10.0,0.00032938076416337287,0.0,0.0,,,,,,,,,
quick,l2,ddr4_2x,Next-line,deg16,1.1309941520467837,0.02475757246267795,0.009182503770739064,394872.0,27747.0,1170.0,0.070268,0.980044,0.0029629854737737798,365843.0,0.9264850381895906,268.0,0.0006774725219167416,403.0,0.0010187366654195778,316.0,16.0,19.75,,,,,,,,
quick,l2,ddr4_2x,Stride,deg8_dist1,1.1279598740230956,0.02476799434725105,0.01558783400345323,205788.0,27203.0,19.0,0.132189,0.956438,9.232802690147142e-05,178499.0,0.8673926565203024,0.0,0.0,0.0,0.0,0.0,0.0,340.666667,,,,,,,,
matmult,l1d,ddr4_1x,No prefetch,none,1.0,0.5425800049754687,0.005070230675081171,0.0,0.0,0.0,,0.0,,0.0,,0.0,,0.0,,,,,,,,,,,0.0,0.0
matmult,l1d,ddr4_1x,IMP,s64_ipd16_addr16,1.059652029826015,0.5374172566384098,0.005074519297402681,24225.0,3014.0,4710.0,0.12441692466460268,0.002616001527592133,0.19442724458204336,21515.0,0.6192614339579195,49009.0,0.017024751875070996,1300507.0,0.45177026641622875,965365.0,536710.0,1.798672,3.9,56.96,515588559.0,0.02560022734165713,38442.71,55934.71,190107054.78031245,229632.0
matmult,l1d,ddr4_1x,Next-line,deg8,1.0356275303643725,0.536986353922218,0.005063421326425384,29421.0,8886.0,11843.0,0.302029,0.008257,0.4025356038204004,7911.0,0.2688895686754359,8070230.0,0.9379382658957119,485604.0,0.0564378677772531,950089.0,514882.0,1.845256,6.44,57.92,498247850.0,0.024739218917563064,36131.79,53623.79,175303672.59882814,216576.0
matmult,l1d,ddr4_1x,Stride,deg16_dist1,1.066722268557131,0.5352245323402232,0.005065778265024186,16594.0,3806.0,2328.0,0.22936,0.003536,0.14029167168856213,9388.0,0.5657466554176208,45171.0,0.05035033785365397,87093.0,0.09707914313803735,987067.0,537108.0,1.837744,4.25,57.74,518842555.0,0.02576179616609034,42298.65,59790.65,202988207.00733143,243328.0
matmult,l1d,ddr4_2x,No prefetch,none,1.0,0.5435125964346933,0.004959456788703016,0.0,0.0,0.0,,0.0,,0.0,,0.0,,0.0,,,,,,,,,,,0.0,0.0
matmult,l1d,ddr4_2x,IMP,s64_sth2_pt8,1.0656814449917897,0.5377782242708988,0.0050029807154641365,21277.0,2954.0,3470.0,0.13883536212811956,0.0025600759876312105,0.16308690134887438,19387.0,0.6086396885693656,51392.0,0.017795328103093234,1297053.0,0.44912600603404007,980491.0,537693.0,1.823515,,,,,,,,
matmult,l1d,ddr4_2x,Next-line,deg8,1.0510121457489878,0.5369853217191786,0.005045804415009818,25062.0,8702.0,10760.0,0.347219,0.008097,0.4293352485835129,5016.0,0.2001436437634666,8063361.0,0.9389724354117082,481184.0,0.05603352155027505,984956.0,519065.0,1.897558,,,,,,,,
matmult,l1d,ddr4_2x,Stride,deg16_dist1,1.0807660283097418,0.5359326169614503,0.005027861575470702,15634.0,3477.0,2385.0,0.2224,0.00323,0.15255212997313547,8767.0,0.5607649993603684,39317.0,0.04402932675456033,94388.0,0.10570084425844903,954706.0,524159.0,1.821405,,,,,,,,
matmult,l2,ddr4_1x,No prefetch,none,1.0,0.5425800049754687,0.005070230675081171,0.0,0.0,0.0,,0.0,,0.0,,0.0,,0.0,,,,,,,,,,,0.0,0.0
matmult,l2,ddr4_1x,IMP,s32_ipd16_addr16,1.0614107883817427,0.5420075570735013,0.0015507578179007068,5773.0,3771.0,23.0,0.65321323402044,0.6931985294117647,0.00398406374501992,2522.0,0.3815431164901664,0.0,0.0,378.0,0.05083378160301237,241.0,14.0,17.214286,9.39,57.02,501312477.0,0.024891385110058777,50297.44,67789.44,209154439.6436197,256256.0
matmult,l2,ddr4_1x,Next-line,deg32,1.0978540772532188,0.5424203729964132,0.0008335813678337733,105613.0,4711.0,285.0,0.044606,0.868067,0.0026985314307897703,99804.0,0.9449973014685692,10983.0,0.082663475433526,14807.0,0.11144478564547206,6303.0,282.0,22.351064,3.11,60.02,599565239.0,0.02976987397533581,60891.65,78383.65,304781743.51382124,355072.0
matmult,l2,ddr4_1x,Stride,deg4_dist1,1.0711892797319933,0.5416197475533475,0.001867595637697585,16110.0,3417.0,5.0,0.212104,0.766315,0.00031036623215394165,11724.0,0.7277467411545624,0.0,0.0,0.0,0.0,62.0,3.0,20.666667,1.3,56.83,516747865.0,0.02565778970730797,24523.49,42015.49,231566095.46211588,276416.0
matmult,l2,ddr4_2x,No prefetch,none,1.0,0.5435125964346933,0.004959456788703016,0.0,0.0,0.0,,0.0,,0.0,,0.0,,0.0,,,,,,,,,,,0.0,0.0
matmult,l2,ddr4_2x,IMP,s32_ipd16_addr16,1.0780730897009967,0.5420313426498343,0.0015018053222198501,6106.0,3776.0,5.0,0.61840812315755,0.700037078235076,0.0008188666885031117,2297.0,0.3575653798256538,0.0,0.0,288.0,0.04086265607264472,575.0,18.0,31.944444,,,,,,,,
matmult,l2,ddr4_2x,Next-line,deg16,1.1208981001727114,0.5421773244794644,0.0007446064713071506,69087.0,4824.0,303.0,0.069825,0.87965,0.004385774458291719,63287.0,0.9160478816564621,7858.0,0.1008211444701052,361.0,0.0046317680266871955,4269.0,241.0,17.713693,,,,,,,,
matmult,l2,ddr4_2x,Stride,deg32_dist1,1.0871021775544387,0.5415007079605451,0.001373685061105301,94102.0,3958.0,10.0,0.042061,0.774711,0.00010626766699963868,89812.0,0.954411170857155,32.0,0.00033428744541712805,1482.0,0.015481687315880743,263.0,18.0,14.611111,,,,,,,,
