benchmark,pf_level,memory,family,config,speedup_vs_nopf,simSeconds,l1d_miss_rate,l2_miss_rate,pf_issued,pf_useful,pf_unused,pf_accuracy,pf_coverage,pf_unused_ratio,pf_per_demand_access,pf_late,pf_late_ratio,pf_removed_full,pf_removed_full_ratio,pf_removed_demand,pf_removed_demand_ratio,pf_buffer_hit,pf_buffer_hit_ratio,blocked_cycles_no_mshrs,blocked_causes_no_mshrs,avg_blocked_no_mshrs,mem_avg_rdq_len,mem_avg_wrq_len,mem_num_rd_retry,mem_num_wr_retry,dram_bw_total,dram_bw_utilization,dram_avg_q_lat,dram_avg_mem_acc_lat,prefetcher_read_rate,prefetcher_read_bytes,run,prefetcher,simTicks,simInsts,simOps,numCycles,ipc,l1d_demand_misses,l1d_demand_accesses,l2_demand_misses,l2_demand_accesses,l1d_demand_miss_latency,l1d_demand_avg_miss_latency,l2_demand_miss_latency,l2_demand_avg_miss_latency,l1d_blocked_cycles_no_mshrs,l1d_blocked_causes_no_mshrs,l1d_avg_blocked_no_mshrs,l2_blocked_cycles_no_mshrs,l2_blocked_causes_no_mshrs,l2_avg_blocked_no_mshrs,l1d_demand_mshr_hits,l1d_demand_mshr_misses,l1d_demand_mshr_miss_rate,l1d_demand_avg_mshr_miss_latency,l2_demand_mshr_hits,l2_demand_mshr_misses,l2_demand_mshr_miss_rate,l2_demand_avg_mshr_miss_latency,mem_avg_read_bw_sys,mem_avg_write_bw_sys,dram_bw_read_total,dram_bw_write_total,dram_peak_bw,dram_avg_rd_bw,dram_avg_wr_bw,dram_avg_bus_lat,load_to_use_samples,load_to_use_mean,load_to_use_stdev,load_to_use_overflows,load_to_use_min,load_to_use_max,added_loads_and_stores,l1d_pf_issued,l1d_pf_useful,l1d_pf_unused,l1d_prefetcher_accuracy,l1d_prefetcher_coverage,l1d_pf_late,l1d_pf_hit_in_cache,l1d_pf_hit_in_mshr,l1d_pf_hit_in_wb,l1d_pf_identified,l1d_pf_buffer_hit,l1d_pf_in_cache,l1d_pf_removed_demand,l1d_pf_removed_full,l1d_pf_span_page,l1d_pf_useful_span_page,l2_pf_issued,l2_pf_useful,l2_pf_unused,l2_prefetcher_accuracy,l2_prefetcher_coverage,l2_pf_late,l2_pf_hit_in_cache,l2_pf_hit_in_mshr,l2_pf_hit_in_wb,l2_pf_identified,l2_pf_buffer_hit,l2_pf_in_cache,l2_pf_removed_demand,l2_pf_removed_full,l2_pf_span_page,l2_pf_useful_span_page,l1d_prefetcher_read_bytes,l1d_prefetcher_read_rate,l1d_prefetcher_read_accesses,l1d_prefetcher_read_avg_lat,l2_prefetcher_read_bytes,l2_prefetcher_read_rate,l2_prefetcher_read_accesses,l2_prefetcher_read_avg_lat,pf_identified,source_file,nopf_simSeconds,pf_accuracy_calc,pf_coverage_calc,pf_hit_in_cache,pf_hit_in_mshr,pf_hit_in_wb,pf_accuracy_direct,pf_coverage_direct,imp_default_simSeconds,improvement_over_stage2_best_pct,pf_coverage_l1d,speedup_vs_imp_default,speedup_vs_stage1_best,speedup_vs_stage2_best,stage,stage1_best_config,stage1_best_simSeconds,stage1_best_speedup,stage2_best_config,stage2_best_simSeconds,stage2_best_speedup_vs_nopf,label
simple_triad,l1d,ddr4_1x,No prefetch,none,1.0,0.002897,0.9963848019950463,0.99997335997336,0.0,0.0,0.0,,0.0,,0.0,0.0,,0.0,,0.0,,0.0,,,,,,,,,,,,,0.0,0.0,,,,,,,,,,,,,,,,,,,,,,,,,,,,,,,,,,,,,,,,,,,,,,,,,,,,,,,,,,,,,,,,,,,,,,,,,,,,,,,,,,,,,,,,,,,,,,,,,,,,,,,,,,,,
simple_triad,l1d,ddr4_1x,IMP,s8_sth8,1.045093795093795,0.002772,0.909247341878913,0.9999733603991677,949656.0,41411.0,2.0,0.04360631639246211,0.022224201952526904,4.648946432514731e-06,0.47393581582670624,1444931.0,0.8549381693390924,0.0,0.0,20148.0,0.005153646342913928,36807.0,0.009414843207446543,4097.0,65.0,63.030769,10.34,58.5,0.0,0.0,11544937683.0,0.573234266298109,47631.28,65123.28,5625145726.583125,15690816.0,simple_triad_imp_stage2_s8_sth8_l1d_ddr4_1x,imp,2771957601.0,3509964.0,4011166.0,8324198.0,0.42166,1821918.0,2003765.0,375371.0,375381.0,154853489140.0,77978.873987,34887760852.0,92942.82105,4097.0,65.0,63.030769,0.0,0.0,,1855897.0,129942.0,0.064849,89702.502216,,375368.0,0.999973,92609.821937,8612425311.095833,2932535315.4426904,8612402367.0,2932535315.0,19207.0,8612.425311,2932.44354,3332.0,1001741.0,195.283697,156.290864,158341.0,2.0,1855.0,2004885.0,949656.0,41411.0,2.0,0.000845,0.01087,1444931.0,2632.0,1442299.0,0.0,3909465.0,36807.0,0.0,20148.0,0.0,32915.0,0.0,,,,,,,,,,,,,,,,,15690816.0,5625145726.583125,245169.0,67066.68,,,,,3909465.0,imp\imp_all_stages_including_stage3_vs_nopf.csv,0.002897,0.04360631639246211,0.022224201952526904,2632.0,1442299.0,0.0,0.000845,0.01087,0.00279,-3.5826086956521674,0.0227293434720991,1.0064935064935063,1.006132756132756,0.9641739130434784,stage2,sthr8,0.002789,1.0003585514521334,cons_s8_sth8_pt8_ipd8,0.002772,1.045093795093795,stage2: s8_sth8
simple_triad,l1d,ddr4_1x,Next-line,deg4,1.0985968904057641,0.002637,0.964147832301286,0.9999494072661816,490421.0,9050.0,92.0,0.018454,0.592239,0.00018759392440372658,0.24474743784759234,121367.0,0.24747512851203354,0.0,0.0,324774.0,0.04346701849932024,6118898.0,0.8189394858007526,287.0,7.0,41.0,10.71,58.59,0.0,0.0,12218356256.0,0.6066711381292669,51330.23,68822.23,8958333236.615158,23618880.0,simple_triad_nextline_deg4_l1d_ddr4_1x,nextline,2636526168.0,3509906.0,4011114.0,7917497.0,0.443312,1931944.0,2003784.0,375529.0,375548.0,118348513351.0,61258.770105,36409884936.0,96956.253541,287.0,7.0,41.0,0.0,0.0,,1925713.0,6231.0,0.00311,74144.419355,,375529.0,0.999949,96623.252654,9115728222.88028,3102652307.9060903,9115703949.0,3102652308.0,19207.0,9115.728223,3102.676582,3332.0,1001734.0,181.451566,157.524728,157494.0,2.0,1838.0,2004855.0,490421.0,9050.0,92.0,0.018454,0.592239,121367.0,428.0,120939.0,0.0,7471734.0,6118898.0,0.0,324774.0,0.0,292246.0,4624.0,,,,,,,,,,,,,,,,,23618880.0,8958333236.615158,369045.0,69237.8,,,,,7471734.0,nextline\nextline_results_vs_nopf.csv,0.002897,0.01845353278101876,0.004662559492713527,428.0,120939.0,0.0,0.018454,0.592239,,,,,,,,,,,,,,
simple_triad,l1d,ddr4_1x,Stride,deg4_dist1,1.1795602605863191,0.002456,0.9861181326153516,0.9999733614636277,374212.0,1807.0,5.0,0.004829,0.10073,1.3361410109777345e-05,0.18675443477653317,15215.0,0.04065877096405246,0.0,0.0,77399.0,0.05458444760389515,953614.0,0.6725215237579409,21855.0,1943.0,11.24807,10.26,58.88,0.0,0.0,13113019504.0,0.6510933467745625,45299.79,62791.79,9355158888.047842,22975808.0,simple_triad_stride_deg4_dist1_l1d_ddr4_1x,stride,2455950591.0,3509957.0,4011166.0,7375228.0,0.475914,1975949.0,2003765.0,375386.0,375396.0,110431587189.0,55887.873214,34128837307.0,90916.649281,21855.0,1943.0,11.24807,0.0,0.0,,1959817.0,16132.0,0.008051,121863.715596,,375386.0,0.999973,90583.650168,9782242398.540174,3330803164.35405,9782216339.0,3330803164.0,19207.0,9782.242399,3330.698928,3332.0,1001741.0,165.560619,154.380739,160281.0,2.0,1881.0,2004880.0,374212.0,1807.0,5.0,0.004829,0.10073,15215.0,230.0,14985.0,0.0,1417968.0,953614.0,0.0,77399.0,0.0,82032.0,113.0,,,,,,,,,,,,,,,,,22975808.0,9355158888.047842,358997.0,61431.7,,,,,1417968.0,stride\stride_results_vs_nopf.csv,0.002897,0.0048288136136735325,0.000913661745938326,230.0,14985.0,0.0,0.004829,0.10073,,,,,,,,,,,,,,
simple_triad,l1d,ddr4_2x,No prefetch,none,1.0,0.002605,0.9980875943663884,0.999973359831421,0.0,0.0,0.0,,0.0,,0.0,0.0,,0.0,,0.0,,0.0,,,,,,,,,,,,,0.0,0.0,,,,,,,,,,,,,,,,,,,,,,,,,,,,,,,,,,,,,,,,,,,,,,,,,,,,,,,,,,,,,,,,,,,,,,,,,,,,,,,,,,,,,,,,,,,,,,,,,,,,,,,,,,,,
simple_triad,l1d,ddr4_2x,IMP,s64_sth8_pt8,1.3077309236947792,0.001992,0.6830249091495237,0.9999733629537287,545558.0,150579.0,1.0,0.27600915026449985,0.09911384081519009,1.8329856770499196e-06,0.2722559962312398,395364.0,0.662857487752618,84265.0,0.014456430327949008,270753.0,0.046450149891214355,3739562.0,0.64155601388531,727131.0,43105.0,16.868832,,,,,,,,,,,simple_triad_imp3_s64_sth8_pt8_l1d_ddr4_2x,imp,1991676996.0,3510081.0,4011305.0,5981012.0,0.586874,1368674.0,2003842.0,375407.0,375417.0,85474172570.0,61702.709943,26213765319.0,69827.401971,727131.0,43105.0,16.868832,0.0,0.0,,1211197.0,174061.0,0.086865,69542.216826,,375408.0,0.999973,69494.401971,,,,,,,,,1001758.0,62.340058,115.415666,34088.0,2.0,1809.0,2004928.0,545558.0,150579.0,1.0,0.24901,0.460417,395364.0,253629.0,141735.0,0.0,5828894.0,3739562.0,0.0,270753.0,84265.0,331922.0,0.0,,,,,,,,,,,,,,,,,,,,,,,,,5828894.0,imp\imp_all_stages_including_stage3_vs_nopf.csv,0.002605,0.27600915026449985,0.09911384081519009,253629.0,141735.0,0.0,0.24901,0.460417,0.002258,5.421686746987953,0.1048001830307803,1.075238095238095,1.011904761904762,1.0542168674698795,stage3,sdist16,0.002125,1.0625882352941176,s16_sth8,0.0021,1.2404761904761905,stage3: s64_sth8_pt8
simple_triad,l1d,ddr4_2x,Next-line,deg32,1.3574778530484628,0.001919,0.6056743230221138,0.9993274371100531,1174029.0,151206.0,687.0,0.128792,0.595977,0.0005851644209810831,0.5858811129869268,900621.0,0.7671198922684193,16566269.0,0.48016125110031543,48711.0,0.0014118528862683243,16128318.0,0.46746756007787493,507530.0,30462.0,16.661086,,,,,,,,,,,simple_triad_nextline_deg32_l1d_ddr4_2x,nextline,1919434977.0,3510084.0,4011327.0,5764069.0,0.608963,1213692.0,2003869.0,375920.0,376173.0,66310010535.0,54634.95725,26395028939.0,70214.484303,507530.0,30462.0,16.661086,0.0,0.0,,1111187.0,102505.0,0.051154,73858.712804,,375920.0,0.999327,69881.478102,,,,,,,,,1001765.0,75.012502,120.598974,37093.0,2.0,1854.0,2004993.0,1174029.0,151206.0,687.0,0.128792,0.595977,900621.0,480784.0,419837.0,0.0,34501470.0,16128318.0,0.0,48711.0,16566269.0,9175266.0,1793341.0,,,,,,,,,,,,,,,,,,,,,,,,,34501470.0,nextline\nextline_results_vs_nopf.csv,0.002605,0.12879238928510284,0.11078190458188085,480784.0,419837.0,0.0,0.128792,0.595977,,,,,,,,,,,,,,
simple_triad,l1d,ddr4_2x,Stride,deg1_dist8,1.4281798245614035,0.001824,0.871563826835437,0.9999733621732204,320707.0,51040.0,12.0,0.159148,0.48392,3.741733108413599e-05,0.16004716971716135,0.0,0.0,0.0,0.0,1561.0,0.004837759940496482,402.0,0.0012458548981932004,232914.0,16651.0,13.987989,,,,,,,,,,,simple_triad_stride_deg1_dist8_l1d_ddr4_2x,stride,1823597577.0,3510110.0,4011355.0,5476269.0,0.640971,1746464.0,2003828.0,375396.0,375406.0,72412317654.0,41462.244658,25333121572.0,67483.728042,232914.0,16651.0,13.987989,0.0,0.0,,1692032.0,54432.0,0.027164,67241.402925,,375396.0,0.999973,67150.728929,,,,,,,,,1001762.0,115.16006,124.881378,64020.0,2.0,1673.0,2004980.0,320707.0,51040.0,12.0,0.159148,0.48392,0.0,0.0,0.0,0.0,322670.0,402.0,0.0,1561.0,0.0,52734.0,326.0,,,,,,,,,,,,,,,,,,,,,,,,,322670.0,stride\stride_results_vs_nopf.csv,0.002605,0.15914838154452507,0.028394929858292388,0.0,0.0,0.0,0.159148,0.48392,,,,,,,,,,,,,,
simple_triad,l2,ddr4_1x,No prefetch,none,1.0,0.002897,0.9963848019950463,0.99997335997336,0.0,0.0,0.0,,0.0,,0.0,0.0,,0.0,,0.0,,0.0,,,,,,,,,,,,,0.0,0.0,,,,,,,,,,,,,,,,,,,,,,,,,,,,,,,,,,,,,,,,,,,,,,,,,,,,,,,,,,,,,,,,,,,,,,,,,,,,,,,,,,,,,,,,,,,,,,,,,,,,,,,,,,,,
simple_triad,l2,ddr4_1x,IMP,s2_sth2,1.1082631981637336,0.002614,0.9866805472309322,0.9620057915726491,704306.0,14252.0,2.0,0.020235522627948647,0.03796857974813714,2.8396748004418532e-06,1.8762830571191855,343254.0,0.4946322399914692,0.0,0.0,1.0,1.4410052452590927e-06,1.0,1.4410052452590927e-06,0.0,0.0,39.060821,13.33,59.84,0.0,0.0,12135635007.0,0.6025638267015402,60664.97,78156.97,8458186662.873248,22445056.0,simple_triad_imp_stage2_s2_sth2_l2_ddr4_1x,imp,2614332051.0,3509939.0,4011137.0,7850848.0,0.44708,1977072.0,2003761.0,361111.0,375373.0,115748499636.0,58669.455619,23794690491.0,66789.488949,0.0,0.0,,0.0,0.0,39.060821,1597784.0,375108.0,0.187202,64363.025441,331597.0,24667.0,0.065713,102943.344874,9053098869.215618,3082560255.776434,9053074751.0,3082560256.0,19207.0,9053.098869,3082.825551,3332.0,1001739.0,167.407874,163.440673,160171.0,2.0,1896.0,2004874.0,,,,,,,,,,,,,,,,,704306.0,14252.0,2.0,0.027525,0.436415,343254.0,6875.0,336379.0,0.0,693960.0,1.0,0.0,1.0,0.0,17816.0,0.0,,,,,22445056.0,8458186662.873248,350704.0,78327.83,693960.0,imp\imp_all_stages_including_stage3_vs_nopf.csv,0.002897,0.020235522627948647,0.03796857974813714,6875.0,336379.0,0.0,0.027525,0.436415,0.002935,-9.8309761986892,0.0072086398472083,1.1228003060443763,1.015302218821729,0.901690238013108,stage2,sdist2,0.002654,1.1058779201205726,s2_sth2,0.002614,1.1082631981637336,stage2: s2_sth2
simple_triad,l2,ddr4_1x,Next-line,deg8,1.2167156656866862,0.002381,0.9823303321646042,0.8988051948051948,526192.0,37976.0,138.0,0.072171,0.846168,0.0002622616839480646,1.4017768897768899,157093.0,0.29854691823516893,36.0,1.2895026603156272e-05,317827.0,0.11384410056114858,1943138.0,0.6960226723223298,1147.0,20.0,57.35,14.8,98.33,0.0,0.0,13541025752.0,0.6723448991241749,70182.54,87674.54,9918936692.620564,23618560.0,simple_triad_nextline_deg8_l2_ddr4_1x,nextline,2381158458.0,3510062.0,4011305.0,7150626.0,0.490877,1968478.0,2003886.0,337389.0,375375.0,97815742344.0,49691.05184,19677319308.0,58322.349893,0.0,0.0,,1147.0,20.0,57.35,1593373.0,375105.0,0.187189,53626.883545,330485.0,6904.0,0.018392,147699.196842,10104527029.338928,3436525600.599068,10104500152.0,3436525601.0,19207.0,10104.527029,3437.197542,3332.0,1001758.0,141.038303,147.043663,110236.0,2.0,1899.0,2005062.0,,,,,,,,,,,,,,,,,526192.0,37976.0,138.0,0.072171,0.846168,157093.0,30086.0,127007.0,0.0,2791774.0,1943138.0,0.0,317827.0,36.0,211146.0,18371.0,,,,,23618560.0,9918936692.620564,369040.0,87062.07,2791774.0,nextline\nextline_results_vs_nopf.csv,0.002897,0.07217137470733116,0.10117086036258043,30086.0,127007.0,0.0,0.072171,0.846168,,,,,,,,,,,,,,
simple_triad,l2,ddr4_1x,Stride,deg4_dist4,1.2254653130287647,0.002364,0.9609546936710074,0.8044878625775239,559192.0,73379.0,8.0,0.131223,0.712037,1.430635631411036e-05,1.4897167579548602,213483.0,0.3817704831256527,0.0,0.0,4392.0,0.0032590160917629705,769928.0,0.5713132380461932,172636.0,4772.0,36.176865,14.8,95.86,0.0,0.0,13620159755.0,0.6762740950535504,69555.2,87047.2,9357448237.8878,22125376.0,simple_triad_stride_deg4_dist4_l2_ddr4_1x,stride,2364466833.0,3510082.0,4011325.0,7100501.0,0.494345,1925586.0,2003826.0,301979.0,375368.0,87110053083.0,45238.204413,17822831823.0,59020.103461,0.0,0.0,,172636.0,4772.0,36.176865,1550479.0,375107.0,0.187195,49070.008659,272303.0,29676.0,0.079058,136560.605641,10160700782.390717,3459486039.658904,10160673715.0,3459486040.0,19207.0,10160.700782,3459.594309,3332.0,1001763.0,134.778094,153.677892,119996.0,2.0,1888.0,2004959.0,,,,,,,,,,,,,,,,,559192.0,73379.0,8.0,0.131223,0.712037,213483.0,9575.0,203908.0,0.0,1347646.0,769928.0,0.0,4392.0,0.0,152326.0,5133.0,,,,,22125376.0,9357448237.8878,345709.0,85130.31,1347646.0,stride\stride_results_vs_nopf.csv,0.002897,0.131223264996638,0.1954907048737472,9575.0,203908.0,0.0,0.131223,0.712037,,,,,,,,,,,,,,
simple_triad,l2,ddr4_2x,No prefetch,none,1.0,0.002605,0.9980875943663884,0.999973359831421,0.0,0.0,0.0,,0.0,,0.0,0.0,,0.0,,0.0,,0.0,,,,,,,,,,,,,0.0,0.0,,,,,,,,,,,,,,,,,,,,,,,,,,,,,,,,,,,,,,,,,,,,,,,,,,,,,,,,,,,,,,,,,,,,,,,,,,,,,,,,,,,,,,,,,,,,,,,,,,,,,,,,,,,,
simple_triad,l2,ddr4_2x,IMP,s32_sth2_dist32_ipd16,1.4759206798866855,0.001765,0.9504234391140965,0.3746000465887154,572652.0,233565.0,647.0,0.4078655099432116,0.625389923180113,0.0011298310317609996,1.5332828175998243,282224.0,0.47481283332492136,227686.0,0.13564437422515013,48513.0,0.02890171344212955,791927.0,0.47179203968184463,276052.0,10368.0,26.625386,,,,,,,,,,,simple_triad_imp3_s32_sth2_dist32_ipd16_l2_ddr4_2x,imp,1764783783.0,3510115.0,4011360.0,5299651.0,0.662333,1904487.0,2003830.0,139906.0,373481.0,50706872671.0,26948.891563,7900623510.0,60404.167635,0.0,0.0,,276052.0,10368.0,26.625386,1506485.0,375109.0,0.187196,24961.053547,67813.0,62983.0,0.16849,83890.6956,,,,,,,,,1001762.0,58.765438,106.201676,30888.0,2.0,1827.0,2004970.0,,,,,,,,,,,,,,,,,572652.0,233565.0,647.0,0.408826,0.794163,282224.0,138634.0,143590.0,0.0,1678551.0,791927.0,0.0,48513.0,227686.0,408169.0,0.0,,,,,,,,,1678551.0,imp\imp_all_stages_including_stage3_vs_nopf.csv,0.002605,0.4078655099432116,0.625389923180113,138634.0,143590.0,0.0,0.408826,0.794163,0.002264,8.21529745042493,0.1291831427754676,1.1853403141361256,1.0010471204188482,1.0821529745042493,stage3,sdist16,0.001912,1.184100418410042,s16_pt8_sth2,0.00191,1.3638743455497382,stage3: s32_sth2_dist32_ipd16
simple_triad,l2,ddr4_2x,Next-line,deg8,1.690460739779364,0.001541,0.9793378737946054,0.8965959101904244,574939.0,38805.0,138.0,0.067494,0.863696,0.00024002546357091795,1.5316512686082073,205063.0,0.356669142291617,17.0,6.089370466553237e-06,303394.0,0.10867520372526193,1903509.0,0.681833616906958,221.0,12.0,18.416667,,,,,,,,,,,simple_triad_nextline_deg8_l2_ddr4_2x,nextline,1541219904.0,3510083.0,4011326.0,4628288.0,0.758402,1962503.0,2003908.0,336557.0,375372.0,62350070184.0,31770.687833,12409539702.0,36872.029707,0.0,0.0,,221.0,12.0,18.416667,1587398.0,375105.0,0.187187,34346.839149,330433.0,6124.0,0.016314,74649.692685,,,,,,,,,1001759.0,91.776022,116.431263,51614.0,2.0,1744.0,2005095.0,,,,,,,,,,,,,,,,,574939.0,38805.0,138.0,0.067494,0.863696,205063.0,36635.0,168428.0,0.0,2791750.0,1903509.0,0.0,303394.0,17.0,211146.0,2294.0,,,,,,,,,2791750.0,nextline\nextline_results_vs_nopf.csv,0.002605,0.06749411676717008,0.10338020364341623,36635.0,168428.0,0.0,0.067494,0.863696,,,,,,,,,,,,,,
simple_triad,l2,ddr4_2x,Stride,deg8_dist4,1.6404282115869018,0.001588,0.9533892595679274,0.5250216302246339,688308.0,177858.0,397.0,0.258399,0.811059,0.0005767766755580351,1.8380563774447494,354392.0,0.5148741551747182,53994.0,0.02077666413599299,43210.0,0.01662702628655512,1791697.0,0.6894374708757683,209615.0,9430.0,22.228526,,,,,,,,,,,simple_triad_stride_deg8_dist4_l2_ddr4_2x,stride,1588193550.0,3510133.0,4011378.0,4769350.0,0.735981,1910430.0,2003830.0,196608.0,374476.0,44386384185.0,23233.713973,7941938630.0,40394.788767,0.0,0.0,,209615.0,9430.0,22.228526,1535321.0,375109.0,0.187196,24256.755498,155175.0,41433.0,0.110643,93098.927956,,,,,,,,,1001767.0,67.580901,115.116909,38334.0,2.0,1929.0,2004983.0,,,,,,,,,,,,,,,,,688308.0,177858.0,397.0,0.258399,0.811059,354392.0,130711.0,223681.0,0.0,2598781.0,1791697.0,0.0,43210.0,53994.0,393963.0,166841.0,,,,,,,,,2598781.0,stride\stride_results_vs_nopf.csv,0.002605,0.2583988563259471,0.4749643492333082,130711.0,223681.0,0.0,0.258399,0.811059,,,,,,,,,,,,,,
spmv,l1d,ddr4_1x,No prefetch,none,1.0,0.010599,0.8623110735313319,0.30999615128931807,0.0,0.0,0.0,,0.0,,0.0,0.0,,0.0,,0.0,,0.0,,,,,,,,,,,,,0.0,0.0,,,,,,,,,,,,,,,,,,,,,,,,,,,,,,,,,,,,,,,,,,,,,,,,,,,,,,,,,,,,,,,,,,,,,,,,,,,,,,,,,,,,,,,,,,,,,,,,,,,,,,,,,,,,
spmv,l1d,ddr4_1x,IMP,sdist16,1.7843434343434346,0.00594,0.41043491197085336,0.1783693406168758,2610892.0,150638.0,1927141.0,0.057696,0.087286,0.7381159389204915,0.540965482032407,519335.0,0.19891094691009817,435204.0,0.046438358927014874,309730.0,0.03304967994426594,1891387.0,0.20182008523793413,807990.0,280568.0,2.879837,6.67,57.54,0.0,0.0,7064517136.0,0.35077047693106883,29111.83,46603.83,4524541566.956885,26877888.0,spmv_imp_sdist16_l1d_ddr4_1x,imp,5940466587.0,11279576.0,11329125.0,17839239.0,0.633635,1980905.0,4826356.0,654062.0,3666897.0,37924371666.0,19144.972458,48672209838.0,74415.284542,807990.0,280568.0,2.879837,0.0,0.0,,405750.0,1575155.0,0.326365,16036.3156,,654062.0,0.178369,74082.285051,7046579151.140338,17948758.47519013,7046568378.0,17948758.0,19207.0,7046.503736,17.280797,3332.0,4767008.0,27.006438,66.910848,36501.0,2.0,1765.0,4865155.0,2610892.0,150638.0,1927141.0,0.057696,0.087286,519335.0,413447.0,104974.0,914.0,9371649.0,1891387.0,0.0,309730.0,435204.0,22281327.0,0.0,,,,,,,,,,,,,,,,,26877888.0,4524541566.956885,419967.0,50197.98,,,,,9371649.0,imp\imp_all_stages_including_stage3_vs_nopf.csv,0.010599,0.057695990489074235,0.07067087081987086,413447.0,104974.0,914.0,0.057696,0.087286,0.006737,-0.1177064065915556,0.076045040019587,1.1341750841750842,1.0,0.9988229359340844,stage1,sdist16,0.00594,1.1341750841750842,s16_dist8_addr16,0.00594,1.7843434343434346,stage1: sdist16
spmv,l1d,ddr4_1x,Next-line,deg16,1.7423968436626667,0.006083,0.39838127259976225,0.1548932405759382,3465356.0,166523.0,2693965.0,0.048054,0.095901,0.7773992051610282,0.7181680120830494,590705.0,0.17046012011464334,19046913.0,0.6633984210021469,310296.0,0.010807519120987331,5502627.0,0.1916548924838256,1013204.0,397732.0,2.547454,7.26,57.66,0.0,0.0,7260750245.0,0.3605139285935798,32186.38,49678.38,5127129860.167288,31188800.0,spmv_nextline_deg16_l1d_ddr4_1x,nextline,6083091486.0,11279581.0,11329130.0,18267542.0,0.618779,1922298.0,4825272.0,688456.0,4444713.0,33438567953.0,17395.101047,53424922327.0,77601.070115,1013204.0,397732.0,2.547454,0.0,0.0,,352417.0,1569881.0,0.325346,16115.403487,,688456.0,0.154893,77268.070599,7243222315.726323,17538450.67849765,7243211795.0,17538451.0,19207.0,7243.138148,16.886151,3332.0,4767008.0,24.591747,61.533491,28636.0,2.0,1783.0,4866859.0,3465356.0,166523.0,2693965.0,0.048054,0.095901,590705.0,501903.0,87553.0,1249.0,28711122.0,5502627.0,0.0,310296.0,19046913.0,4710062.0,278447.0,,,,,,,,,,,,,,,,,31188800.0,5127129860.167288,487325.0,51740.93,,,,,28711122.0,nextline\nextline_results_vs_nopf.csv,0.010599,0.048053648744890855,0.07972104838088089,501903.0,87553.0,1249.0,0.048054,0.095901,,,,,,,,,,,,,,
spmv,l1d,ddr4_1x,Stride,deg32_dist1,1.7111721020342268,0.006194,0.3485130284837627,0.2717938703315218,4272257.0,163799.0,303332.0,0.03834,0.096136,0.07100041032175733,0.8852367472158783,3805155.0,0.8906662216247758,374479.0,0.08052042548991739,2.0,4.3003973782197343e-07,3863.0,0.0008306217536031417,756867.0,124268.0,6.090603,6.23,57.44,0.0,0.0,5653975063.0,0.28073362853045813,35259.26,52751.26,2005107376.794282,12420480.0,spmv_stride_deg32_dist1_l1d_ddr4_1x,stride,6194421378.0,11279581.0,11329130.0,18601866.0,0.607658,1681965.0,4826118.0,545577.0,2007319.0,35677652967.0,21211.887862,43850471813.0,80374.487585,756867.0,124268.0,6.090603,0.0,0.0,,141934.0,1540031.0,0.319103,19661.638299,,545577.0,0.271794,80041.488195,5636834478.8442,17150915.88333337,5636824147.0,17150916.0,19207.0,5636.793151,16.613658,3332.0,4767008.0,25.579851,70.309226,42577.0,2.0,1797.0,4861889.0,4272257.0,163799.0,303332.0,0.03834,0.096136,3805155.0,3651555.0,150340.0,3260.0,4650733.0,3863.0,0.0,2.0,374479.0,1745779.0,1452087.0,,,,,,,,,,,,,,,,,12420480.0,2005107376.794282,194070.0,73154.01,,,,,4650733.0,stride\stride_results_vs_nopf.csv,0.010599,0.03834015603462058,0.08874319793863138,3651555.0,150340.0,3260.0,0.03834,0.096136,,,,,,,,,,,,,,
spmv,l1d,ddr4_2x,No prefetch,none,1.0,0.009047,0.8653077407090849,0.3100053312901663,0.0,0.0,0.0,,0.0,,0.0,0.0,,0.0,,0.0,,0.0,,,,,,,,,,,,,0.0,0.0,,,,,,,,,,,,,,,,,,,,,,,,,,,,,,,,,,,,,,,,,,,,,,,,,,,,,,,,,,,,,,,,,,,,,,,,,,,,,,,,,,,,,,,,,,,,,,,,,,,,,,,,,,,,
spmv,l1d,ddr4_2x,IMP,s32_dist32_addr16,1.691976809425846,0.005347,0.4074682435845845,0.1787388500598525,2672913.0,154709.0,2014339.0,0.05788029763782061,0.07293699779174516,0.7536118833647036,0.5538620964891087,517770.0,0.19840036662894875,437819.0,0.046653641580677835,311535.0,0.03319691979981789,1872775.0,0.19956140234035966,671167.0,268261.0,2.501918,,,,,,,,,,,spmv_imp3_s32_dist32_addr16_l1d_ddr4_2x,imp,5346691956.0,11279576.0,11329130.0,16056132.0,0.704003,1966423.0,4825954.0,671176.0,3755065.0,34356892050.0,17336.940334,40969264829.0,62582.032248,671167.0,268261.0,2.501918,0.0,0.0,,406240.0,1575476.0,0.326414,14933.418983,,654649.0,0.178495,62249.032756,,,,,,,,,4767008.0,24.545655,58.18655,15122.0,2.0,1628.0,4865376.0,2672913.0,154709.0,2014339.0,0.057728,0.087278,517770.0,415281.0,101535.0,954.0,9384455.0,1872775.0,0.0,311535.0,437819.0,22282489.0,0.0,,,,,,,,,,,,,,,,,,,,,,,,,9384455.0,imp\imp_all_stages_including_stage3_vs_nopf.csv,0.009047,0.05788029763782061,0.07293699779174516,415281.0,101535.0,954.0,0.057728,0.087278,0.006318,0.9912100243127052,0.076021488447386,1.17,1.0,1.009912100243127,stage3,sdist16,0.0054,1.17,s16_dist32_addr16,0.0054,1.6753703703703702,stage3: s32_dist32_addr16
spmv,l1d,ddr4_2x,Next-line,deg16,1.6539305301645337,0.00547,0.39878449219425083,0.15670047106308801,3418090.0,167080.0,2628956.0,0.048881,0.096273,0.7691301282295083,0.7082947041755961,607855.0,0.1778346971554289,19079309.0,0.6646543191623994,311639.0,0.010856378885076548,5508387.0,0.1918923379860356,820447.0,372823.0,2.200634,,,,,,,,,,,spmv_nextline_deg16_l1d_ddr4_2x,nextline,5470351173.0,11279576.0,11329125.0,16427481.0,0.688089,1924455.0,4825802.0,686163.0,4378819.0,31098177354.0,16159.472346,43895245674.0,63972.038239,820447.0,372823.0,2.200634,0.0,0.0,,356047.0,1568408.0,0.325005,15088.855596,,686163.0,0.1567,63639.038724,,,,,,,,,4767008.0,22.806787,53.770872,12195.0,2.0,1596.0,4867485.0,3418090.0,167080.0,2628956.0,0.048881,0.096273,607855.0,521399.0,85111.0,1345.0,28705612.0,5508387.0,0.0,311639.0,19079309.0,4758980.0,275184.0,,,,,,,,,,,,,,,,,,,,,,,,,28705612.0,nextline\nextline_results_vs_nopf.csv,0.009047,0.04888110026359751,0.07988391301125729,521399.0,85111.0,1345.0,0.048881,0.096273,,,,,,,,,,,,,,
spmv,l1d,ddr4_2x,Stride,deg32_dist1,1.592781690140845,0.00568,0.34861756350812695,0.2712692689876359,4321198.0,163543.0,307488.0,0.037847,0.095972,0.07115804459781755,0.8952906059706373,3850185.0,0.890999440432954,326315.0,0.07014298795822997,3.0,6.448645139656158e-07,4482.0,0.00096342758386463,455864.0,100013.0,4.558047,,,,,,,,,,,spmv_stride_deg32_dist1_l1d_ddr4_2x,stride,5680147500.0,11279576.0,11329125.0,17057500.0,0.662674,1682633.0,4826587.0,545717.0,2011717.0,31430205666.0,18679.180585,36129347120.0,66205.280612,455864.0,100013.0,4.558047,0.0,0.0,,142107.0,1540526.0,0.319175,17647.255805,,545717.0,0.271269,65872.281223,,,,,,,,,4767008.0,22.320012,60.598723,22310.0,2.0,1696.0,4862482.0,4321198.0,163543.0,307488.0,0.037847,0.095972,3850185.0,3711907.0,134926.0,3352.0,4652140.0,4482.0,0.0,3.0,326315.0,1745844.0,1458707.0,,,,,,,,,,,,,,,,,,,,,,,,,4652140.0,stride\stride_results_vs_nopf.csv,0.009047,0.037846680480737055,0.08858472864992287,3711907.0,134926.0,3352.0,0.037847,0.095972,,,,,,,,,,,,,,
spmv,l2,ddr4_1x,No prefetch,none,1.0,0.010599,0.8623110735313319,0.30999615128931807,0.0,0.0,0.0,,0.0,,0.0,0.0,,0.0,,0.0,,0.0,,,,,,,,,,,,,0.0,0.0,,,,,,,,,,,,,,,,,,,,,,,,,,,,,,,,,,,,,,,,,,,,,,,,,,,,,,,,,,,,,,,,,,,,,,,,,,,,,,,,,,,,,,,,,,,,,,,,,,,,,,,,,,,,
spmv,l2,ddr4_1x,IMP,s32_sth2_pt8,1.7738912133891214,0.005975,0.4677975974453178,0.20358107991959848,362291.0,208368.0,16873.0,0.5751398737478988,0.3776041289125361,0.046573058673828494,0.2147503931458365,159749.0,0.43608187198357756,914.0,0.0024617937156924535,155.0,0.0004174814288099894,601.0,0.0016187505723535718,98358.0,3181.0,30.920465,6.52,57.43,0.0,0.0,5791936922.0,0.2875837707479809,29687.99,47179.99,2136103665.9748013,13219392.0,spmv_imp3_s32_sth2_pt8_l2_ddr4_1x,imp,5975283402.0,11279576.0,11329125.0,17943794.0,0.629943,2258306.0,4827528.0,343448.0,1687033.0,54605654685.0,22866.4023,22883421064.0,64638.050143,60570.0,11250.0,5.384,98358.0,3181.0,30.920465,701281.0,1686749.0,0.349395,17800.615528,2208.0,351816.0,0.208554,64531.130622,5774738718.692051,17208544.53908716,5774728377.0,17208545.0,19207.0,5774.68701,16.691461,3332.0,4767008.0,36.1319,85.237215,81887.0,2.0,1884.0,4862094.0,,,,,,,,,,,,,,,,,362291.0,208368.0,16873.0,0.523465,0.352775,159749.0,140108.0,19637.0,4.0,371274.0,601.0,0.0,155.0,914.0,5288534.0,0.0,,,,,13219392.0,2136103665.9748013,206553.0,63894.29,371274.0,imp\imp_all_stages_including_stage3_vs_nopf.csv,0.010599,0.5751398737478988,0.3776041289125361,140108.0,19637.0,4.0,0.523465,0.352775,0.006899,3.531380753138058,0.0803046799102207,1.1152602651147754,1.0004849660523765,1.0353138075313806,stage3,sdist16,0.006189,1.1147196639198578,s16_pt8_sth8,0.006186,1.7133850630455871,stage3: s32_sth2_pt8
spmv,l2,ddr4_1x,Next-line,default,1.3842235862609378,0.007657,0.456303572541942,0.17791887033229392,1151090.0,290540.0,41283.0,0.252404,0.512871,0.03586426778097282,0.68226851064309,794847.0,0.6905168144975632,1316.0,0.001140907246668308,616.0,0.0005340416899298463,113.0,9.796543987349454e-05,13349.0,903.0,14.782946,7.69,57.47,0.0,0.0,5297849055.0,0.26305110511535496,50127.76,67619.76,2976922511.93779,22794944.0,spmv_nextline_default_l2_ddr4_1x,nextline,7657217784.0,11279576.0,11329125.0,22994648.0,0.491574,2202889.0,4827683.0,300176.0,1687151.0,39744938943.0,18042.188664,25874038593.0,86196.226857,19854.0,3582.0,5.542714,13349.0,903.0,14.782946,515925.0,1686964.0,0.349436,19488.354191,24219.0,275957.0,0.163564,91151.218784,5283949489.401123,13907923.6093463,5283941131.0,13907924.0,19207.0,5283.907699,13.38972,3332.0,4767008.0,26.835726,76.754092,76737.0,2.0,1785.0,4862746.0,,,,,,,,,,,,,,,,,1151090.0,290540.0,41283.0,0.252404,0.512871,794847.0,654908.0,139906.0,33.0,1153468.0,113.0,0.0,616.0,1316.0,27964.0,14285.0,,,,,22794944.0,2976922511.93779,356171.0,70458.06,1153468.0,nextline\nextline_results_vs_nopf.csv,0.010599,0.2524042429349573,0.49184379634206626,654908.0,139906.0,33.0,0.252404,0.512871,,,,,,,,,,,,,,
spmv,l2,ddr4_1x,Stride,deg32_dist1,1.6191567369385886,0.006546,0.44995232430163856,0.20901053105817424,4516563.0,192429.0,10995.0,0.042605,0.353073,0.002434373216979371,2.677409946559252,4313102.0,0.954952250195558,125215.0,0.026974939792985677,0.0,0.0,117.0,2.520519071819929e-05,318187.0,10297.0,30.900942,6.81,57.43,0.0,0.0,5452409361.0,0.2707254006413658,42295.25,59787.25,1989145945.0794995,13021504.0,spmv_stride_deg32_dist1_l2_ddr4_1x,stride,6546278835.0,11279576.0,11329125.0,19658495.0,0.574997,2172103.0,4827407.0,352583.0,1686915.0,42432287571.0,19535.117612,25398836914.0,72036.476274,25592.0,3234.0,7.91342,318187.0,10297.0,30.900942,485373.0,1686730.0,0.349407,19218.9272,1991.0,352583.0,0.209011,71703.477218,5436190070.263024,16229067.33394591,5436180294.0,16229067.0,19207.0,5436.150964,15.662028,3332.0,4767008.0,28.518001,79.53153,92658.0,2.0,1946.0,4862067.0,,,,,,,,,,,,,,,,,4516563.0,192429.0,10995.0,0.042605,0.353073,4313102.0,4176534.0,136561.0,7.0,4641901.0,117.0,0.0,0.0,125215.0,1745779.0,1736158.0,,,,,13021504.0,1989145945.0794995,203461.0,86208.95,4641901.0,stride\stride_results_vs_nopf.csv,0.010599,0.042605184517519185,0.3530729598614342,4176534.0,136561.0,7.0,0.042605,0.353073,,,,,,,,,,,,,,
spmv,l2,ddr4_2x,No prefetch,none,1.0,0.009047,0.8653077407090849,0.3100053312901663,0.0,0.0,0.0,,0.0,,0.0,0.0,,0.0,,0.0,,0.0,,,,,,,,,,,,,0.0,0.0,,,,,,,,,,,,,,,,,,,,,,,,,,,,,,,,,,,,,,,,,,,,,,,,,,,,,,,,,,,,,,,,,,,,,,,,,,,,,,,,,,,,,,,,,,,,,,,,,,,,,,,,,,,,
spmv,l2,ddr4_2x,IMP,s32_sth2_dist32_ipd16,1.7056938159879336,0.005304,0.4677728937425428,0.20429205003360945,378169.0,207279.0,16856.0,0.5481120874529641,0.375556461475744,0.044572664602333875,0.22416311307590991,166592.0,0.4464238818768926,705.0,0.0018661901925749453,146.0,0.0003864734299516908,495.0,0.0013103037522334722,73392.0,2948.0,24.895522,,,,,,,,,,,spmv_imp3_s32_sth2_dist32_ipd16_l2_ddr4_2x,imp,5304447909.0,11279581.0,11329125.0,15929273.0,0.70961,2258183.0,4827520.0,344646.0,1687026.0,46303365951.0,19374.247242,20054277123.0,56546.831157,55138.0,11353.0,4.85669,73392.0,2948.0,24.895522,703116.0,1686828.0,0.349399,16118.834334,2686.0,351963.0,0.208631,56440.626557,,,,,,,,,4767008.0,30.941119,69.466628,16916.0,2.0,1586.0,4862277.0,,,,,,,,,,,,,,,,,378169.0,207279.0,16856.0,0.512429,0.35204,166592.0,144704.0,21888.0,0.0,377775.0,495.0,0.0,146.0,705.0,5292113.0,0.0,,,,,,,,,377775.0,imp\imp_all_stages_including_stage3_vs_nopf.csv,0.009047,0.5481120874529641,0.375556461475744,144704.0,21888.0,0.0,0.512429,0.35204,0.006431,5.203619909502266,0.0799686307314267,1.1525089605734768,1.0,1.0520361990950229,stage3,sdist16,0.00558,1.1525089605734768,aggr_s16_sth2_d32_ipd16_addr16,0.00558,1.6213261648745518,stage3: s32_sth2_dist32_ipd16
spmv,l2,ddr4_2x,Next-line,deg32,1.397867737948084,0.006472,0.46632748350769176,0.12845112796215272,11898254.0,649439.0,465352.0,0.054583,0.762661,0.03911094854757681,7.052062527189987,10768264.0,0.9050289227310159,6721088.0,0.3436382206184732,58801.0,0.0030063988167669943,824228.0,0.04214142759385429,716863.0,25634.0,27.965319,,,,,,,,,,,spmv_nextline_deg32_l2_ddr4_2x,nextline,6472430091.0,11279576.0,11329125.0,19436727.0,0.581557,2251645.0,4828463.0,216723.0,1687202.0,32211300456.0,14305.674498,16227539790.0,74876.869506,26514.0,3641.0,7.282065,716863.0,25634.0,27.965319,564637.0,1687008.0,0.349388,14631.33199,14618.0,202105.0,0.119787,76123.980871,,,,,,,,,4767008.0,22.120624,63.555468,37424.0,2.0,1667.0,4864910.0,,,,,,,,,,,,,,,,,11898254.0,649439.0,465352.0,0.054583,0.762661,10768264.0,10620730.0,145550.0,1984.0,19558616.0,824228.0,0.0,58801.0,6721088.0,8158568.0,6672151.0,,,,,,,,,19558616.0,nextline\nextline_results_vs_nopf.csv,0.009047,0.054582714404987485,0.7497893003849164,10620730.0,145550.0,1984.0,0.054583,0.762661,,,,,,,,,,,,,,
spmv,l2,ddr4_2x,Stride,deg32_dist16,1.5407016348773843,0.005872,0.5480966241622557,0.23710698423934987,3072068.0,144333.0,9131.0,0.046982,0.265194,0.002972264936843846,1.8213816700253578,2918571.0,0.9500346346500143,53864.0,0.017129003042668595,0.0,0.0,18665.0,0.005935556991523268,209668.0,9217.0,22.747966,,,,,,,,,,,spmv_stride_deg32_dist16_l2_ddr4_2x,stride,5872346109.0,11279581.0,11329130.0,17634673.0,0.640986,2645635.0,4826950.0,399921.0,1686669.0,64071773424.0,24217.918732,22802526679.0,57017.577669,136018.0,24468.0,5.559016,209668.0,9217.0,22.747966,959152.0,1686483.0,0.349389,18036.371856,1.0,399921.0,0.237107,56684.578502,,,,,,,,,4767008.0,42.190709,86.375915,52596.0,2.0,1744.0,4862722.0,,,,,,,,,,,,,,,,,3072068.0,144333.0,9131.0,0.046982,0.265194,2918571.0,2878097.0,40469.0,5.0,3144608.0,18665.0,0.0,0.0,53864.0,3243072.0,3190088.0,,,,,,,,,3144608.0,stride\stride_results_vs_nopf.csv,0.009047,0.04698235846341943,0.26519419241751097,2878097.0,40469.0,5.0,0.046982,0.265194,,,,,,,,,,,,,,
bfs,l1d,ddr4_1x,No prefetch,none,1.0,0.02764,0.6774030303516797,0.414180139733145,0.0,0.0,0.0,,0.0,,0.0,0.0,,0.0,,0.0,,0.0,,,,,,,,,,,,,0.0,0.0,,,,,,,,,,,,,,,,,,,,,,,,,,,,,,,,,,,,,,,,,,,,,,,,,,,,,,,,,,,,,,,,,,,,,,,,,,,,,,,,,,,,,,,,,,,,,,,,,,,,,,,,,,,,
bfs,l1d,ddr4_1x,IMP,s16_sth8,1.2211177380163465,0.022635,0.47927836341387603,0.37731393505393834,5222776.0,440969.0,2596783.0,0.08443191896416771,0.07426164672042734,0.4972035944103289,0.4553627298871745,2007484.0,0.38432941974697427,3029705.0,0.07527122764618165,1494475.0,0.03712934689566387,13979724.0,0.34731796912068635,7262457.0,1133745.0,6.405724,8.06,57.69,0.0,0.0,7203452481.0,0.3576689550987963,40483.57,57975.57,3415559263.440301,77342272.0,bfs_imp_stage2_s16_sth8_l1d_ddr4_1x,imp,22635299043.0,30729211.0,31124590.0,67973871.0,0.452074,5497076.0,11469485.0,2386651.0,6325372.0,226662182885.0,41217.248757,204165551566.0,85459.315242,7262457.0,1133745.0,6.405724,0.0,0.0,,2389947.0,3109260.0,0.271032,37409.080898,,2389038.0,0.377693,85126.315242,6752243771.412479,451211536.0557719,6752240945.0,451211536.0,19207.0,6727.931569,450.872375,3332.0,8774099.0,59.666005,107.767642,193253.0,2.0,1844.0,12930797.0,5222776.0,440969.0,2596783.0,0.084355,0.124121,2007484.0,858373.0,1148271.0,840.0,40250506.0,13979724.0,0.0,1494475.0,3029705.0,43782406.0,0.0,,,,,,,,,,,,,,,,,77342272.0,3415559263.440301,1212240.0,59437.5,,,,,40250506.0,imp\imp_all_stages_including_stage3_vs_nopf.csv,0.02764,0.08443191896416771,0.07426164672042734,858373.0,1148271.0,840.0,0.084355,0.124121,0.023393,-0.6277987531828955,0.0802188290647609,1.033487961122156,1.0003976143141151,0.993722012468171,stage2,sdist16,0.022644,1.0330771948419006,s16_sth8,0.022635,1.2211177380163465,stage2: s16_sth8
bfs,l1d,ddr4_1x,Next-line,deg32,1.2059862995767705,0.022919,0.43868811869725144,0.4635517035061627,6975209.0,448416.0,3559860.0,0.064287,0.125231,0.5103589010737886,0.609480737097461,2795598.0,0.40079057129327594,61841929.0,0.4819341055156511,1368043.0,0.010661158055272627,55745046.0,0.4344211009481742,11656016.0,1881958.0,6.193558,10.03,57.87,0.0,0.0,9910999934.0,0.4921052786463185,40724.11,58216.11,6119774122.479308,140257088.0,bfs_nextline_deg32_l1d_ddr4_1x,nextline,22918670721.0,30729211.0,31124590.0,68824837.0,0.446485,5020571.0,11444511.0,3389548.0,7312125.0,207190209221.0,41268.255985,291066472853.0,85871.766045,11656016.0,1881958.0,6.193558,0.0,0.0,,1888277.0,3132294.0,0.273694,37424.829397,,3389548.0,0.463552,85538.766634,9465255408.605772,445747317.73773015,9465252616.0,445747318.0,19207.0,9436.009733,445.331238,3332.0,8774099.0,58.286363,109.92019,239494.0,2.0,1838.0,12951209.0,6975209.0,448416.0,3559860.0,0.064287,0.125231,2795598.0,2194105.0,600566.0,927.0,128320300.0,55745046.0,0.0,1368043.0,61841929.0,46687412.0,4688194.0,,,,,,,,,,,,,,,,,140257088.0,6119774122.479308,2197129.0,58163.72,,,,,128320300.0,nextline\nextline_results_vs_nopf.csv,0.02764,0.06428710594908339,0.08199251525008196,2194105.0,600566.0,927.0,0.064287,0.125231,,,,,,,,,,,,,,
bfs,l1d,ddr4_1x,Stride,default,1.336427811623634,0.020682,0.4574839242346067,0.4220263843591304,1561537.0,225039.0,171084.0,0.144114,0.066842,0.10956128481105475,0.1366032838948763,982691.0,0.6293100963986124,82.0,3.61109080484168e-05,102086.0,0.04495631901256924,466889.0,0.2056071432660643,1809486.0,282128.0,6.413706,6.0,57.41,0.0,0.0,5340942945.0,0.26519082168155667,34974.25,52466.25,1125182016.83385,23270784.0,bfs_stride_default_l1d_ddr4_1x,stride,20681795169.0,30729211.0,31124590.0,62107493.0,0.494775,5229582.0,11431182.0,1570261.0,3720765.0,202751875147.0,38770.187588,125293525660.0,79791.528708,1809486.0,282128.0,6.413706,0.0,0.0,,2087885.0,3141697.0,0.274836,35619.107821,,1570261.0,0.422026,79458.528708,4859189793.671048,481756245.9439905,4859186699.0,481756246.0,19207.0,4841.764614,481.487024,3332.0,8774099.0,52.569668,102.007414,122032.0,2.0,1734.0,12769535.0,1561537.0,225039.0,171084.0,0.144114,0.066842,982691.0,369743.0,612938.0,10.0,2270782.0,466889.0,0.0,102086.0,82.0,91622.0,34699.0,,,,,,,,,,,,,,,,,23270784.0,1125182016.83385,363963.0,51001.49,,,,,2270782.0,stride\stride_results_vs_nopf.csv,0.02764,0.14411378020501595,0.04125657859638644,369743.0,612938.0,10.0,0.144114,0.066842,,,,,,,,,,,,,,
bfs,l1d,ddr4_2x,No prefetch,none,1.0,0.025176,0.6673502340899302,0.41414800364097615,0.0,0.0,0.0,,0.0,,0.0,0.0,,0.0,,0.0,,0.0,,,,,,,,,,,,,0.0,0.0,,,,,,,,,,,,,,,,,,,,,,,,,,,,,,,,,,,,,,,,,,,,,,,,,,,,,,,,,,,,,,,,,,,,,,,,,,,,,,,,,,,,,,,,,,,,,,,,,,,,,,,,,,,,
bfs,l1d,ddr4_2x,IMP,s32_sth2_pt8,1.2899523492340013,0.019517,0.4641839022287944,0.39300962077808366,5750517.0,472751.0,2840670.0,0.08221017345049149,0.08213541551745376,0.4939851495091659,0.5052616734607269,2025398.0,0.37848631858623055,2838538.0,0.07287435589469397,1428451.0,0.036672909276582344,13195359.0,0.33876710050182635,5040284.0,1032758.0,4.880411,,,,,,,,,,,bfs_imp3_s32_sth2_pt8_l1d_ddr4_2x,imp,19517148315.0,30729211.0,31124590.0,58610055.0,0.5243,5283000.0,11381265.0,2585402.0,6578470.0,184422655250.0,34336.533633,160574078507.0,65569.26392,5040284.0,1032758.0,4.880411,0.0,0.0,,2277748.0,3093285.0,0.271801,31168.620603,,2448923.0,0.381485,65236.26392,,,,,,,,,8774099.0,50.280045,90.52647,56131.0,2.0,1656.0,12796239.0,5750517.0,472751.0,2840670.0,0.08498,0.12817,2025398.0,886826.0,1137663.0,909.0,38951123.0,13195359.0,0.0,1428451.0,2838538.0,43081549.0,0.0,,,,,,,,,,,,,,,,,,,,,,,,,38951123.0,imp\imp_all_stages_including_stage3_vs_nopf.csv,0.025176,0.08221017345049149,0.08213541551745376,886826.0,1137663.0,909.0,0.08498,0.12817,0.020727,0.4662601834298341,0.0848109015076438,1.0570685434516522,1.0004589963280293,1.0046626018342983,stage3,sdist16,0.019617,1.0565835754702553,s16_pt8_sth8,0.019608,1.283965728274174,stage3: s32_sth2_pt8
bfs,l1d,ddr4_2x,Next-line,deg32,1.2937972146564571,0.019459,0.43348311817695134,0.47422554750795776,7615469.0,465306.0,3852565.0,0.0611,0.130114,0.5058867681031858,0.6717664552577727,3113203.0,0.408799904510149,60339396.0,0.4781434586102866,1348010.0,0.010681945898849443,54560955.0,0.4323537432953457,8238383.0,1729610.0,4.763145,,,,,,,,,,,bfs_nextline_deg32_l1d_ddr4_2x,nextline,19459133388.0,30729211.0,31124590.0,58435836.0,0.525863,4914174.0,11336483.0,3610428.0,7613314.0,165315652210.0,33640.577686,236909460557.0,65618.109697,8238383.0,1729610.0,4.763145,0.0,0.0,,1803351.0,3110823.0,0.274408,31108.517745,,3610428.0,0.474226,65285.109697,,,,,,,,,8774099.0,48.200831,91.05722,61763.0,2.0,1728.0,12786674.0,7615469.0,465306.0,3852565.0,0.0611,0.130114,3113203.0,2446242.0,665751.0,1210.0,126195172.0,54560955.0,0.0,1348010.0,60339396.0,45948316.0,4844144.0,,,,,,,,,,,,,,,,,,,,,,,,,126195172.0,nextline\nextline_results_vs_nopf.csv,0.025176,0.06110011084018594,0.08649646434227844,2446242.0,665751.0,1210.0,0.0611,0.130114,,,,,,,,,,,,,,
bfs,l1d,ddr4_2x,Stride,default,1.3521671410924325,0.018619,0.4532833550140161,0.42181422681692704,1624999.0,228574.0,170049.0,0.140661,0.067824,0.10464560285883252,0.14313822245648947,1046757.0,0.6441585502514156,37.0,1.6479065129273813e-05,93992.0,0.04186216999001903,405569.0,0.1806323774436338,1235102.0,213679.0,5.780175,,,,,,,,,,,bfs_stride_default_l1d_ddr4_2x,stride,18618579783.0,30729211.0,31124590.0,55911651.0,0.549604,5145970.0,11352656.0,1569162.0,3720031.0,169903268306.0,33016.762303,101722993685.0,64826.317286,1235102.0,213679.0,5.780175,0.0,0.0,,2004420.0,3141550.0,0.276724,29994.245167,,1569162.0,0.421814,64493.317286,,,,,,,,,8774099.0,45.669246,88.724062,46302.0,2.0,1691.0,12672534.0,1624999.0,228574.0,170049.0,0.140661,0.067824,1046757.0,419063.0,627688.0,6.0,2245273.0,405569.0,0.0,93992.0,37.0,90363.0,35484.0,,,,,,,,,,,,,,,,,,,,,,,,,2245273.0,stride\stride_results_vs_nopf.csv,0.025176,0.14066100963754438,0.04252900339079929,419063.0,627688.0,6.0,0.140661,0.067824,,,,,,,,,,,,,,
bfs,l2,ddr4_1x,No prefetch,none,1.0,0.02764,0.6774030303516797,0.414180139733145,0.0,0.0,0.0,,0.0,,0.0,0.0,,0.0,,0.0,,0.0,,,,,,,,,,,,,0.0,0.0,,,,,,,,,,,,,,,,,,,,,,,,,,,,,,,,,,,,,,,,,,,,,,,,,,,,,,,,,,,,,,,,,,,,,,,,,,,,,,,,,,,,,,,,,,,,,,,,,,,,,,,,,,,,
bfs,l2,ddr4_1x,IMP,s32_ipd8_addr8,1.0854539742381402,0.025464,0.5792699590185963,0.38196478548907076,2115865.0,373340.0,1037232.0,0.1764479302791057,0.2169250837422395,0.49021653082781746,0.5996712367591314,626065.0,0.3405345837886468,182535.0,0.05999057424784601,62232.0,0.020452699025348305,513125.0,0.16863978640220223,3370801.0,167679.0,20.102702,9.55,58.93,0.0,0.0,6665185249.0,0.3309426764232361,49259.74,66751.74,3033837876.60633,77380352.0,bfs_imp3_s32_ipd8_addr8_l2_ddr4_1x,imp,25464035142.0,30729211.0,31124590.0,76468574.0,0.401855,6649503.0,11479109.0,1347715.0,3528375.0,260956586182.0,38607.745615,117295503302.0,87790.58135,1285493.0,82531.0,15.575881,3370801.0,167679.0,20.102702,3230332.0,3528845.0,0.307607,38732.688225,51513.0,1284570.0,0.364019,88453.493969,6265064863.3067465,400122894.4969558,6265062354.0,400122894.0,19207.0,6245.696065,399.864443,3332.0,8774099.0,68.6748,122.131029,371725.0,2.0,2060.0,12817226.0,,,,,,,,,,,,,,,,,2115865.0,373340.0,1037232.0,0.190935,0.214618,626065.0,494006.0,132041.0,18.0,3042728.0,513125.0,0.0,62232.0,182535.0,18321912.0,0.0,,,,,77380352.0,3033837876.60633,1211599.0,72161.95,3042728.0,imp\imp_all_stages_including_stage3_vs_nopf.csv,0.02764,0.1764479302791057,0.2169250837422395,494006.0,132041.0,18.0,0.190935,0.214618,0.02562,0.1610116242538373,0.0520095241039498,1.0045089198196433,1.0000392079984315,1.0016101162425384,stage3,sdist16,0.025506,1.0044695365796283,s16_pt8_sth8,0.025505,1.083709076651637,stage3: s32_ipd8_addr8
bfs,l2,ddr4_1x,Next-line,deg1,1.1447978793903248,0.024144,0.585978876332267,0.40301625492793924,1645588.0,278485.0,783983.0,0.169231,0.189856,0.4764151172711517,0.4669607799459654,349939.0,0.2126528632926346,0.0,0.0,26785.0,0.016016163858182355,0.0,0.0,2726455.0,131577.0,20.721365,8.27,57.63,0.0,0.0,7006139368.0,0.347871878608024,40073.43,57565.43,3422539711.8519573,82633984.0,bfs_nextline_deg1_l2_ddr4_1x,nextline,24144054111.0,30729211.0,31124590.0,72504667.0,0.423824,6741970.0,11505483.0,1420245.0,3524039.0,244003177238.0,36191.673537,116859591575.0,82281.290605,945552.0,61420.0,15.394855,2726455.0,131577.0,20.721365,3218160.0,3523810.0,0.306272,37900.6576,231905.0,1188340.0,0.33721,89225.830887,6584348397.710564,421796271.3793058,6584343096.0,421796271.0,19207.0,6562.068792,421.456975,3332.0,8774099.0,63.094461,111.697412,236697.0,2.0,1785.0,12874746.0,,,,,,,,,,,,,,,,,1645588.0,278485.0,783983.0,0.169231,0.189856,349939.0,349799.0,107.0,33.0,1672373.0,0.0,0.0,26785.0,0.0,26357.0,4305.0,,,,,82633984.0,3422539711.8519573,1294475.0,53099.84,1672373.0,nextline\nextline_results_vs_nopf.csv,0.02764,0.1692313021242255,0.16393717659663395,349799.0,107.0,33.0,0.169231,0.189856,,,,,,,,,,,,,,
bfs,l2,ddr4_1x,Stride,default,1.2889987408478292,0.021443,0.5736305184220931,0.36128854071800565,1146942.0,215245.0,82845.0,0.187669,0.150542,0.07223120262402109,0.3248948004288715,787977.0,0.6870242784726691,0.0,0.0,2453.0,0.0021155050218449826,7802.0,0.006728565095978212,13149.0,512.0,25.681641,5.89,57.55,0.0,0.0,5159252556.0,0.25616945147657094,34659.86,52151.86,1070893067.902617,22963008.0,bfs_stride_default_l2_ddr4_1x,stride,21442858011.0,30729211.0,31124590.0,64392967.0,0.477214,6558838.0,11433907.0,1275419.0,3530195.0,211733211501.0,32282.122458,101203944226.0,79349.566085,1003819.0,78981.0,12.709626,13149.0,512.0,25.681641,3028870.0,3529968.0,0.308728,33333.689054,60865.0,1214554.0,0.344047,80042.076414,4696448577.346315,462806963.2746308,4696445593.0,462806963.0,19207.0,4680.047779,462.520434,3332.0,8774099.0,55.383228,103.310519,129591.0,2.0,1741.0,12789416.0,,,,,,,,,,,,,,,,,1146942.0,215245.0,82845.0,0.187669,0.150542,787977.0,430496.0,357481.0,0.0,1159534.0,7802.0,0.0,2453.0,0.0,46750.0,33679.0,,,,,22963008.0,1070893067.902617,358857.0,48689.76,1159534.0,stride\stride_results_vs_nopf.csv,0.02764,0.18766860050464626,0.14439538353378092,430496.0,357481.0,0.0,0.187669,0.150542,,,,,,,,,,,,,,
bfs,l2,ddr4_2x,No prefetch,none,1.0,0.025176,0.6673502340899302,0.41414800364097615,0.0,0.0,0.0,,0.0,,0.0,0.0,,0.0,,0.0,,0.0,,,,,,,,,,,,,0.0,0.0,,,,,,,,,,,,,,,,,,,,,,,,,,,,,,,,,,,,,,,,,,,,,,,,,,,,,,,,,,,,,,,,,,,,,,,,,,,,,,,,,,,,,,,,,,,,,,,,,,,,,,,,,,,,
bfs,l2,ddr4_2x,IMP,s32_sth2_pt8,1.1985717686265176,0.021005,0.5785930740998653,0.3800263857625689,2194049.0,390793.0,1084190.0,0.17811498284678237,0.22563457975384144,0.4941503129601937,0.6216887454748644,648823.0,0.3387258866049833,123376.0,0.04212482915468658,50961.0,0.017399846149591353,397558.0,0.13574003719588,2010672.0,130948.0,15.354736,,,,,,,,,,,bfs_imp3_s32_sth2_pt8_l2_ddr4_2x,imp,21005470836.0,30729211.0,31124590.0,63079492.0,0.487151,6598011.0,11403543.0,1341180.0,3529176.0,205705392323.0,30732.869686,91541146642.0,68845.011651,847223.0,70409.0,12.032879,2010672.0,130948.0,15.354736,3164305.0,3529030.0,0.309536,31008.531827,48567.0,1281103.0,0.36301,69486.085795,,,,,,,,,8774099.0,55.998715,98.773411,91203.0,2.0,1734.0,12735939.0,,,,,,,,,,,,,,,,,2194049.0,390793.0,1084190.0,0.191143,0.22227,648823.0,513369.0,135405.0,49.0,2928819.0,397558.0,0.0,50961.0,123376.0,18333165.0,0.0,,,,,,,,,2928819.0,imp\imp_all_stages_including_stage3_vs_nopf.csv,0.025176,0.17811498284678237,0.22563457975384144,513369.0,135405.0,49.0,0.191143,0.22227,0.022034,1.7710069031183109,0.0547276408872413,1.0307339664124997,1.0008420264770548,1.017710069031183,stage3,sdist16,0.021395,1.02986679130638,s16_pt8_sth2,0.021377,1.1777143659072835,stage3: s32_sth2_pt8
bfs,l2,ddr4_2x,Next-line,deg32,1.2260043827611395,0.020535,0.5666114561537069,0.3696340374516868,12750135.0,653595.0,2992167.0,0.051262,0.355678,0.2346772798876247,3.6187370259008005,8984760.0,0.704679597510144,26084009.0,0.5679487867316897,334851.0,0.007290988865472828,6454583.0,0.14054099520165747,6641128.0,595223.0,11.157378,,,,,,,,,,,bfs_nextline_deg32_l2_ddr4_2x,nextline,20535092352.0,30729211.0,31124590.0,61666944.0,0.49831,6469977.0,11418719.0,1302356.0,3523366.0,187680723387.0,29007.942901,91688744189.0,70402.212751,1152427.0,74932.0,15.379638,6641128.0,595223.0,11.157378,2946713.0,3523264.0,0.308552,32356.848316,118346.0,1184010.0,0.336045,72632.346109,,,,,,,,,8774099.0,49.671344,95.800615,97482.0,2.0,1765.0,12717451.0,,,,,,,,,,,,,,,,,12750135.0,653595.0,2992167.0,0.051262,0.355678,8984760.0,8174510.0,809518.0,732.0,45926692.0,6454583.0,0.0,334851.0,26084009.0,16663740.0,6087442.0,,,,,,,,,45926692.0,nextline\nextline_results_vs_nopf.csv,0.025176,0.0512618101690688,0.334157144018434,8174510.0,809518.0,732.0,0.051262,0.355678,,,,,,,,,,,,,,
bfs,l2,ddr4_2x,Stride,default,1.311728234252071,0.019193,0.5752817397099691,0.36068778836304966,1144358.0,217106.0,82032.0,0.189719,0.151621,0.0716838611693194,0.3241557591029813,786671.0,0.6874343518374495,0.0,0.0,2554.0,0.0022084771279074896,7061.0,0.006105738841094277,6726.0,304.0,22.125,,,,,,,,,,,bfs_stride_default_l2_ddr4_2x,stride,19193138316.0,30729211.0,31124590.0,57637052.0,0.533151,6534306.0,11358445.0,1273326.0,3530272.0,177253869023.0,27126.655688,82063559849.0,64448.193039,668723.0,65778.0,10.166363,6726.0,304.0,22.125,3004273.0,3530033.0,0.310785,27956.688083,58536.0,1214790.0,0.344107,65329.778387,,,,,,,,,8774099.0,47.998644,88.492933,47157.0,2.0,1677.0,12700650.0,,,,,,,,,,,,,,,,,1144358.0,217106.0,82032.0,0.189719,0.151621,786671.0,440856.0,345815.0,0.0,1156453.0,7061.0,0.0,2554.0,0.0,46659.0,33937.0,,,,,,,,,1156453.0,stride\stride_results_vs_nopf.csv,0.025176,0.18971860204586327,0.14566649132600482,440856.0,345815.0,0.0,0.189719,0.151621,,,,,,,,,,,,,,
merge,l1d,ddr4_1x,No prefetch,none,1.0,0.011631,0.0951809118436763,0.3578311220490022,0.0,0.0,0.0,,0.0,,0.0,0.0,,0.0,,0.0,,0.0,,,,,,,,,,,,,0.0,0.0,,,,,,,,,,,,,,,,,,,,,,,,,,,,,,,,,,,,,,,,,,,,,,,,,,,,,,,,,,,,,,,,,,,,,,,,,,,,,,,,,,,,,,,,,,,,,,,,,,,,,,,,,,,,
merge,l1d,ddr4_1x,IMP,s32_sth8_pt8,1.1668338683788124,0.009968,0.07108051836804978,0.3439379179858002,202153.0,75622.0,6754.0,0.374082996542223,0.08845019749300266,0.03341033771450337,0.018437457133434317,128945.0,0.5919741807530919,1766.0,0.0009397040943109591,79405.0,0.04225209717370425,1103473.0,0.5871676648140413,38359.0,1424.0,26.9375,7.34,47.97,0.0,0.0,775995590.0,0.038530070486151646,47006.32,64498.32,238901282.33525488,2397952.0,merge_imp3_s32_sth8_pt8_l1d_ddr4_1x,imp,9967776912.0,37918829.0,38898567.0,29933264.0,1.26678,779345.0,10964256.0,73439.0,213524.0,25292705670.0,32592.600854,6723416450.0,91440.219372,38359.0,1424.0,26.9375,0.0,0.0,,653359.0,122667.0,0.01118,27341.486048,,73528.0,0.347133,91107.219372,468831333.10635626,307170632.98016715,468824957.0,307170633.0,19207.0,464.610327,306.743431,3332.0,5213393.0,3.374226,18.821607,4970.0,2.0,1837.0,14476402.0,202153.0,75622.0,6754.0,0.344281,0.379401,128945.0,83500.0,45434.0,11.0,1879315.0,1103473.0,0.0,79405.0,1766.0,222941.0,0.0,,,,,,,,,,,,,,,,,2397952.0,238901282.33525488,37867.0,72875.66,,,,,1879315.0,imp\imp_all_stages_including_stage3_vs_nopf.csv,0.011631,0.374082996542223,0.08845019749300266,83500.0,45434.0,11.0,0.344281,0.379401,0.010348,0.67215088282504,0.096888653344019,1.031190832087693,1.0001993024414548,1.0067215088282504,stage3,sdist16,0.010037,1.0309853541894989,s16_pt8_sth8,0.010035,1.1590433482810163,stage3: s32_sth8_pt8
merge,l1d,ddr4_1x,Next-line,deg4,1.1851436723048707,0.009814,0.05113158888342239,0.3511965339769126,1589994.0,111054.0,2253.0,0.069846,0.54669,0.0014169864791942612,0.14553554307158956,1475913.0,0.9282506726440477,906.0,0.00035179192555989664,200.0,7.765826171300147e-05,857429.0,0.3329322284115857,36.0,3.0,12.0,1.43,47.33,0.0,0.0,783330445.0,0.03889426389626587,34370.46,51862.46,301855826.31454635,2962368.0,merge_nextline_deg4_l1d_ddr4_1x,nextline,9813850659.0,37918841.0,38897855.0,29471023.0,1.28665,558619.0,10925125.0,72468.0,206346.0,16699539058.0,29894.327006,5751106949.0,79360.641235,36.0,3.0,12.0,0.0,0.0,,466534.0,92085.0,0.008429,30370.908986,,72468.0,0.351197,79027.641235,472598999.226324,310737966.7738635,472592478.0,310737967.0,19207.0,469.736107,310.411897,3332.0,5213253.0,4.847881,29.748341,17527.0,2.0,1690.0,14387215.0,1589994.0,111054.0,2253.0,0.069846,0.54669,1475913.0,940308.0,535605.0,0.0,2575386.0,857429.0,0.0,200.0,906.0,103314.0,17839.0,,,,,,,,,,,,,,,,,2962368.0,301855826.31454635,46472.0,42186.35,,,,,2575386.0,nextline\nextline_results_vs_nopf.csv,0.011631,0.06984554658696825,0.16583317529600267,940308.0,535605.0,0.0,0.069846,0.54669,,,,,,,,,,,,,,
merge,l1d,ddr4_1x,Stride,deg32_dist1,1.1847815014770298,0.009817,0.023081018388738016,0.33253272053346095,2098560.0,159467.0,10489.0,0.075989,0.794843,0.00499818923452272,0.19193497390591274,1918494.0,0.9141954483074108,1526417.0,0.3903308774266271,3974.0,0.0010162196220910905,273128.0,0.06984349092664704,56998.0,2114.0,26.962157,5.15,48.26,0.0,0.0,793814416.0,0.03941481858344492,61515.41,79007.41,406380198.3297702,3989248.0,merge_stride_deg32_dist1_l1d_ddr4_1x,stride,9816541299.0,37918834.0,38897847.0,29479103.0,1.286297,252361.0,10933703.0,73655.0,221497.0,11073381358.0,43879.13092,7815597821.0,106110.89296,56998.0,2114.0,26.962157,0.0,0.0,,211201.0,41160.0,0.003765,33796.344461,,73655.0,0.332533,105777.897482,480201718.3465832,313619217.4237192,480195199.0,313619217.0,19207.0,475.827061,313.228041,3332.0,5213252.0,3.627617,22.401708,9107.0,2.0,1757.0,14404011.0,2098560.0,159467.0,10489.0,0.075989,0.794843,1918494.0,1830083.0,88390.0,21.0,3910572.0,273128.0,0.0,3974.0,1526417.0,1496532.0,1262021.0,,,,,,,,,,,,,,,,,3989248.0,406380198.3297702,62933.0,76795.66,,,,,3910572.0,stride\stride_results_vs_nopf.csv,0.011631,0.07598877325404087,0.3872174791417776,1830083.0,88390.0,21.0,0.075989,0.794843,,,,,,,,,,,,,,
merge,l1d,ddr4_2x,No prefetch,none,1.0,0.011697,0.09471320271825076,0.3578520146665542,0.0,0.0,0.0,,0.0,,0.0,0.0,,0.0,,0.0,,0.0,,,,,,,,,,,,,0.0,0.0,,,,,,,,,,,,,,,,,,,,,,,,,,,,,,,,,,,,,,,,,,,,,,,,,,,,,,,,,,,,,,,,,,,,,,,,,,,,,,,,,,,,,,,,,,,,,,,,,,,,,,,,,,,,
merge,l1d,ddr4_2x,IMP,s32_sth8,1.1788953839951624,0.009922,0.07031496040729399,0.3436670693201375,214165.0,77236.0,6962.0,0.3606378259752994,0.09106000084886841,0.03250764597389863,0.01953299750909021,123997.0,0.5820799534324771,1742.0,0.0009613707756529263,76069.0,0.041980776999507724,1070149.0,0.5905912595833545,33322.0,1131.0,29.462423,,,,,,,,,,,merge_imp3_s32_sth8_l1d_ddr4_2x,imp,9921603798.0,37918829.0,38897847.0,29794606.0,1.272676,770952.0,10964267.0,73686.0,214411.0,21373039601.0,27836.437757,5468891242.0,74411.745588,33322.0,1131.0,29.462423,0.0,0.0,,645438.0,122370.0,0.011154,23810.381629,,73495.0,0.347235,74078.745588,,,,,,,,,5213252.0,3.155259,15.686956,3065.0,2.0,1686.0,14475169.0,214165.0,77236.0,6962.0,0.356824,0.38316,123997.0,83401.0,40584.0,12.0,1811996.0,1070149.0,0.0,76069.0,1742.0,221380.0,0.0,,,,,,,,,,,,,,,,,,,,,,,,,1811996.0,imp\imp_all_stages_including_stage3_vs_nopf.csv,0.011697,0.3606378259752994,0.09106000084886841,83401.0,40584.0,12.0,0.356824,0.38316,0.010338,0.6853456964321714,0.0979129411673036,1.0348348348348348,1.0005005005005003,1.0068534569643215,stage3,sdist16,0.009995,1.0343171585792896,s16_sth8,0.00999,1.1708708708708708,stage3: s32_sth8
merge,l1d,ddr4_2x,Next-line,deg4,1.189686737184703,0.009832,0.05087276130001099,0.3511822547893556,1561289.0,111203.0,2253.0,0.071225,0.547033,0.0014430384124912172,0.14291075552660645,1447204.0,0.9269289670266043,906.0,0.0003532137578707994,183.0,7.134450076198266e-05,880324.0,0.34320369556716734,0.0,0.0,28.714286,,,,,,,,,,,merge_nextline_deg4_l1d_ddr4_2x,nextline,9831896262.0,37918836.0,38897850.0,29525214.0,1.284288,555781.0,10924923.0,72464.0,206343.0,15605250111.0,28078.056125,5322979691.0,73456.884674,0.0,0.0,28.714286,0.0,0.0,,463700.0,92081.0,0.008429,28826.597811,,72464.0,0.351182,73123.884674,,,,,,,,,5213253.0,4.697619,28.820915,16379.0,2.0,1716.0,14386963.0,1561289.0,111203.0,2253.0,0.071225,0.547033,1447204.0,969170.0,478034.0,0.0,2565019.0,880324.0,0.0,183.0,906.0,102925.0,17850.0,,,,,,,,,,,,,,,,,,,,,,,,,2565019.0,nextline\nextline_results_vs_nopf.csv,0.011697,0.07122512231880196,0.16672513883391504,969170.0,478034.0,0.0,0.071225,0.547033,,,,,,,,,,,,,,
merge,l1d,ddr4_2x,Stride,deg32_dist1,1.2008007391438251,0.009741,0.021405439537805382,0.33272241382423573,2114484.0,162543.0,10512.0,0.076871,0.813223,0.004971425652783374,0.19339363443396745,1930578.0,0.9130255892217676,1494968.0,0.3825709729128835,3752.0,0.0009601585387574443,285747.0,0.07312431289294334,41859.0,1812.0,23.100993,,,,,,,,,,,merge_stride_deg32_dist1_l1d_ddr4_2x,stride,9741283632.0,37918829.0,38897842.0,29253104.0,1.296234,234038.0,10933576.0,73706.0,221524.0,7065442619.0,30189.296691,5713618126.0,77519.036795,41859.0,1812.0,23.100993,0.0,0.0,,196706.0,37332.0,0.003414,22902.295136,,73706.0,0.332722,77186.041313,,,,,,,,,5213252.0,3.151999,16.665911,4449.0,2.0,1733.0,14403833.0,2114484.0,162543.0,10512.0,0.076871,0.813223,1930578.0,1846673.0,83884.0,21.0,3907688.0,285747.0,0.0,3752.0,1494968.0,1496152.0,1285701.0,,,,,,,,,,,,,,,,,,,,,,,,,3907688.0,stride\stride_results_vs_nopf.csv,0.011697,0.07687123667050685,0.40986078506030293,1846673.0,83884.0,21.0,0.076871,0.813223,,,,,,,,,,,,,,
merge,l2,ddr4_1x,No prefetch,none,1.0,0.011631,0.0951809118436763,0.3578311220490022,0.0,0.0,0.0,,0.0,,0.0,0.0,,0.0,,0.0,,0.0,,,,,,,,,,,,,0.0,0.0,,,,,,,,,,,,,,,,,,,,,,,,,,,,,,,,,,,,,,,,,,,,,,,,,,,,,,,,,,,,,,,,,,,,,,,,,,,,,,,,,,,,,,,,,,,,,,,,,,,,,,,,,,,,
merge,l2,ddr4_1x,IMP,s32,1.145572737122033,0.010153,0.07605281628158359,0.0857086066388392,85093.0,54694.0,373.0,0.6427555733139036,0.760251313558144,0.004383439295829269,0.4228433710991851,38169.0,0.3820185359409092,3685.0,0.018453695496497054,6149.0,0.030792882932960754,86694.0,0.43414509562369485,30621.0,765.0,40.027451,9.92,48.29,0.0,0.0,742587979.0,0.03687130125705856,70592.57,88084.57,378541780.7197138,3919232.0,merge_imp3_s32_l2_ddr4_1x,imp,10152784386.0,37919464.0,38898619.0,30488842.0,1.243717,844646.0,11106045.0,17248.0,201240.0,14885217867.0,17198.08515,1749282801.0,90890.720202,0.0,0.0,,30621.0,765.0,40.027451,664195.0,201321.0,0.018109,12788.77894,8381.0,10865.0,0.053955,109456.797055,448244206.001328,294349954.51045644,448238025.0,294349955.0,19207.0,444.844389,293.972884,3332.0,5213398.0,4.134971,25.476958,9609.0,2.0,2226.0,14757871.0,,,,,,,,,,,,,,,,,85093.0,54694.0,373.0,0.529635,0.829657,38169.0,17896.0,20273.0,0.0,199689.0,86694.0,0.0,6149.0,3685.0,100903.0,0.0,,,,,3919232.0,378541780.7197138,61638.0,88329.21,199689.0,imp\imp_all_stages_including_stage3_vs_nopf.csv,0.011631,0.6427555733139036,0.760251313558144,17896.0,20273.0,0.0,0.529635,0.829657,0.010657,1.969861124790695,0.0611404064165191,1.0293634695257414,1.0,1.019698611247907,stage3,sdist16,0.010353,1.0293634695257414,s16_ipd16_addr16,0.010353,1.123442480440452,stage3: s32
merge,l2,ddr4_1x,Next-line,deg4,1.1551296057205285,0.010069,0.07534752545979262,0.13053983121902332,277774.0,45960.0,469.0,0.165458,0.640495,0.0016884229625522907,1.3781001473484717,230835.0,0.831017301835305,0.0,0.0,8.0,2.8795519417178686e-05,31.0,0.00011158263774156742,0.0,0.0,40.421053,1.43,46.47,0.0,0.0,765825730.0,0.03802511217493973,34447.84,51939.84,297240560.96810204,2992768.0,merge_nextline_deg4_l2_ddr4_1x,nextline,10068504750.0,37919543.0,38898624.0,30235750.0,1.254131,836280.0,11098971.0,26312.0,201563.0,17880262823.0,21380.713186,2558163609.0,97224.217429,0.0,0.0,,0.0,0.0,40.421053,634931.0,201349.0,0.018141,16643.096817,515.0,25797.0,0.127985,97143.020235,462254139.5732072,303571590.4091916,462254140.0,303571590.0,19207.0,459.63528,303.171134,3332.0,5213399.0,5.048488,30.259079,17710.0,2.0,1860.0,14710537.0,,,,,,,,,,,,,,,,,277774.0,45960.0,469.0,0.165458,0.640495,230835.0,144551.0,86282.0,2.0,277821.0,31.0,0.0,8.0,0.0,11267.0,7285.0,,,,,2992768.0,297240560.96810204,46922.0,41515.75,277821.0,nextline\nextline_results_vs_nopf.csv,0.011631,0.16545825023220315,0.6359309276068187,144551.0,86282.0,2.0,0.165458,0.640495,,,,,,,,,,,,,,
merge,l2,ddr4_1x,Stride,deg32_dist1,1.1343996878962255,0.010253,0.08154016621097417,0.11930333528727981,683886.0,48274.0,414.0,0.070588,0.746294,0.0006053640519033875,3.397313489185403,627494.0,0.9175418125243096,343135.0,0.2946611742136372,2162.0,0.0018565796513030836,131953.0,0.11331232873653829,28222.0,952.0,29.644958,5.41,48.86,0.0,1112.0,752094127.0,0.03734330465142294,73446.3,90938.3,349060160.3012534,3579008.0,merge_stride_deg32_dist1_l2_ddr4_1x,stride,10253269800.0,37919536.0,38898616.0,30790600.0,1.231531,905301.0,11102516.0,24016.0,201302.0,16263102279.0,17964.303893,1999565439.0,83259.720145,0.0,0.0,,28222.0,952.0,29.644958,703987.0,201314.0,0.018132,13962.736263,7605.0,16411.0,0.081524,87195.050332,454136494.09674174,297963874.899693,454130252.0,297963875.0,19207.0,450.347654,297.626812,3332.0,5213398.0,4.094785,25.21786,10132.0,2.0,2098.0,14743618.0,,,,,,,,,,,,,,,,,683886.0,48274.0,414.0,0.070588,0.746294,627494.0,575704.0,51790.0,0.0,1164507.0,131953.0,0.0,2162.0,343135.0,442501.0,376634.0,,,,,3579008.0,349060160.3012534,56340.0,98987.48,1164507.0,stride\stride_results_vs_nopf.csv,0.011631,0.07058778802315006,0.6677825425370038,575704.0,51790.0,0.0,0.070588,0.746294,,,,,,,,,,,,,,
merge,l2,ddr4_2x,No prefetch,none,1.0,0.011697,0.09471320271825076,0.3578520146665542,0.0,0.0,0.0,,0.0,,0.0,0.0,,0.0,,0.0,,0.0,,,,,,,,,,,,,0.0,0.0,,,,,,,,,,,,,,,,,,,,,,,,,,,,,,,,,,,,,,,,,,,,,,,,,,,,,,,,,,,,,,,,,,,,,,,,,,,,,,,,,,,,,,,,,,,,,,,,,,,,,,,,,,,,
merge,l2,ddr4_2x,IMP,s32_sth2_dist32_ipd16,1.1637647995224358,0.010051,0.07635632760795039,0.06664945100239861,91741.0,58651.0,391.0,0.6393106680764326,0.8137834387834387,0.004261998452164245,0.4555910352739029,36597.0,0.3696741348310067,1654.0,0.01074298036515741,3250.0,0.021109241950883664,48025.0,0.31192964452036553,13729.0,387.0,35.475452,,,,,,,,,,,merge_imp3_s32_sth2_dist32_ipd16_l2_ddr4_2x,imp,10050687918.0,37919536.0,38898544.0,30182246.0,1.256354,848012.0,11105982.0,13421.0,201367.0,10889130954.0,12572.863717,1174183238.0,74244.909137,0.0,0.0,,13729.0,387.0,35.475452,664760.0,201322.0,0.018109,9984.753261,5629.0,10186.0,0.050571,83496.851561,,,,,,,,,5213391.0,3.657893,18.694875,4821.0,2.0,1697.0,14757609.0,,,,,,,,,,,,,,,,,91741.0,58651.0,391.0,0.569729,0.847029,36597.0,19411.0,17186.0,0.0,153961.0,48025.0,0.0,3250.0,1654.0,91735.0,0.0,,,,,,,,,153961.0,imp\imp_all_stages_including_stage3_vs_nopf.csv,0.011697,0.6393106680764326,0.8137834387834387,19411.0,17186.0,0.0,0.569729,0.847029,0.010555,1.7212217689782203,0.065135311763198,1.0323748043818466,1.0,1.0172122176897822,stage3,sdist16,0.010224,1.0323748043818466,aggr_s16_sth2_d32_ipd16,0.010224,1.1440727699530515,stage3: s32_sth2_dist32_ipd16
merge,l2,ddr4_2x,Next-line,deg4,1.1609925558312655,0.010075,0.07513019494756838,0.1301955686971017,277787.0,46031.0,476.0,0.165706,0.640824,0.0017135431103687357,1.3781441314507408,230843.0,0.8310072105606093,0.0,0.0,10.0,3.5993362823895276e-05,25.0,8.998340705973818e-05,0.0,0.0,27.5,,,,,,,,,,,merge_nextline_deg4_l2_ddr4_2x,nextline,10074579003.0,37919543.0,38898624.0,30253991.0,1.253375,833865.0,11098933.0,26243.0,201566.0,16403135429.0,19671.212281,2348230752.0,89480.271006,0.0,0.0,,0.0,0.0,27.5,632516.0,201349.0,0.018141,15613.852957,443.0,25800.0,0.127998,89343.47407,,,,,,,,,5213399.0,4.846012,28.40231,15823.0,2.0,1841.0,14710521.0,,,,,,,,,,,,,,,,,277787.0,46031.0,476.0,0.165706,0.640824,230843.0,155808.0,75033.0,2.0,277829.0,25.0,0.0,10.0,0.0,11267.0,7278.0,,,,,,,,,277829.0,nextline\nextline_results_vs_nopf.csv,0.011697,0.16570609855752788,0.636895702465617,155808.0,75033.0,2.0,0.165706,0.640824,,,,,,,,,,,,,,
merge,l2,ddr4_2x,Stride,deg32_dist1,1.1520732788338421,0.010153,0.0815328519880308,0.10434570943160028,716213.0,51287.0,425.0,0.071609,0.772592,0.0005933988911120015,3.5579030511370977,658509.0,0.9194317891465248,308836.0,0.2653098041506523,2089.0,0.001794584118660754,133412.0,0.11460940949677766,22491.0,1013.0,22.202369,,,,,,,,,,,merge_stride_deg32_dist1_l2_ddr4_2x,stride,10152918252.0,37919514.0,38898593.0,30489244.0,1.243703,905218.0,11102494.0,21005.0,201302.0,11931052665.0,13180.308683,1366602494.0,65060.818567,0.0,0.0,,22491.0,1013.0,22.202369,703904.0,201314.0,0.018132,10876.922589,5909.0,15096.0,0.074992,70088.459327,,,,,,,,,5213396.0,3.5258,17.730608,4659.0,2.0,1740.0,14743630.0,,,,,,,,,,,,,,,,,716213.0,51287.0,425.0,0.071609,0.772592,658509.0,600859.0,57650.0,0.0,1164058.0,133412.0,0.0,2089.0,308836.0,442886.0,401061.0,,,,,,,,,1164058.0,stride\stride_results_vs_nopf.csv,0.011697,0.07160858571402641,0.7094422619376971,600859.0,57650.0,0.0,0.071609,0.772592,,,,,,,,,,,,,,
quick,l1d,ddr4_1x,No prefetch,none,1.0,0.009731,0.035004918962317035,0.34397411440851905,0.0,0.0,0.0,,0.0,,0.0,0.0,,0.0,,0.0,,0.0,,,,,,,,,,,,,0.0,0.0,,,,,,,,,,,,,,,,,,,,,,,,,,,,,,,,,,,,,,,,,,,,,,,,,,,,,,,,,,,,,,,,,,,,,,,,,,,,,,,,,,,,,,,,,,,,,,,,,,,,,,,,,,,,
quick,l1d,ddr4_1x,IMP,s32_sth2_pt8,1.1555634722717016,0.008421,0.005300489118072483,0.3281420859375899,175910.0,74424.0,2299.0,0.4230799840827696,0.6051420486884687,0.013069183104996874,0.019200383854868632,93804.0,0.5650911456764539,1.0,1.2356861208970586e-06,11047.0,0.013650624577549807,78298.0,0.0967517518939979,0.0,0.0,,6.72,57.02,0.0,0.0,385104719.0,0.019121386975433228,46985.97,64477.97,182772412.2227384,1553088.0,quick_imp3_s32_sth2_pt8_l1d_ddr4_1x,imp,8421309594.0,24424723.0,24707902.0,25289218.0,0.966241,48562.0,9161796.0,28508.0,86877.0,1999633032.0,33655.923385,2623643538.0,92009.242083,0.0,0.0,,0.0,0.0,,46710.0,12704.0,0.001386,23293.276606,,28515.0,0.334931,91676.242083,214774719.03999707,170337531.4142437,214767187.0,170337531.0,19207.0,214.714465,169.930818,3332.0,4368783.0,2.811733,13.484911,927.0,2.0,1561.0,14258870.0,175910.0,74424.0,2299.0,0.422535,0.846652,93804.0,54854.0,38949.0,1.0,809267.0,78298.0,0.0,11047.0,1.0,96237.0,0.0,,,,,,,,,,,,,,,,,1553088.0,182772412.2227384,24275.0,69434.03,,,,,809267.0,imp\imp_all_stages_including_stage3_vs_nopf.csv,0.009731,0.4230799840827696,0.6051420486884687,54854.0,38949.0,1.0,0.422535,0.846652,0.008793,0.8193801211257457,1.1873773597672372,1.035689045936396,1.0008244994110718,1.0081938012112577,stage3,sdist16,0.008497,1.0348358244086149,s16_sth8,0.00849,1.1461719670200237,stage3: s32_sth2_pt8
quick,l1d,ddr4_1x,Next-line,deg32,1.1828126899234228,0.008227,0.0008931461030409133,0.3118050168088958,1970185.0,83684.0,6714.0,0.042475,0.977069,0.0034078018054142126,0.21577719865354528,1879574.0,0.954008887490261,28084.0,0.01268532939216657,1597.0,0.0007213527645381716,208124.0,0.09400802928412175,393.0,12.0,32.75,4.29,57.13,0.0,0.0,404391212.0,0.02007900831284401,55542.05,73034.05,219337287.8024996,1804480.0,quick_nextline_deg32_l1d_ddr4_1x,nextline,8226964134.0,24424730.0,24707910.0,24705598.0,0.989067,8155.0,9130645.0,28938.0,92808.0,302304723.0,37069.861803,2922172278.0,100980.450549,393.0,12.0,32.75,0.0,0.0,,6191.0,1964.0,0.000215,22724.537169,,28938.0,0.311805,100647.462057,225117305.7077047,179281685.92645526,225109526.0,179281686.0,19207.0,225.07063,178.783811,3332.0,4368784.0,2.236844,5.321246,138.0,2.0,1272.0,14125886.0,1970185.0,83684.0,6714.0,0.042475,0.977069,1879574.0,1842251.0,37315.0,8.0,2213896.0,208124.0,0.0,1597.0,28084.0,725016.0,707908.0,,,,,,,,,,,,,,,,,1804480.0,219337287.8024996,28201.0,73727.49,,,,,2213896.0,nextline\nextline_results_vs_nopf.csv,0.009731,0.042475199029532756,0.9112033014296759,1842251.0,37315.0,8.0,0.042475,0.977069,,,,,,,,,,,,,,
quick,l1d,ddr4_1x,Stride,deg8_dist1,1.1779445587701247,0.008261,0.0015631702864893646,0.33947236838972356,603831.0,79577.0,589.0,0.131787,0.957479,0.0009754384918959113,0.06602942827989923,523601.0,0.8671316974451461,0.0,0.0,0.0,0.0,100.0,0.000165580184688138,0.0,0.0,477.0,1.34,57.69,0.0,0.0,396096836.0,0.019667172348777972,22601.85,40093.85,211404523.4107604,1746432.0,quick_stride_deg8_dist1_l1d_ddr4_1x,stride,8261090973.0,24424709.0,24707880.0,24808081.0,0.98498,14295.0,9144877.0,28515.0,83998.0,576426996.0,40323.679328,1941637208.0,68091.783553,0.0,0.0,477.0,0.0,0.0,,10761.0,3534.0,0.000386,24934.387946,,28515.0,0.339472,67758.783553,220918036.85067588,175186546.756359,220910290.0,175186547.0,19207.0,220.91029,174.775947,3332.0,4368780.0,2.324714,8.211548,525.0,2.0,1233.0,14142579.0,603831.0,79577.0,589.0,0.131787,0.957479,523601.0,497514.0,26086.0,1.0,603937.0,100.0,0.0,0.0,0.0,56799.0,56403.0,,,,,,,,,,,,,,,,,1746432.0,211404523.4107604,27288.0,39825.7,,,,,603937.0,stride\stride_results_vs_nopf.csv,0.009731,0.13178687414193707,0.8477181694221919,497514.0,26086.0,1.0,0.131787,0.957479,,,,,,,,,,,,,,
quick,l1d,ddr4_2x,No prefetch,none,1.0,0.00967,0.035008919720362866,0.34399826141549755,0.0,0.0,0.0,,0.0,,0.0,0.0,,0.0,,0.0,,0.0,,,,,,,,,,,,,0.0,0.0,,,,,,,,,,,,,,,,,,,,,,,,,,,,,,,,,,,,,,,,,,,,,,,,,,,,,,,,,,,,,,,,,,,,,,,,,,,,,,,,,,,,,,,,,,,,,,,,,,,,,,,,,,,,
quick,l1d,ddr4_2x,IMP,s32_dist32_addr16,1.1528373867429662,0.008388,0.005101154745906671,0.3279692870032989,172896.0,74633.0,2323.0,0.43166412178419394,0.6149466485395295,0.013435822691097539,0.018872919005141653,90734.0,0.5572177800705013,1.0,1.2773724958708933e-06,10989.0,0.014037046357125247,77420.0,0.09889417863032457,0.0,0.0,,,,,,,,,,,,quick_imp3_s32_dist32_addr16_l1d_ddr4_2x,imp,8388313290.0,24424723.0,24707912.0,25190130.0,0.970042,46732.0,9161063.0,28533.0,86999.0,1671846480.0,28964.769231,1968047899.0,68979.282149,0.0,0.0,,0.0,0.0,,44951.0,12769.0,0.001393,20929.241679,,28531.0,0.335233,68646.282149,,,,,,,,,4368784.0,2.716856,12.056251,405.0,2.0,1461.0,14257108.0,172896.0,74633.0,2323.0,0.431458,0.846203,90734.0,55256.0,35477.0,1.0,782857.0,77420.0,0.0,10989.0,1.0,95879.0,0.0,,,,,,,,,,,,,,,,,,,,,,,,,782857.0,imp\imp_all_stages_including_stage3_vs_nopf.csv,0.00967,0.43166412178419394,0.6149466485395295,55256.0,35477.0,1.0,0.431458,0.846203,0.008745,0.8464473056747801,1.2171864171864173,1.0338101430429127,1.0,1.0084644730567478,stage3,sdist16,0.008459,1.0338101430429127,s16_pt8_sth2,0.008459,1.143161130157229,stage3: s32_dist32_addr16
quick,l1d,ddr4_2x,Next-line,deg16,1.1759698406907455,0.008223,0.0009184277165845529,0.32520774373950007,1176617.0,82584.0,3744.0,0.070188,0.977742,0.0031820039996022496,0.1288621112097027,1090037.0,0.926416157509198,294.0,0.00023113970744317029,407.0,0.00031997911880738203,89094.0,0.07004476562905379,160.0,12.0,13.333333,,,,,,,,,,,quick_nextline_deg16_l1d_ddr4_2x,nextline,8222522247.0,24424725.0,24707905.0,24692259.0,0.989601,8386.0,9130822.0,28843.0,88691.0,289347693.0,34503.660029,1807700627.0,62673.807406,160.0,12.0,13.333333,0.0,0.0,,6506.0,1880.0,0.000206,21308.457447,,28843.0,0.325208,62340.807406,,,,,,,,,4368784.0,2.22729,4.16514,64.0,2.0,1206.0,14125593.0,1176617.0,82584.0,3744.0,0.070188,0.977742,1090037.0,1065195.0,24840.0,2.0,1271958.0,89094.0,0.0,407.0,294.0,183626.0,179888.0,,,,,,,,,,,,,,,,,,,,,,,,,1271958.0,nextline\nextline_results_vs_nopf.csv,0.00967,0.0701876651450727,0.9078157634384962,1065195.0,24840.0,2.0,0.070188,0.977742,,,,,,,,,,,,,,
quick,l1d,ddr4_2x,Stride,deg8_dist1,1.1712693798449614,0.008256,0.0014554220789662466,0.33944408070948157,603812.0,79580.0,592.0,0.131796,0.957342,0.0009804376196564494,0.06605045594474013,523587.0,0.867135797234901,0.0,0.0,0.0,0.0,126.0,0.0002086279236885417,0.0,0.0,9.0,,,,,,,,,,,quick_stride_deg8_dist1_l1d_ddr4_2x,stride,8256362040.0,24424718.0,24707897.0,24793880.0,0.985545,13305.0,9141678.0,28515.0,84005.0,476968554.0,35848.820293,1674039808.0,58707.340277,0.0,0.0,9.0,0.0,0.0,,9759.0,3546.0,0.000388,22088.812183,,28515.0,0.339444,58374.340277,,,,,,,,,4368783.0,2.287619,6.866713,314.0,2.0,1255.0,14147944.0,603812.0,79580.0,592.0,0.131796,0.957342,523587.0,502582.0,21005.0,0.0,603946.0,126.0,0.0,0.0,0.0,56814.0,56419.0,,,,,,,,,,,,,,,,,,,,,,,,,603946.0,stride\stride_results_vs_nopf.csv,0.00967,0.13179598948016932,0.8567583571082521,502582.0,21005.0,0.0,0.131796,0.957342,,,,,,,,,,,,,,
quick,l2,ddr4_1x,No prefetch,none,1.0,0.009731,0.035004918962317035,0.34397411440851905,0.0,0.0,0.0,,0.0,,0.0,0.0,,0.0,,0.0,,0.0,,,,,,,,,,,,,0.0,0.0,,,,,,,,,,,,,,,,,,,,,,,,,,,,,,,,,,,,,,,,,,,,,,,,,,,,,,,,,,,,,,,,,,,,,,,,,,,,,,,,,,,,,,,,,,,,,,,,,,,,,,,,,,,,
quick,l2,ddr4_1x,IMP,s32_dist32_addr16,1.124711049468331,0.008652,0.025406168565106052,0.026453365529731362,28315.0,26303.0,19.0,0.9289422567543705,0.9231066189373202,0.0006710224262758256,0.3418653788107455,5473.0,0.1818755815499136,0.0,0.0,0.0,0.0,10.0,0.0003321707357581797,0.0,0.0,,8.3,59.13,0.0,0.0,371469611.0,0.018444370663618505,51035.44,68527.44,178759174.46955308,1575296.0,quick_imp3_s32_dist32_addr16_l2_ddr4_1x,imp,8652488517.0,24424723.0,24707897.0,25983449.0,0.940425,234259.0,9220556.0,2191.0,82825.0,2920844898.0,12032.713325,372944349.0,93681.072344,0.0,0.0,,0.0,0.0,,160157.0,82585.0,0.00895,8506.18329,77.0,3904.0,0.047138,94606.886527,207148286.8853117,164328587.01237416,207141024.0,164328587.0,19207.0,207.119237,163.943675,3332.0,4368783.0,3.082701,13.844275,2529.0,2.0,1726.0,14653258.0,,,,,,,,,,,,,,,,,28315.0,26303.0,19.0,0.814502,0.862603,5473.0,4522.0,951.0,0.0,30105.0,10.0,0.0,0.0,0.0,27959.0,0.0,,,,,1575296.0,178759174.46955308,24618.0,68706.47,30105.0,imp\imp_all_stages_including_stage3_vs_nopf.csv,0.009731,0.9289422567543705,0.9231066189373202,4522.0,951.0,0.0,0.814502,0.862603,0.00905,1.8492834026814675,0.1009714017351756,1.0270086246028145,1.0,1.018492834026815,stage3,sdist16,0.008812,1.0270086246028145,s16,0.008812,1.1042896050839763,stage3: s32_dist32_addr16
quick,l2,ddr4_1x,Next-line,deg8,1.1358701996031284,0.008567,0.024772650521099854,0.009677341506383184,211744.0,27697.0,756.0,0.130804,0.979766,0.0035703491008009674,2.555011221854864,183123.0,0.8648320613571104,39.0,0.00018403865755596663,10.0,4.7189399373324774e-05,109.0,0.0005143644531692401,398.0,11.0,36.181818,1.91,56.14,0.0,0.0,390002288.0,0.01936456320119089,23222.24,40714.24,212878614.6017581,1823680.0,quick_nextline_deg8_l2_ddr4_1x,nextline,8566759998.0,24424725.0,24707905.0,25726006.0,0.949836,228062.0,9206201.0,802.0,82874.0,1377978309.0,6042.12148,83009568.0,103503.201995,0.0,0.0,,398.0,11.0,36.181818,145428.0,82634.0,0.008976,5206.0577,230.0,572.0,0.006902,109666.438811,217196699.85319927,172842941.82931304,217159346.0,172842942.0,19207.0,217.159346,172.424581,3332.0,4368784.0,2.65919,8.792695,662.0,2.0,1435.0,14605350.0,,,,,,,,,,,,,,,,,211744.0,27697.0,756.0,0.130804,0.979766,183123.0,162946.0,20177.0,0.0,211912.0,109.0,0.0,10.0,39.0,16080.0,15971.0,,,,,1823680.0,212878614.6017581,28500.0,39871.53,211912.0,nextline\nextline_results_vs_nopf.csv,0.009731,0.13080417863079946,0.9718586617074283,162946.0,20177.0,0.0,0.130804,0.979766,,,,,,,,,,,,,,
quick,l2,ddr4_1x,Stride,default,1.1332246419005474,0.008587,0.024935496309006693,0.017472047139510734,108165.0,27041.0,8.0,0.249998,0.971614,7.39610779827116e-05,1.3060566543505034,80452.0,0.7437895807331392,0.0,0.0,0.0,0.0,0.0,0.0,0.0,0.0,11.0,1.36,55.49,0.0,0.0,380933024.0,0.01891425216117903,17784.1,35276.1,206516663.15534675,1773376.0,quick_stride_default_l2_ddr4_1x,stride,8587084320.0,24424718.0,24707897.0,25787040.0,0.947588,229838.0,9217302.0,1447.0,82818.0,1516986162.0,6600.240874,113490396.0,78431.510712,0.0,0.0,,0.0,0.0,11.0,147254.0,82584.0,0.00896,5492.810484,657.0,790.0,0.009539,73685.734177,212412028.58015025,168528448.78085464,212404576.0,168528449.0,19207.0,212.412029,168.118531,3332.0,4368783.0,2.683739,9.208985,468.0,2.0,1418.0,14610188.0,,,,,,,,,,,,,,,,,108165.0,27041.0,8.0,0.249998,0.971614,80452.0,63379.0,17073.0,0.0,108165.0,0.0,0.0,0.0,0.0,4427.0,4330.0,,,,,1773376.0,206516663.15534675,27709.0,34956.73,108165.0,stride\stride_results_vs_nopf.csv,0.009731,0.24999768871631303,0.9492066835158663,63379.0,17073.0,0.0,0.249998,0.971614,,,,,,,,,,,,,,
quick,l2,ddr4_2x,No prefetch,none,1.0,0.00967,0.035008919720362866,0.34399826141549755,0.0,0.0,0.0,,0.0,,0.0,0.0,,0.0,,0.0,,0.0,,,,,,,,,,,,,0.0,0.0,,,,,,,,,,,,,,,,,,,,,,,,,,,,,,,,,,,,,,,,,,,,,,,,,,,,,,,,,,,,,,,,,,,,,,,,,,,,,,,,,,,,,,,,,,,,,,,,,,,,,,,,,,,,
quick,l2,ddr4_2x,IMP,s32_dist8_addr16,1.1210294458613494,0.008626,0.02528795400371906,0.02647783251231527,28397.0,26300.0,19.0,0.9261541712152692,0.9230337275822131,0.0006690847624749093,0.3428595576161499,5729.0,0.18878307575707648,0.0,0.0,0.0,0.0,10.0,0.00032938076416337287,0.0,0.0,,,,,,,,,,,,quick_imp3_s32_dist8_addr16_l2_ddr4_2x,imp,8626164534.0,24424723.0,24707902.0,25904398.0,0.943295,233143.0,9219528.0,2193.0,82824.0,2339379945.0,9727.191984,280244142.0,69956.101348,0.0,0.0,,0.0,0.0,,157914.0,82585.0,0.008952,7395.317709,97.0,3909.0,0.047196,70484.659248,,,,,,,,,4368783.0,2.90246,10.46852,512.0,2.0,1421.0,14650999.0,,,,,,,,,,,,,,,,,28397.0,26300.0,19.0,0.806966,0.862349,5729.0,4593.0,1136.0,0.0,30360.0,10.0,0.0,0.0,0.0,28040.0,0.0,,,,,,,,,30360.0,imp\imp_all_stages_including_stage3_vs_nopf.csv,0.00967,0.9261541712152692,0.9230337275822131,4593.0,1136.0,0.0,0.806966,0.862349,0.008962,1.19406445629493,0.1018257872174104,1.0266926337495703,1.0,1.0119406445629493,stage3,sdist16,0.008729,1.0266926337495703,s16_dist8_addr16,0.008729,1.107801580937106,stage3: s32_dist8_addr16
quick,l2,ddr4_2x,Next-line,deg16,1.1309941520467837,0.00855,0.02475757246267795,0.009182503770739064,394872.0,27747.0,1170.0,0.070268,0.980044,0.0029629854737737798,4.764669683257918,365843.0,0.9264850381895906,268.0,0.0006774725219167416,26.0,6.57249461561018e-05,403.0,0.0010187366654195778,316.0,16.0,19.75,,,,,,,,,,,quick_nextline_deg16_l2_ddr4_2x,nextline,8550381726.0,24424725.0,24707905.0,25676822.0,0.951655,227922.0,9206153.0,761.0,82875.0,1200276522.0,5266.172296,58267003.0,76566.363995,0.0,0.0,,316.0,16.0,19.75,145288.0,82634.0,0.008976,4940.819094,196.0,565.0,0.006817,87449.327434,,,,,,,,,4368784.0,2.60412,6.078747,152.0,2.0,1374.0,14605091.0,,,,,,,,,,,,,,,,,394872.0,27747.0,1170.0,0.070268,0.980044,365843.0,349549.0,16294.0,0.0,395588.0,403.0,0.0,26.0,268.0,60540.0,59950.0,,,,,,,,,395588.0,nextline\nextline_results_vs_nopf.csv,0.00967,0.07026834012034279,0.9733057387400028,349549.0,16294.0,0.0,0.070268,0.980044,,,,,,,,,,,,,,
quick,l2,ddr4_2x,Stride,deg8_dist1,1.1279598740230956,0.008573,0.02476799434725105,0.01558783400345323,205788.0,27203.0,19.0,0.132189,0.956438,9.232802690147142e-05,2.4847321331546346,178499.0,0.8673926565203024,0.0,0.0,0.0,0.0,0.0,0.0,0.0,0.0,340.666667,,,,,,,,,,,quick_stride_deg8_dist1_l2_ddr4_2x,stride,8572629789.0,24424718.0,24707897.0,25743633.0,0.949185,228263.0,9216047.0,1291.0,82821.0,1362987981.0,5971.12971,93287619.0,72259.968242,0.0,0.0,,0.0,0.0,340.666667,145676.0,82587.0,0.008961,5256.611464,52.0,1239.0,0.01496,67337.491525,,,,,,,,,4368783.0,2.649623,7.739403,322.0,2.0,1302.0,14611323.0,,,,,,,,,,,,,,,,,205788.0,27203.0,19.0,0.132189,0.956438,178499.0,162677.0,15822.0,0.0,205788.0,0.0,0.0,0.0,0.0,19436.0,19370.0,,,,,,,,,205788.0,stride\stride_results_vs_nopf.csv,0.00967,0.13218943767372246,0.9546922159051028,162677.0,15822.0,0.0,0.132189,0.956438,,,,,,,,,,,,,,
matmult,l1d,ddr4_1x,No prefetch,none,1.0,0.001279,0.5425800049754687,0.005070230675081171,0.0,0.0,0.0,,0.0,,0.0,0.0,,0.0,,0.0,,0.0,,,,,,,,,,,,,0.0,0.0,,,,,,,,,,,,,,,,,,,,,,,,,,,,,,,,,,,,,,,,,,,,,,,,,,,,,,,,,,,,,,,,,,,,,,,,,,,,,,,,,,,,,,,,,,,,,,,,,,,,,,,,,,,,
matmult,l1d,ddr4_1x,IMP,s64_ipd16_addr16,1.059652029826015,0.001207,0.5374172566384098,0.005074519297402681,24225.0,3014.0,4710.0,0.12441692466460268,0.002616001527592133,0.19442724458204336,0.01132942170141958,21515.0,0.6192614339579195,49009.0,0.017024751875070996,815373.0,0.2832443634971589,1300507.0,0.45177026641622875,965365.0,536710.0,1.798672,3.9,56.96,0.0,0.0,515588559.0,0.02560022734165713,38442.71,55934.71,190107054.78031245,229632.0,matmult_imp3_s64_ipd16_addr16_l1d_ddr4_1x,imp,1206685440.0,7397871.0,7415199.0,3623680.0,2.041538,1149126.0,2138238.0,5492.0,1082270.0,18852733336.0,16386.556572,441733889.0,80681.988858,965365.0,536710.0,1.798672,0.0,0.0,,80767.0,1069733.0,0.500152,16238.285118,,5475.0,0.005055,80348.928037,290194074.42357063,225447468.809986,290141090.0,225447469.0,19207.0,277.371915,225.818358,3332.0,2106632.0,29.544334,27.648257,621.0,2.0,1306.0,2147701.0,24225.0,3014.0,4710.0,0.105546,0.003416,21515.0,19320.0,2135.0,60.0,2878691.0,1300507.0,0.0,815373.0,49009.0,15433565.0,0.0,,,,,,,,,,,,,,,,,229632.0,190107054.78031245,3671.0,56371.35,,,,,2878691.0,imp\imp_all_stages_including_stage3_vs_nopf.csv,0.001279,0.12441692466460268,0.002616001527592133,19320.0,2135.0,60.0,0.105546,0.003416,0.001242,0.082850041425031,0.0031873098652759,1.0281456953642385,1.0,1.0008285004142503,stage3,sdist16,0.001208,1.0281456953642385,s16_dist8_addr16,0.001208,1.058774834437086,stage3: s64_ipd16_addr16
matmult,l1d,ddr4_1x,Next-line,deg8,1.0356275303643725,0.001235,0.536986353922218,0.005063421326425384,29421.0,8886.0,11843.0,0.302029,0.008257,0.4025356038204004,0.013764442348502711,7911.0,0.2688895686754359,8070230.0,0.9379382658957119,2292.0,0.0002663808225333072,485604.0,0.0564378677772531,950089.0,514882.0,1.845256,6.44,57.92,0.0,0.0,498247850.0,0.024739218917563064,36131.79,53623.79,175303672.59882814,216576.0,matmult_nextline_deg8_l1d_ddr4_1x,nextline,1235433330.0,7397871.0,7415194.0,3710010.0,1.994032,1147789.0,2137464.0,5514.0,1088987.0,19256192792.0,16776.770636,442889185.0,80320.853283,950089.0,514882.0,1.845256,0.0,0.0,,80527.0,1067262.0,0.499312,16532.680912,,5514.0,0.005063,79987.551324,285956345.373975,212343307.9144789,285904542.0,212343308.0,19207.0,281.760247,212.602326,3332.0,2106632.0,30.105628,29.462204,840.0,2.0,1333.0,2148066.0,29421.0,8886.0,11843.0,0.302029,0.008257,7911.0,7313.0,598.0,0.0,8604223.0,485604.0,0.0,2292.0,8070230.0,649201.0,6479.0,,,,,,,,,,,,,,,,,216576.0,175303672.59882814,3385.0,55194.61,,,,,8604223.0,nextline\nextline_results_vs_nopf.csv,0.001279,0.30202916284286735,0.007682365400825643,7313.0,598.0,0.0,0.302029,0.008257,,,,,,,,,,,,,,
matmult,l1d,ddr4_1x,Stride,deg16_dist1,1.066722268557131,0.001199,0.5352245323402232,0.005065778265024186,16594.0,3806.0,2328.0,0.22936,0.003536,0.14029167168856213,0.0077597643545586625,9388.0,0.5657466554176208,45171.0,0.05035033785365397,505899.0,0.563905726457809,87093.0,0.09707914313803735,987067.0,537108.0,1.837744,4.25,57.74,0.0,0.0,518842555.0,0.02576179616609034,42298.65,59790.65,202988207.00733143,243328.0,matmult_stride_deg16_dist1_l1d_ddr4_1x,stride,1198729737.0,7397871.0,7415194.0,3599789.0,2.055087,1144560.0,2138467.0,5471.0,1079992.0,18673728316.0,16315.202625,461679113.0,84386.60446,987067.0,537108.0,1.837744,0.0,0.0,,71991.0,1072569.0,0.50156,16186.292602,,5471.0,0.005066,84053.543593,292202645.17388874,226693300.0928799,292149255.0,226693300.0,19207.0,279.282302,226.479741,3332.0,2106632.0,29.395386,26.88094,430.0,2.0,1510.0,2148002.0,16594.0,3806.0,2328.0,0.22936,0.003536,9388.0,9083.0,299.0,6.0,897134.0,87093.0,0.0,505899.0,45171.0,15701474.0,15023.0,,,,,,,,,,,,,,,,,243328.0,202988207.00733143,3864.0,60339.63,,,,,897134.0,stride\stride_results_vs_nopf.csv,0.001279,0.2293600096420393,0.003314274368972958,9083.0,299.0,6.0,0.22936,0.003536,,,,,,,,,,,,,,
matmult,l1d,ddr4_2x,No prefetch,none,1.0,0.001298,0.5435125964346933,0.004959456788703016,0.0,0.0,0.0,,0.0,,0.0,0.0,,0.0,,0.0,,0.0,,,,,,,,,,,,,0.0,0.0,,,,,,,,,,,,,,,,,,,,,,,,,,,,,,,,,,,,,,,,,,,,,,,,,,,,,,,,,,,,,,,,,,,,,,,,,,,,,,,,,,,,,,,,,,,,,,,,,,,,,,,,,,,,
matmult,l1d,ddr4_2x,IMP,s64_sth2_pt8,1.0656814449917897,0.001218,0.5377782242708988,0.0050029807154641365,21277.0,2954.0,3470.0,0.13883536212811956,0.0025600759876312105,0.16308690134887438,0.009941896188791828,19387.0,0.6086396885693656,51392.0,0.017795328103093234,816513.0,0.2827311008608532,1297053.0,0.44912600603404007,980491.0,537693.0,1.823515,,,,,,,,,,,matmult_imp3_s64_sth2_pt8_l1d_ddr4_2x,imp,1218429684.0,7397876.0,7415199.0,3658948.0,2.021861,1150918.0,2140135.0,5413.0,1081955.0,18919578908.0,16426.425348,349641322.0,65182.945936,980491.0,537693.0,1.823515,0.0,0.0,,81946.0,1069831.0,0.499919,16325.787017,,5364.0,0.004955,64850.008016,,,,,,,,,2106632.0,29.751302,26.99861,545.0,2.0,1286.0,2155998.0,21277.0,2954.0,3470.0,0.109064,0.003237,19387.0,17113.0,2221.0,53.0,2887949.0,1297053.0,0.0,816513.0,51392.0,15431107.0,0.0,,,,,,,,,,,,,,,,,,,,,,,,,2887949.0,imp\imp_all_stages_including_stage3_vs_nopf.csv,0.001298,0.13883536212811956,0.0025600759876312105,17113.0,2221.0,53.0,0.109064,0.003237,0.001261,0.246305418719217,0.003100453116403,1.0327600327600326,1.0016380016380015,1.0024630541871922,stage3,sdist16,0.001223,1.0310711365494685,s16_pt8_sth2,0.001221,1.0630630630630629,stage3: s64_sth2_pt8
matmult,l1d,ddr4_2x,Next-line,deg8,1.0510121457489878,0.001235,0.5369853217191786,0.005045804415009818,25062.0,8702.0,10760.0,0.347219,0.008097,0.4293352485835129,0.01174506158635657,5016.0,0.2001436437634666,8063361.0,0.9389724354117082,1657.0,0.00019295642666590276,481184.0,0.05603352155027505,984956.0,519065.0,1.897558,,,,,,,,,,,matmult_nextline_deg8_l1d_ddr4_2x,nextline,1235068695.0,7397871.0,7415194.0,3708915.0,1.994621,1145837.0,2133833.0,5481.0,1086249.0,19463467402.0,16986.244468,363188597.0,66263.199599,984956.0,519065.0,1.897558,0.0,0.0,,79849.0,1065988.0,0.499565,16788.54666,,5481.0,0.005046,65929.895822,,,,,,,,,2106632.0,30.348519,28.597454,684.0,2.0,1615.0,2146118.0,25062.0,8702.0,10760.0,0.347219,0.008097,5016.0,4238.0,778.0,0.0,8587431.0,481184.0,0.0,1657.0,8063361.0,648905.0,4383.0,,,,,,,,,,,,,,,,,,,,,,,,,8587431.0,nextline\nextline_results_vs_nopf.csv,0.001298,0.34721889713510495,0.0075372074914749525,4238.0,778.0,0.0,0.347219,0.008097,,,,,,,,,,,,,,
matmult,l1d,ddr4_2x,Stride,deg16_dist1,1.0807660283097418,0.001201,0.5359326169614503,0.005027861575470702,15634.0,3477.0,2385.0,0.2224,0.00323,0.15255212997313547,0.007310865150217844,8767.0,0.5607649993603684,39317.0,0.04402932675456033,502966.0,0.5632488328314518,94388.0,0.10570084425844903,954706.0,524159.0,1.821405,,,,,,,,,,,matmult_stride_deg16_dist1_l1d_ddr4_2x,stride,1201419711.0,7397871.0,7415194.0,3607867.0,2.050486,1146071.0,2138461.0,5430.0,1079982.0,18708345047.0,16323.897077,366501884.0,67495.74291,954706.0,524159.0,1.821405,0.0,0.0,,73172.0,1072899.0,0.501715,16198.819434,,5430.0,0.005028,67162.681584,,,,,,,,,2106632.0,29.496197,26.410281,388.0,2.0,1269.0,2151484.0,15634.0,3477.0,2385.0,0.2224,0.00323,8767.0,8550.0,215.0,2.0,892973.0,94388.0,0.0,502966.0,39317.0,15600131.0,11023.0,,,,,,,,,,,,,,,,,,,,,,,,,892973.0,stride\stride_results_vs_nopf.csv,0.001298,0.22239989765894844,0.003024667086541841,8550.0,215.0,2.0,0.2224,0.00323,,,,,,,,,,,,,,
matmult,l2,ddr4_1x,No prefetch,none,1.0,0.001279,0.5425800049754687,0.005070230675081171,0.0,0.0,0.0,,0.0,,0.0,0.0,,0.0,,0.0,,0.0,,,,,,,,,,,,,0.0,0.0,,,,,,,,,,,,,,,,,,,,,,,,,,,,,,,,,,,,,,,,,,,,,,,,,,,,,,,,,,,,,,,,,,,,,,,,,,,,,,,,,,,,,,,,,,,,,,,,,,,,,,,,,,,,
matmult,l2,ddr4_1x,IMP,s32_ipd16_addr16,1.0614107883817427,0.001205,0.5420075570735013,0.0015507578179007068,5773.0,3771.0,23.0,0.65321323402044,0.6931985294117647,0.00398406374501992,0.005364005322193398,2522.0,0.3815431164901664,0.0,0.0,120.0,0.01613770844540075,378.0,0.05083378160301237,241.0,14.0,17.214286,9.39,57.02,0.0,0.0,501312477.0,0.024891385110058777,50297.44,67789.44,209154439.6436197,256256.0,matmult_imp3_s32_ipd16_addr16_l2_ddr4_1x,imp,1204672788.0,7397871.0,7415199.0,3617636.0,2.044949,1158165.0,2136806.0,1669.0,1076248.0,19060262325.0,16459.852524,147783726.0,76492.611801,890456.0,495716.0,1.796303,241.0,14.0,17.214286,81281.0,1076704.0,0.503585,16261.106566,609.0,1323.0,0.001229,81119.598639,282755489.95777065,218609223.25388324,282703254.0,218609223.0,19207.0,271.263488,218.348041,3332.0,2106632.0,29.830379,27.904159,1524.0,2.0,1411.0,2149817.0,,,,,,,,,,,,,,,,,5773.0,3771.0,23.0,0.526475,0.724547,2522.0,1561.0,942.0,19.0,7436.0,378.0,0.0,120.0,0.0,18468.0,0.0,,,,,256256.0,209154439.6436197,4080.0,68499.56,7436.0,imp\imp_all_stages_including_stage3_vs_nopf.csv,0.001279,0.65321323402044,0.6931985294117647,1561.0,942.0,19.0,0.526475,0.724547,0.001238,1.3278008298755362,0.0030202454877636,1.0139230139230138,1.003276003276003,1.0132780082987554,stage3,sdist16,0.001225,1.010612244897959,s16_pt8_sth2,0.001221,1.0475020475020471,stage3: s32_ipd16_addr16
matmult,l2,ddr4_1x,Next-line,deg32,1.0978540772532188,0.001165,0.5424203729964132,0.0008335813678337733,105613.0,4711.0,285.0,0.044606,0.868067,0.0026985314307897703,0.09792772970081012,99804.0,0.9449973014685692,10983.0,0.082663475433526,776.0,0.005840558766859345,14807.0,0.11144478564547206,6303.0,282.0,22.351064,3.11,60.02,0.0,30.0,599565239.0,0.02976987397533581,60891.65,78383.65,304781743.51382124,355072.0,matmult_nextline_deg32_l2_ddr4_1x,nextline,1165004163.0,7397876.0,7415199.0,3498511.0,2.114581,1160529.0,2139538.0,899.0,1078479.0,18452162191.0,15899.785521,79509250.0,88441.879867,789244.0,464335.0,1.69973,6303.0,282.0,22.351064,82268.0,1078261.0,0.503969,15829.830491,183.0,716.0,0.000664,99389.113128,352630499.5701547,247593965.03547084,351971274.0,247593965.0,19207.0,337.742999,248.143319,3332.0,2106632.0,28.693143,25.621215,693.0,2.0,1342.0,2147055.0,,,,,,,,,,,,,,,,,105613.0,4711.0,285.0,0.044606,0.868067,99804.0,95073.0,4727.0,4.0,132864.0,14807.0,0.0,776.0,10983.0,46656.0,39193.0,,,,,355072.0,304781743.51382124,5695.0,75382.64,132864.0,nextline\nextline_results_vs_nopf.csv,0.001279,0.0446062511243881,0.8397504456327985,95073.0,4727.0,4.0,0.044606,0.868067,,,,,,,,,,,,,,
matmult,l2,ddr4_1x,Stride,deg4_dist1,1.0711892797319933,0.001194,0.5416197475533475,0.001867595637697585,16110.0,3417.0,5.0,0.212104,0.766315,0.00031036623215394165,0.014953760299854919,11724.0,0.7277467411545624,0.0,0.0,2.0,0.00012367054167697255,0.0,0.0,62.0,3.0,20.666667,1.3,56.83,0.0,0.0,516747865.0,0.02565778970730797,24523.49,42015.49,231566095.46211588,276416.0,matmult_stride_deg4_dist1_l2_ddr4_1x,stride,1193680791.0,7397871.0,7415194.0,3584627.0,2.06378,1158217.0,2138432.0,2012.0,1077321.0,18850341840.0,16275.310965,117157059.0,58229.154573,865587.0,489306.0,1.76901,62.0,3.0,20.666667,81113.0,1077104.0,0.503689,16161.512031,970.0,1042.0,0.000967,71027.429942,291133109.1362096,225668371.335968,291079493.0,225668371.0,19207.0,279.284045,226.043681,3332.0,2106632.0,29.513833,26.265815,467.0,2.0,1134.0,2151527.0,,,,,,,,,,,,,,,,,16110.0,3417.0,5.0,0.212104,0.766315,11724.0,6739.0,4972.0,13.0,16172.0,0.0,0.0,2.0,0.0,4216.0,696.0,,,,,276416.0,231566095.46211588,4386.0,39133.03,16172.0,stride\stride_results_vs_nopf.csv,0.001279,0.21210428305400372,0.629397679130595,6739.0,4972.0,13.0,0.212104,0.766315,,,,,,,,,,,,,,
matmult,l2,ddr4_2x,No prefetch,none,1.0,0.001298,0.5435125964346933,0.004959456788703016,0.0,0.0,0.0,,0.0,,0.0,0.0,,0.0,,0.0,,0.0,,,,,,,,,,,,,0.0,0.0,,,,,,,,,,,,,,,,,,,,,,,,,,,,,,,,,,,,,,,,,,,,,,,,,,,,,,,,,,,,,,,,,,,,,,,,,,,,,,,,,,,,,,,,,,,,,,,,,,,,,,,,,,,,
matmult,l2,ddr4_2x,IMP,s32_ipd16_addr16,1.0780730897009967,0.001204,0.5420313426498343,0.0015018053222198501,6106.0,3776.0,5.0,0.61840812315755,0.700037078235076,0.0008188666885031117,0.005667505128228928,2297.0,0.3575653798256538,0.0,0.0,119.0,0.01688422247446084,288.0,0.04086265607264472,575.0,18.0,31.944444,,,,,,,,,,,matmult_imp3_s32_ipd16_addr16_l2_ddr4_2x,imp,1203633495.0,7397876.0,7415199.0,3614515.0,2.046716,1159095.0,2138428.0,1618.0,1077370.0,19212457726.0,16568.719677,132949240.0,69534.121339,925151.0,508192.0,1.820475,575.0,18.0,31.944444,81725.0,1077837.0,0.503877,16440.610276,634.0,1278.0,0.001185,70993.089984,,,,,,,,,2106632.0,29.976645,26.932441,396.0,2.0,1536.0,2147932.0,,,,,,,,,,,,,,,,,6106.0,3776.0,5.0,0.544676,0.732468,2297.0,951.0,1338.0,8.0,7048.0,288.0,0.0,119.0,0.0,18552.0,0.0,,,,,,,,,7048.0,imp\imp_all_stages_including_stage3_vs_nopf.csv,0.001298,0.61840812315755,0.700037078235076,951.0,1338.0,8.0,0.544676,0.732468,0.00123,0.8305647840531671,0.0030175186837788,1.013179571663921,1.0,1.0083056478405317,stage3,sdist16,0.001214,1.013179571663921,s16_ipd16_addr16,0.001214,1.0691927512355848,stage3: s32_ipd16_addr16
matmult,l2,ddr4_2x,Next-line,deg16,1.1208981001727114,0.001158,0.5421773244794644,0.0007446064713071506,69087.0,4824.0,303.0,0.069825,0.87965,0.004385774458291719,0.06406304767521434,63287.0,0.9160478816564621,7858.0,0.1008211444701052,613.0,0.007865024377726456,361.0,0.0046317680266871955,4269.0,241.0,17.713693,,,,,,,,,,,matmult_nextline_deg16_l2_ddr4_2x,nextline,1157959881.0,7397871.0,7415194.0,3477357.0,2.127443,1159977.0,2139479.0,803.0,1078422.0,18482376281.0,15933.398922,67270901.0,83774.47198,798759.0,470346.0,1.698237,4269.0,241.0,17.713693,81779.0,1078198.0,0.503954,15851.048209,143.0,660.0,0.000612,94764.089394,,,,,,,,,2106632.0,28.747742,25.375716,294.0,2.0,1509.0,2147008.0,,,,,,,,,,,,,,,,,69087.0,4824.0,303.0,0.069825,0.87965,63287.0,55517.0,7770.0,0.0,77940.0,361.0,0.0,613.0,7858.0,12092.0,10282.0,,,,,,,,,77940.0,nextline\nextline_results_vs_nopf.csv,0.001298,0.06982500325676322,0.857295183934601,55517.0,7770.0,0.0,0.069825,0.87965,,,,,,,,,,,,,,
matmult,l2,ddr4_2x,Stride,deg32_dist1,1.0871021775544387,0.001194,0.5415007079605451,0.001373685061105301,94102.0,3958.0,10.0,0.042061,0.774711,0.00010626766699963868,0.08740129250854026,89812.0,0.954411170857155,32.0,0.00033428744541712805,23.0,0.0002402691013935608,1482.0,0.015481687315880743,263.0,18.0,14.611111,,,,,,,,,,,matmult_stride_deg32_dist1_l2_ddr4_2x,stride,1194269535.0,7397876.0,7415199.0,3586395.0,2.062764,1157637.0,2137831.0,1479.0,1076666.0,18797251884.0,16237.604607,112579964.0,76118.974983,882233.0,496372.0,1.777363,263.0,18.0,14.611111,81187.0,1076450.0,0.503524,16159.446711,328.0,1151.0,0.001069,76569.16073,,,,,,,,,2106632.0,29.462336,26.512272,471.0,2.0,1250.0,2149280.0,,,,,,,,,,,,,,,,,94102.0,3958.0,10.0,0.042061,0.774711,89812.0,83887.0,5924.0,1.0,95726.0,1482.0,0.0,23.0,32.0,60786.0,36064.0,,,,,,,,,95726.0,stride\stride_results_vs_nopf.csv,0.001298,0.04206074259845699,0.7279749862056281,83887.0,5924.0,1.0,0.042061,0.774711,,,,,,,,,,,,,,
