rank,benchmark,pf_level,memory,family,prefetcher,stage,config,run,selection_reason,ranked_by,ranked_by_label,rank_direction,speedup_vs_nopf,pf_late_ratio,pf_accuracy,pf_coverage,pf_unused_ratio,pf_late_ratio,prefetcher_read_rate,dram_bw_utilization,l1d_miss_rate,l2_miss_rate,mem_avg_rdq_len,dram_avg_q_lat,dram_avg_mem_acc_lat,load_to_use_mean,pf_issued,pf_useful,pf_unused,pf_late,prefetcher_read_bytes,simSeconds,nopf_simSeconds,ipc,simTicks,simInsts,simOps,numCycles,l1d_demand_misses,l1d_demand_accesses,l2_demand_misses,l2_demand_accesses,l1d_demand_miss_latency,l1d_demand_avg_miss_latency,l2_demand_miss_latency,l2_demand_avg_miss_latency,l1d_blocked_cycles_no_mshrs,l1d_blocked_causes_no_mshrs,l1d_avg_blocked_no_mshrs,l2_blocked_cycles_no_mshrs,l2_blocked_causes_no_mshrs,l2_avg_blocked_no_mshrs,l1d_demand_mshr_hits,l1d_demand_mshr_misses,l1d_demand_mshr_miss_rate,l1d_demand_avg_mshr_miss_latency,l2_demand_mshr_hits,l2_demand_mshr_misses,l2_demand_mshr_miss_rate,l2_demand_avg_mshr_miss_latency,mem_avg_wrq_len,mem_num_rd_retry,mem_num_wr_retry,mem_avg_read_bw_sys,mem_avg_write_bw_sys,dram_bw_read_total,dram_bw_write_total,dram_bw_total,dram_peak_bw,dram_avg_rd_bw,dram_avg_wr_bw,dram_avg_bus_lat,load_to_use_samples,load_to_use_stdev,load_to_use_overflows,load_to_use_min,load_to_use_max,added_loads_and_stores,l1d_pf_issued,l1d_pf_useful,l1d_pf_unused,l1d_prefetcher_accuracy,l1d_prefetcher_coverage,l1d_pf_late,l1d_pf_hit_in_cache,l1d_pf_hit_in_mshr,l1d_pf_hit_in_wb,l1d_pf_identified,l1d_pf_buffer_hit,l1d_pf_in_cache,l1d_pf_removed_demand,l1d_pf_removed_full,l1d_pf_span_page,l1d_pf_useful_span_page,l2_pf_issued,l2_pf_useful,l2_pf_unused,l2_prefetcher_accuracy,l2_prefetcher_coverage,l2_pf_late,l2_pf_hit_in_cache,l2_pf_hit_in_mshr,l2_pf_hit_in_wb,l2_pf_identified,l2_pf_buffer_hit,l2_pf_in_cache,l2_pf_removed_demand,l2_pf_removed_full,l2_pf_span_page,l2_pf_useful_span_page,l1d_prefetcher_read_bytes,l1d_prefetcher_read_rate,l1d_prefetcher_read_accesses,l1d_prefetcher_read_avg_lat,l2_prefetcher_read_bytes,l2_prefetcher_read_rate,l2_prefetcher_read_accesses,l2_prefetcher_read_avg_lat,pf_removed_full,pf_removed_demand,pf_buffer_hit,pf_identified,pf_removed_full_ratio,pf_removed_demand_ratio,pf_buffer_hit_ratio,label
1,matmult,l2,ddr4_1x,Stride,stride,,deg1_dist4,matmult_stride_deg1_dist4_l2_ddr4_1x,low_late,pf_late_ratio,Late prefetch ratio,low_is_good,1.0552805280528053,0.001325205406838,0.8348794063079777,0.582901554404145,0.001325205406838,0.001325205406838,198996083.7697464,0.0251237825369942,0.5417205866178676,0.002094231108716,1.34,30357.14,47849.14,30.086267,3773.0,3150.0,5.0,5.0,241152.0,0.001212,0.001279,2.032853,1211842944.0,7397885.0,7415209.0,3639168.0,1157470.0,2136655.0,2254.0,1076290.0,19227630318.0,16611.77423,153480366.0,68092.442768,933969.0,513937.0,1.817283,0.0,0.0,,81397.0,1076073.0,0.503625,16385.671707,622.0,1632.0,0.001516,74117.801471,59.48,0.0,0.0,285291094.618941,220754678.9165445,285238282.0,220754679.0,505992961.0,19207.0,275.415227,221.177176,3332.0,2106633.0,28.82003,1141.0,2.0,1290.0,2149835.0,,,,,,,,,,,,,,,,,3773.0,3150.0,5.0,0.834879,0.65872,5.0,5.0,0.0,0.0,3773.0,0.0,0.0,0.0,0.0,1172.0,259.0,,,,,241152.0,198996083.7697464,3768.0,45396.78,0.0,0.0,0.0,3773.0,0.0,0.0,0.0,
2,matmult,l2,ddr4_1x,Stride,stride,,deg1_dist8,matmult_stride_deg1_dist8_l2_ddr4_1x,top_accuracy,pf_late_ratio,Late prefetch ratio,low_is_good,1.060530679933665,0.0025589991470002,0.9911856696047768,0.6410445016550202,0.0025589991470002,0.0025589991470002,186186869.5259653,0.02539111278552,0.5420478324811024,0.0018110109838929,1.67,25834.14,43326.14,29.865509,3517.0,3486.0,9.0,9.0,224512.0,0.001206,0.001279,2.042965,1205842284.0,7397871.0,7415194.0,3621148.0,1159172.0,2138505.0,1952.0,1077851.0,19151734461.0,16521.909139,143438085.0,73482.625512,921732.0,499220.0,1.846344,0.0,0.0,,81538.0,1077634.0,0.503919,16387.892796,30.0,1922.0,0.001783,73452.488554,59.06,0.0,0.0,288303043.1200238,223127023.79907584,288249968.0,223127024.0,511376992.0,19207.0,277.953431,223.445473,3332.0,2106632.0,27.30788,780.0,2.0,1735.0,2147371.0,,,,,,,,,,,,,,,,,3517.0,3486.0,9.0,0.991186,0.644601,9.0,9.0,0.0,0.0,3517.0,0.0,0.0,0.0,0.0,1446.0,581.0,,,,,224512.0,186186869.5259653,3508.0,38770.92,0.0,0.0,0.0,3517.0,0.0,0.0,0.0,
3,matmult,l2,ddr4_1x,Stride,stride,,deg1_dist8,matmult_stride_deg1_dist8_l2_ddr4_1x,low_late,pf_late_ratio,Late prefetch ratio,low_is_good,1.060530679933665,0.0025589991470002,0.9911856696047768,0.6410445016550202,0.0025589991470002,0.0025589991470002,186186869.5259653,0.02539111278552,0.5420478324811024,0.0018110109838929,1.67,25834.14,43326.14,29.865509,3517.0,3486.0,9.0,9.0,224512.0,0.001206,0.001279,2.042965,1205842284.0,7397871.0,7415194.0,3621148.0,1159172.0,2138505.0,1952.0,1077851.0,19151734461.0,16521.909139,143438085.0,73482.625512,921732.0,499220.0,1.846344,0.0,0.0,,81538.0,1077634.0,0.503919,16387.892796,30.0,1922.0,0.001783,73452.488554,59.06,0.0,0.0,288303043.1200238,223127023.79907584,288249968.0,223127024.0,511376992.0,19207.0,277.953431,223.445473,3332.0,2106632.0,27.30788,780.0,2.0,1735.0,2147371.0,,,,,,,,,,,,,,,,,3517.0,3486.0,9.0,0.991186,0.644601,9.0,9.0,0.0,0.0,3517.0,0.0,0.0,0.0,0.0,1446.0,581.0,,,,,224512.0,186186869.5259653,3508.0,38770.92,0.0,0.0,0.0,3517.0,0.0,0.0,0.0,
4,matmult,l2,ddr4_1x,Stride,stride,,deg1_dist16,matmult_stride_deg1_dist16_l2_ddr4_1x,top_accuracy,pf_late_ratio,Late prefetch ratio,low_is_good,1.0432300163132135,0.005657237936772,0.9976705490848584,0.5539541759053954,0.0046589018302828,0.005657237936772,155984393.22115082,0.0248057888803796,0.5422938006765212,0.0022416985649043,1.8,23764.19,41256.19,29.844848,3005.0,2998.0,14.0,17.0,191232.0,0.001226,0.001279,2.009428,1225968804.0,7397876.0,7415199.0,3681588.0,1159262.0,2137701.0,2414.0,1076862.0,19047449767.0,16430.668621,173012148.0,71670.318144,898679.0,503711.0,1.784116,0.0,0.0,,82617.0,1076645.0,0.503646,16223.173225,,2414.0,0.002242,71337.180199,57.19,0.0,0.0,282108320.27011347,217532451.9921471,282056117.0,217532452.0,499588569.0,19207.0,272.085227,218.054488,3332.0,2106632.0,28.62635,880.0,2.0,1730.0,2155548.0,,,,,,,,,,,,,,,,,3005.0,2998.0,14.0,0.997671,0.553954,17.0,17.0,0.0,0.0,3005.0,0.0,0.0,0.0,0.0,1942.0,1082.0,,,,,191232.0,155984393.22115082,2988.0,35636.18,0.0,0.0,0.0,3005.0,0.0,0.0,0.0,
5,matmult,l2,ddr4_1x,Stride,stride,,deg1_dist16,matmult_stride_deg1_dist16_l2_ddr4_1x,low_late,pf_late_ratio,Late prefetch ratio,low_is_good,1.0432300163132135,0.005657237936772,0.9976705490848584,0.5539541759053954,0.0046589018302828,0.005657237936772,155984393.22115082,0.0248057888803796,0.5422938006765212,0.0022416985649043,1.8,23764.19,41256.19,29.844848,3005.0,2998.0,14.0,17.0,191232.0,0.001226,0.001279,2.009428,1225968804.0,7397876.0,7415199.0,3681588.0,1159262.0,2137701.0,2414.0,1076862.0,19047449767.0,16430.668621,173012148.0,71670.318144,898679.0,503711.0,1.784116,0.0,0.0,,82617.0,1076645.0,0.503646,16223.173225,,2414.0,0.002242,71337.180199,57.19,0.0,0.0,282108320.27011347,217532451.9921471,282056117.0,217532452.0,499588569.0,19207.0,272.085227,218.054488,3332.0,2106632.0,28.62635,880.0,2.0,1730.0,2155548.0,,,,,,,,,,,,,,,,,3005.0,2998.0,14.0,0.997671,0.553954,17.0,17.0,0.0,0.0,3005.0,0.0,0.0,0.0,0.0,1942.0,1082.0,,,,,191232.0,155984393.22115082,2988.0,35636.18,0.0,0.0,0.0,3005.0,0.0,0.0,0.0,
6,matmult,l2,ddr4_1x,Stride,stride,,deg1_dist32,matmult_stride_deg1_dist32_l2_ddr4_1x,top_accuracy,pf_late_ratio,Late prefetch ratio,low_is_good,1.0232,0.0120967741935483,1.0,0.3637697103043638,0.0115927419354838,0.0120967741935483,100367795.56248868,0.0244395174662139,0.542471961388871,0.0032187955396955,1.99,32411.96,49903.96,29.934373,1984.0,1984.0,23.0,24.0,125440.0,0.00125,0.001279,1.971105,1249803279.0,7397871.0,7415194.0,3753163.0,1160162.0,2138658.0,3470.0,1078043.0,19305853703.0,16640.653377,263335401.0,75889.164553,877356.0,480945.0,1.824234,0.0,0.0,,82336.0,1077826.0,0.503973,16254.802555,,3470.0,0.003219,75556.260519,58.16,0.0,0.0,278059760.155262,214203310.6315766,278008552.0,214203311.0,492211863.0,19207.0,267.613316,214.203311,3332.0,2106632.0,32.060827,2166.0,2.0,1746.0,2147107.0,,,,,,,,,,,,,,,,,1984.0,1984.0,23.0,1.0,0.36377,24.0,24.0,0.0,0.0,1984.0,0.0,0.0,0.0,0.0,3077.0,1975.0,,,,,125440.0,100367795.56248868,1960.0,46317.53,0.0,0.0,0.0,1984.0,0.0,0.0,0.0,
7,matmult,l2,ddr4_1x,Next-line,nextline,,deg1,matmult_nextline_deg1_l2_ddr4_1x,top_accuracy,pf_late_ratio,Late prefetch ratio,low_is_good,1.066722268557131,0.0487300094073377,0.5704609595484478,0.5509721969834636,0.0075258701787394,0.0487300094073377,262135374.93670425,0.0261797062614704,0.5426004943009513,0.0022918718777767,1.23,25760.81,43252.81,29.863457,5315.0,3032.0,40.0,259.0,314368.0,0.001199,0.001279,2.054183,1199258208.0,7397876.0,7415199.0,3601376.0,1160502.0,2138778.0,2471.0,1078158.0,19229139111.0,16569.673392,134646127.0,54490.541076,864580.0,492009.0,1.757244,3455.0,176.0,19.630682,82565.0,1077937.0,0.503997,16192.310237,1941.0,530.0,0.000492,71689.7,56.74,0.0,0.0,297837444.5280428,229528552.0363935,297730712.0,229528552.0,527259264.0,19207.0,284.762696,229.581918,3332.0,2106632.0,29.555059,1420.0,2.0,1523.0,2146828.0,,,,,,,,,,,,,,,,,5315.0,3032.0,40.0,0.570461,0.851207,259.0,244.0,11.0,4.0,5415.0,0.0,0.0,10.0,90.0,88.0,50.0,,,,,314368.0,262135374.93670425,5050.0,40825.18,90.0,10.0,0.0,5415.0,0.0166204986149584,0.0018467220683287,0.0,
8,matmult,l2,ddr4_1x,Next-line,nextline,,deg1,matmult_nextline_deg1_l2_ddr4_1x,low_late,pf_late_ratio,Late prefetch ratio,low_is_good,1.066722268557131,0.0487300094073377,0.5704609595484478,0.5509721969834636,0.0075258701787394,0.0487300094073377,262135374.93670425,0.0261797062614704,0.5426004943009513,0.0022918718777767,1.23,25760.81,43252.81,29.863457,5315.0,3032.0,40.0,259.0,314368.0,0.001199,0.001279,2.054183,1199258208.0,7397876.0,7415199.0,3601376.0,1160502.0,2138778.0,2471.0,1078158.0,19229139111.0,16569.673392,134646127.0,54490.541076,864580.0,492009.0,1.757244,3455.0,176.0,19.630682,82565.0,1077937.0,0.503997,16192.310237,1941.0,530.0,0.000492,71689.7,56.74,0.0,0.0,297837444.5280428,229528552.0363935,297730712.0,229528552.0,527259264.0,19207.0,284.762696,229.581918,3332.0,2106632.0,29.555059,1420.0,2.0,1523.0,2146828.0,,,,,,,,,,,,,,,,,5315.0,3032.0,40.0,0.570461,0.851207,259.0,244.0,11.0,4.0,5415.0,0.0,0.0,10.0,90.0,88.0,50.0,,,,,314368.0,262135374.93670425,5050.0,40825.18,90.0,10.0,0.0,5415.0,0.0166204986149584,0.0018467220683287,0.0,
9,matmult,l2,ddr4_1x,AMPM,ampm,stage1,hz256,matmult_ampm_hz256_l2_ddr4_1x,top_accuracy,pf_late_ratio,Late prefetch ratio,low_is_good,1.0622923588039868,0.0602938370539973,0.5600076321312727,0.5329580533865989,0.0041976721999618,0.0602938370539973,254611868.0048168,0.0260576657404313,0.5426963040806528,0.0023856563801467,1.23,25161.91,42653.91,29.999579,5241.0,2935.0,22.0,316.0,306496.0,0.001204,0.001279,2.046474,1203777351.0,7397885.0,7415209.0,3614947.0,1160905.0,2139143.0,2572.0,1078110.0,19316670964.0,16639.321016,140783999.0,54737.169129,885378.0,494764.0,1.789496,3060.0,165.0,18.545455,83015.0,1077890.0,0.503889,16246.030221,1930.0,642.0,0.000595,66368.02648,57.8,0.0,0.0,295868666.8295689,228985866.6729476,295815501.0,228985867.0,524801368.0,19207.0,281.088525,228.294709,3332.0,2106633.0,29.871616,1566.0,2.0,1587.0,2147569.0,,,,,,,,,,,,,,,,,5241.0,2935.0,22.0,0.560008,0.82052,316.0,311.0,4.0,1.0,5322.0,0.0,0.0,0.0,81.0,85.0,45.0,,,,,306496.0,254611868.0048168,4922.0,40408.71,81.0,0.0,0.0,5322.0,0.0152198421645997,0.0,0.0,
10,matmult,l2,ddr4_1x,AMPM,ampm,stage1,hz256,matmult_ampm_hz256_l2_ddr4_1x,low_late,pf_late_ratio,Late prefetch ratio,low_is_good,1.0622923588039868,0.0602938370539973,0.5600076321312727,0.5329580533865989,0.0041976721999618,0.0602938370539973,254611868.0048168,0.0260576657404313,0.5426963040806528,0.0023856563801467,1.23,25161.91,42653.91,29.999579,5241.0,2935.0,22.0,316.0,306496.0,0.001204,0.001279,2.046474,1203777351.0,7397885.0,7415209.0,3614947.0,1160905.0,2139143.0,2572.0,1078110.0,19316670964.0,16639.321016,140783999.0,54737.169129,885378.0,494764.0,1.789496,3060.0,165.0,18.545455,83015.0,1077890.0,0.503889,16246.030221,1930.0,642.0,0.000595,66368.02648,57.8,0.0,0.0,295868666.8295689,228985866.6729476,295815501.0,228985867.0,524801368.0,19207.0,281.088525,228.294709,3332.0,2106633.0,29.871616,1566.0,2.0,1587.0,2147569.0,,,,,,,,,,,,,,,,,5241.0,2935.0,22.0,0.560008,0.82052,316.0,311.0,4.0,1.0,5322.0,0.0,0.0,0.0,81.0,85.0,45.0,,,,,306496.0,254611868.0048168,4922.0,40408.71,81.0,0.0,0.0,5322.0,0.0152198421645997,0.0,0.0,
11,matmult,l2,ddr4_1x,IMP,imp,stage3,s32_ipd16_pt32,matmult_imp3_s32_ipd16_pt32_l2_ddr4_1x,top_speedup,pf_late_ratio,Late prefetch ratio,low_is_good,1.0614107883817427,0.2376580633985796,0.65321323402044,0.6931985294117647,0.0039840637450199,0.2376580633985796,225787452.5841784,0.0254368653195388,0.5420075570735013,0.0015507578179007,13.51,60914.3,78406.3,29.510309,5773.0,3771.0,23.0,1372.0,272000.0,0.001205,0.001279,2.044949,1204672788.0,7397871.0,7415194.0,3617636.0,1158165.0,2136806.0,1669.0,1076248.0,18802363594.0,16234.615615,120909960.0,72444.553625,862544.0,486414.0,1.773271,241.0,14.0,17.214286,82134.0,1076031.0,0.50357,16102.158553,621.0,1048.0,0.000974,79306.419847,57.89,0.0,0.0,289486077.4426325,222865497.315442,289432951.0,222865497.0,512298448.0,19207.0,274.823175,222.97175,3332.0,2106632.0,26.692925,762.0,2.0,1462.0,2150658.0,,,,,,,,,,,,,,,,,5773.0,3771.0,23.0,0.653213,0.782527,1372.0,374.0,988.0,10.0,7546.0,997.0,0.0,152.0,155.0,36006.0,0.0,,,,,272000.0,225787452.5841784,4394.0,79612.59,155.0,152.0,997.0,7546.0,0.0205406838059899,0.0201431221839385,0.1321229790617545,stage3: s32_ipd16_pt32
12,matmult,l2,ddr4_1x,IMP,imp,stage3,s32_ipd16_addr16,matmult_imp3_s32_ipd16_addr16_l2_ddr4_1x,top_speedup,pf_late_ratio,Late prefetch ratio,low_is_good,1.0614107883817427,0.2376580633985796,0.65321323402044,0.6931985294117647,0.0039840637450199,0.2376580633985796,225787452.5841784,0.0254368653195388,0.5420075570735013,0.0015507578179007,13.51,60914.3,78406.3,29.510309,5773.0,3771.0,23.0,1372.0,272000.0,0.001205,0.001279,2.044949,1204672788.0,7397871.0,7415194.0,3617636.0,1158165.0,2136806.0,1669.0,1076248.0,18802363594.0,16234.615615,120909960.0,72444.553625,862544.0,486414.0,1.773271,241.0,14.0,17.214286,82134.0,1076031.0,0.50357,16102.158553,621.0,1048.0,0.000974,79306.419847,57.89,0.0,0.0,289486077.4426325,222865497.315442,289432951.0,222865497.0,512298448.0,19207.0,274.823175,222.97175,3332.0,2106632.0,26.692925,762.0,2.0,1462.0,2150658.0,,,,,,,,,,,,,,,,,5773.0,3771.0,23.0,0.653213,0.782527,1372.0,374.0,988.0,10.0,7546.0,997.0,0.0,152.0,155.0,36006.0,0.0,,,,,272000.0,225787452.5841784,4394.0,79612.59,155.0,152.0,997.0,7546.0,0.0205406838059899,0.0201431221839385,0.1321229790617545,stage3: s32_ipd16_addr16
13,matmult,l2,ddr4_1x,IMP,imp,stage3,s32_ipd8_addr8,matmult_imp3_s32_ipd8_addr8_l2_ddr4_1x,top_coverage,pf_late_ratio,Late prefetch ratio,low_is_good,1.0614107883817427,0.2376580633985796,0.65321323402044,0.6931985294117647,0.0039840637450199,0.2376580633985796,225787452.5841784,0.0254368653195388,0.5420075570735013,0.0015507578179007,13.51,60914.3,78406.3,29.510309,5773.0,3771.0,23.0,1372.0,272000.0,0.001205,0.001279,2.044949,1204672788.0,7397871.0,7415194.0,3617636.0,1158165.0,2136806.0,1669.0,1076248.0,18802363594.0,16234.615615,120909960.0,72444.553625,862544.0,486414.0,1.773271,241.0,14.0,17.214286,82134.0,1076031.0,0.50357,16102.158553,621.0,1048.0,0.000974,79306.419847,57.89,0.0,0.0,289486077.4426325,222865497.315442,289432951.0,222865497.0,512298448.0,19207.0,274.823175,222.97175,3332.0,2106632.0,26.692925,762.0,2.0,1462.0,2150658.0,,,,,,,,,,,,,,,,,5773.0,3771.0,23.0,0.653213,0.782527,1372.0,374.0,988.0,10.0,7546.0,997.0,0.0,152.0,155.0,36006.0,0.0,,,,,272000.0,225787452.5841784,4394.0,79612.59,155.0,152.0,997.0,7546.0,0.0205406838059899,0.0201431221839385,0.1321229790617545,stage3: s32_ipd8_addr8
14,matmult,l2,ddr4_1x,IMP,imp,stage3,s32_ipd16_addr16,matmult_imp3_s32_ipd16_addr16_l2_ddr4_1x,top_coverage,pf_late_ratio,Late prefetch ratio,low_is_good,1.0614107883817427,0.2376580633985796,0.65321323402044,0.6931985294117647,0.0039840637450199,0.2376580633985796,225787452.5841784,0.0254368653195388,0.5420075570735013,0.0015507578179007,13.51,60914.3,78406.3,29.510309,5773.0,3771.0,23.0,1372.0,272000.0,0.001205,0.001279,2.044949,1204672788.0,7397871.0,7415194.0,3617636.0,1158165.0,2136806.0,1669.0,1076248.0,18802363594.0,16234.615615,120909960.0,72444.553625,862544.0,486414.0,1.773271,241.0,14.0,17.214286,82134.0,1076031.0,0.50357,16102.158553,621.0,1048.0,0.000974,79306.419847,57.89,0.0,0.0,289486077.4426325,222865497.315442,289432951.0,222865497.0,512298448.0,19207.0,274.823175,222.97175,3332.0,2106632.0,26.692925,762.0,2.0,1462.0,2150658.0,,,,,,,,,,,,,,,,,5773.0,3771.0,23.0,0.653213,0.782527,1372.0,374.0,988.0,10.0,7546.0,997.0,0.0,152.0,155.0,36006.0,0.0,,,,,272000.0,225787452.5841784,4394.0,79612.59,155.0,152.0,997.0,7546.0,0.0205406838059899,0.0201431221839385,0.1321229790617545,stage3: s32_ipd16_addr16
15,matmult,l2,ddr4_1x,IMP,imp,stage3,s32_dist32_addr16,matmult_imp3_s32_dist32_addr16_l2_ddr4_1x,top_coverage,pf_late_ratio,Late prefetch ratio,low_is_good,1.0614107883817427,0.2376580633985796,0.65321323402044,0.6931985294117647,0.0039840637450199,0.2376580633985796,225787452.5841784,0.0254368653195388,0.5420075570735013,0.0015507578179007,13.51,60914.3,78406.3,29.510309,5773.0,3771.0,23.0,1372.0,272000.0,0.001205,0.001279,2.044949,1204672788.0,7397871.0,7415194.0,3617636.0,1158165.0,2136806.0,1669.0,1076248.0,18802363594.0,16234.615615,120909960.0,72444.553625,862544.0,486414.0,1.773271,241.0,14.0,17.214286,82134.0,1076031.0,0.50357,16102.158553,621.0,1048.0,0.000974,79306.419847,57.89,0.0,0.0,289486077.4426325,222865497.315442,289432951.0,222865497.0,512298448.0,19207.0,274.823175,222.97175,3332.0,2106632.0,26.692925,762.0,2.0,1462.0,2150658.0,,,,,,,,,,,,,,,,,5773.0,3771.0,23.0,0.653213,0.782527,1372.0,374.0,988.0,10.0,7546.0,997.0,0.0,152.0,155.0,36006.0,0.0,,,,,272000.0,225787452.5841784,4394.0,79612.59,155.0,152.0,997.0,7546.0,0.0205406838059899,0.0201431221839385,0.1321229790617545,stage3: s32_dist32_addr16
16,matmult,l2,ddr4_1x,IMP,imp,stage3,s32_ipd8_addr8,matmult_imp3_s32_ipd8_addr8_l2_ddr4_1x,top_accuracy,pf_late_ratio,Late prefetch ratio,low_is_good,1.0614107883817427,0.2376580633985796,0.65321323402044,0.6931985294117647,0.0039840637450199,0.2376580633985796,225787452.5841784,0.0254368653195388,0.5420075570735013,0.0015507578179007,13.51,60914.3,78406.3,29.510309,5773.0,3771.0,23.0,1372.0,272000.0,0.001205,0.001279,2.044949,1204672788.0,7397871.0,7415194.0,3617636.0,1158165.0,2136806.0,1669.0,1076248.0,18802363594.0,16234.615615,120909960.0,72444.553625,862544.0,486414.0,1.773271,241.0,14.0,17.214286,82134.0,1076031.0,0.50357,16102.158553,621.0,1048.0,0.000974,79306.419847,57.89,0.0,0.0,289486077.4426325,222865497.315442,289432951.0,222865497.0,512298448.0,19207.0,274.823175,222.97175,3332.0,2106632.0,26.692925,762.0,2.0,1462.0,2150658.0,,,,,,,,,,,,,,,,,5773.0,3771.0,23.0,0.653213,0.782527,1372.0,374.0,988.0,10.0,7546.0,997.0,0.0,152.0,155.0,36006.0,0.0,,,,,272000.0,225787452.5841784,4394.0,79612.59,155.0,152.0,997.0,7546.0,0.0205406838059899,0.0201431221839385,0.1321229790617545,stage3: s32_ipd8_addr8
17,matmult,l2,ddr4_1x,IMP,imp,stage3,s32_ipd16_pt32,matmult_imp3_s32_ipd16_pt32_l2_ddr4_1x,top_accuracy,pf_late_ratio,Late prefetch ratio,low_is_good,1.0614107883817427,0.2376580633985796,0.65321323402044,0.6931985294117647,0.0039840637450199,0.2376580633985796,225787452.5841784,0.0254368653195388,0.5420075570735013,0.0015507578179007,13.51,60914.3,78406.3,29.510309,5773.0,3771.0,23.0,1372.0,272000.0,0.001205,0.001279,2.044949,1204672788.0,7397871.0,7415194.0,3617636.0,1158165.0,2136806.0,1669.0,1076248.0,18802363594.0,16234.615615,120909960.0,72444.553625,862544.0,486414.0,1.773271,241.0,14.0,17.214286,82134.0,1076031.0,0.50357,16102.158553,621.0,1048.0,0.000974,79306.419847,57.89,0.0,0.0,289486077.4426325,222865497.315442,289432951.0,222865497.0,512298448.0,19207.0,274.823175,222.97175,3332.0,2106632.0,26.692925,762.0,2.0,1462.0,2150658.0,,,,,,,,,,,,,,,,,5773.0,3771.0,23.0,0.653213,0.782527,1372.0,374.0,988.0,10.0,7546.0,997.0,0.0,152.0,155.0,36006.0,0.0,,,,,272000.0,225787452.5841784,4394.0,79612.59,155.0,152.0,997.0,7546.0,0.0205406838059899,0.0201431221839385,0.1321229790617545,stage3: s32_ipd16_pt32
18,matmult,l2,ddr4_1x,IMP,imp,stage3,s32_ipd16_addr16,matmult_imp3_s32_ipd16_addr16_l2_ddr4_1x,top_accuracy,pf_late_ratio,Late prefetch ratio,low_is_good,1.0614107883817427,0.2376580633985796,0.65321323402044,0.6931985294117647,0.0039840637450199,0.2376580633985796,225787452.5841784,0.0254368653195388,0.5420075570735013,0.0015507578179007,13.51,60914.3,78406.3,29.510309,5773.0,3771.0,23.0,1372.0,272000.0,0.001205,0.001279,2.044949,1204672788.0,7397871.0,7415194.0,3617636.0,1158165.0,2136806.0,1669.0,1076248.0,18802363594.0,16234.615615,120909960.0,72444.553625,862544.0,486414.0,1.773271,241.0,14.0,17.214286,82134.0,1076031.0,0.50357,16102.158553,621.0,1048.0,0.000974,79306.419847,57.89,0.0,0.0,289486077.4426325,222865497.315442,289432951.0,222865497.0,512298448.0,19207.0,274.823175,222.97175,3332.0,2106632.0,26.692925,762.0,2.0,1462.0,2150658.0,,,,,,,,,,,,,,,,,5773.0,3771.0,23.0,0.653213,0.782527,1372.0,374.0,988.0,10.0,7546.0,997.0,0.0,152.0,155.0,36006.0,0.0,,,,,272000.0,225787452.5841784,4394.0,79612.59,155.0,152.0,997.0,7546.0,0.0205406838059899,0.0201431221839385,0.1321229790617545,stage3: s32_ipd16_addr16
19,matmult,l2,ddr4_1x,IMP,imp,stage3,s32_ipd8_addr8,matmult_imp3_s32_ipd8_addr8_l2_ddr4_1x,low_late,pf_late_ratio,Late prefetch ratio,low_is_good,1.0614107883817427,0.2376580633985796,0.65321323402044,0.6931985294117647,0.0039840637450199,0.2376580633985796,225787452.5841784,0.0254368653195388,0.5420075570735013,0.0015507578179007,13.51,60914.3,78406.3,29.510309,5773.0,3771.0,23.0,1372.0,272000.0,0.001205,0.001279,2.044949,1204672788.0,7397871.0,7415194.0,3617636.0,1158165.0,2136806.0,1669.0,1076248.0,18802363594.0,16234.615615,120909960.0,72444.553625,862544.0,486414.0,1.773271,241.0,14.0,17.214286,82134.0,1076031.0,0.50357,16102.158553,621.0,1048.0,0.000974,79306.419847,57.89,0.0,0.0,289486077.4426325,222865497.315442,289432951.0,222865497.0,512298448.0,19207.0,274.823175,222.97175,3332.0,2106632.0,26.692925,762.0,2.0,1462.0,2150658.0,,,,,,,,,,,,,,,,,5773.0,3771.0,23.0,0.653213,0.782527,1372.0,374.0,988.0,10.0,7546.0,997.0,0.0,152.0,155.0,36006.0,0.0,,,,,272000.0,225787452.5841784,4394.0,79612.59,155.0,152.0,997.0,7546.0,0.0205406838059899,0.0201431221839385,0.1321229790617545,stage3: s32_ipd8_addr8
20,matmult,l2,ddr4_1x,IMP,imp,stage3,s32_ipd16_pt32,matmult_imp3_s32_ipd16_pt32_l2_ddr4_1x,low_late,pf_late_ratio,Late prefetch ratio,low_is_good,1.0614107883817427,0.2376580633985796,0.65321323402044,0.6931985294117647,0.0039840637450199,0.2376580633985796,225787452.5841784,0.0254368653195388,0.5420075570735013,0.0015507578179007,13.51,60914.3,78406.3,29.510309,5773.0,3771.0,23.0,1372.0,272000.0,0.001205,0.001279,2.044949,1204672788.0,7397871.0,7415194.0,3617636.0,1158165.0,2136806.0,1669.0,1076248.0,18802363594.0,16234.615615,120909960.0,72444.553625,862544.0,486414.0,1.773271,241.0,14.0,17.214286,82134.0,1076031.0,0.50357,16102.158553,621.0,1048.0,0.000974,79306.419847,57.89,0.0,0.0,289486077.4426325,222865497.315442,289432951.0,222865497.0,512298448.0,19207.0,274.823175,222.97175,3332.0,2106632.0,26.692925,762.0,2.0,1462.0,2150658.0,,,,,,,,,,,,,,,,,5773.0,3771.0,23.0,0.653213,0.782527,1372.0,374.0,988.0,10.0,7546.0,997.0,0.0,152.0,155.0,36006.0,0.0,,,,,272000.0,225787452.5841784,4394.0,79612.59,155.0,152.0,997.0,7546.0,0.0205406838059899,0.0201431221839385,0.1321229790617545,stage3: s32_ipd16_pt32
21,matmult,l2,ddr4_1x,IMP,imp,stage3,s32_ipd16_addr16,matmult_imp3_s32_ipd16_addr16_l2_ddr4_1x,low_late,pf_late_ratio,Late prefetch ratio,low_is_good,1.0614107883817427,0.2376580633985796,0.65321323402044,0.6931985294117647,0.0039840637450199,0.2376580633985796,225787452.5841784,0.0254368653195388,0.5420075570735013,0.0015507578179007,13.51,60914.3,78406.3,29.510309,5773.0,3771.0,23.0,1372.0,272000.0,0.001205,0.001279,2.044949,1204672788.0,7397871.0,7415194.0,3617636.0,1158165.0,2136806.0,1669.0,1076248.0,18802363594.0,16234.615615,120909960.0,72444.553625,862544.0,486414.0,1.773271,241.0,14.0,17.214286,82134.0,1076031.0,0.50357,16102.158553,621.0,1048.0,0.000974,79306.419847,57.89,0.0,0.0,289486077.4426325,222865497.315442,289432951.0,222865497.0,512298448.0,19207.0,274.823175,222.97175,3332.0,2106632.0,26.692925,762.0,2.0,1462.0,2150658.0,,,,,,,,,,,,,,,,,5773.0,3771.0,23.0,0.653213,0.782527,1372.0,374.0,988.0,10.0,7546.0,997.0,0.0,152.0,155.0,36006.0,0.0,,,,,272000.0,225787452.5841784,4394.0,79612.59,155.0,152.0,997.0,7546.0,0.0205406838059899,0.0201431221839385,0.1321229790617545,stage3: s32_ipd16_addr16
22,matmult,l2,ddr4_1x,IMP,imp,stage3,s32_sth2_pt8,matmult_imp3_s32_sth2_pt8_l2_ddr4_1x,top_speedup,pf_late_ratio,Late prefetch ratio,low_is_good,1.0614107883817427,0.3359386742822787,0.5642567262888922,0.6905813097866078,0.0034570870284082,0.3359386742822787,229686288.07006145,0.025387830461661,0.5420966652382762,0.0015618093961127,13.53,63267.85,80759.85,29.614233,6653.0,3754.0,23.0,2235.0,276800.0,0.001205,0.001279,2.044188,1205122005.0,7397876.0,7415199.0,3618985.0,1158788.0,2137604.0,1682.0,1076956.0,18887940079.0,16299.73738,118587951.0,70504.13258,874849.0,487853.0,1.793264,262.0,15.0,17.466667,82049.0,1076739.0,0.503713,16160.470927,660.0,1022.0,0.000949,75077.480431,58.42,0.0,0.0,289006423.0467686,222357569.5142999,288953316.0,222357570.0,511310886.0,19207.0,277.163639,222.516889,3332.0,2106632.0,26.826979,924.0,2.0,1545.0,2151651.0,,,,,,,,,,,,,,,,,6653.0,3754.0,23.0,0.564257,0.786013,2235.0,1028.0,1191.0,16.0,9581.0,2083.0,0.0,178.0,451.0,34515.0,0.0,,,,,276800.0,229686288.07006145,4412.0,84178.66,451.0,178.0,2083.0,9581.0,0.0470723306544202,0.0185784364888842,0.2174094562154263,stage3: s32_sth2_pt8
23,matmult,l2,ddr4_1x,IMP,imp,stage1,sthr2,matmult_imp_sthr2_l2_ddr4_1x,low_unused,pf_late_ratio,Late prefetch ratio,low_is_good,1.03228410008071,0.421070460704607,0.4634146341463415,0.5073243092898201,0.0001693766937669,0.421070460704607,171477420.1757194,0.0245218200016265,0.5414713770582559,0.0024649827720248,3.5,28973.07,46465.07,29.664144,5904.0,2736.0,1.0,2486.0,212416.0,0.001239,0.001279,1.988709,1238740353.0,7397871.0,7415194.0,3719941.0,1158047.0,2138704.0,2657.0,1077898.0,19007255847.0,16413.198987,188940870.0,71110.602183,859302.0,478408.0,1.79617,62.0,1.0,62.0,80366.0,1077681.0,0.503894,16155.721035,690.0,1967.0,0.001825,73249.33452,57.05,0.0,0.0,278321440.9420309,215599660.85967976,278269776.0,215599661.0,493869436.0,19207.0,266.645063,215.083007,3332.0,2106632.0,28.366674,1185.0,2.0,1683.0,2151772.0,,,,,,,,,,,,,,,,,5904.0,2736.0,1.0,0.463415,0.581756,2486.0,1596.0,883.0,7.0,6207.0,96.0,0.0,110.0,0.0,3201.0,0.0,,,,,212416.0,171477420.1757194,3411.0,43385.52,0.0,110.0,96.0,6207.0,0.0,0.0177219268567746,0.0154664088931851,stage1: sthr2
24,matmult,l2,ddr4_1x,IMP,imp,stage1,default,matmult_imp_default_l2_ddr4_1x,default,pf_late_ratio,Late prefetch ratio,low_is_good,1.0331179321486268,0.4217413185707096,0.4574735782586814,0.503880266075388,0.0013420567018956,0.4217413185707096,172167152.13775265,0.0246113150894483,0.5411988109806136,0.0024916920398559,3.36,29312.47,46804.47,29.777689,5961.0,2727.0,8.0,2514.0,213184.0,0.001238,0.001279,1.989519,1238238522.0,7397885.0,7415209.0,3718434.0,1157391.0,2138569.0,2685.0,1077581.0,19097013411.0,16500.053492,183656826.0,68401.052514,876053.0,486453.0,1.8009,59.0,1.0,59.0,80027.0,1077364.0,0.503778,16223.853095,725.0,1960.0,0.001819,71730.238776,57.08,0.0,0.0,279571337.71032846,216152215.6229605,279519651.0,216152216.0,495671867.0,19207.0,267.01156,216.617393,3332.0,2106633.0,28.308683,1114.0,2.0,1633.0,2151658.0,,,,,,,,,,,,,,,,,5961.0,2727.0,8.0,0.457474,0.581822,2514.0,1627.0,883.0,4.0,6286.0,96.0,0.0,117.0,0.0,3206.0,0.0,,,,,213184.0,172167152.13775265,3442.0,44523.34,0.0,117.0,96.0,6286.0,0.0,0.0186127903277123,0.015272033089405,IMP default
25,matmult,l2,ddr4_1x,Next-line,nextline,,default,matmult_nextline_default_l2_ddr4_1x,default,pf_late_ratio,Late prefetch ratio,low_is_good,1.0784148397976392,0.500048118564142,0.3169088634395149,0.5939754689754689,0.0069290732364546,0.500048118564142,269695459.56774026,0.0269454758040777,0.5425583185812164,0.0020876652464483,1.25,26869.43,44361.43,29.581535,10391.0,3293.0,72.0,5196.0,319936.0,0.001186,0.001279,2.076644,1186286193.0,7397871.0,7415194.0,3562421.0,1160663.0,2139241.0,2251.0,1078238.0,19058269602.0,16420.157791,109021478.0,48432.464682,872551.0,499269.0,1.747657,3600.0,150.0,24.0,82653.0,1078010.0,0.503922,16165.768727,1729.0,522.0,0.000484,85975.130268,57.08,0.0,0.0,307891975.9458079,234843835.866848,307838026.0,234843836.0,542681862.0,19207.0,292.35441,234.574086,3332.0,2106632.0,27.956584,964.0,2.0,1541.0,2146922.0,,,,,,,,,,,,,,,,,10391.0,3293.0,72.0,0.316909,0.863172,5196.0,3264.0,1928.0,4.0,10820.0,10.0,0.0,6.0,410.0,268.0,154.0,,,,,319936.0,269695459.56774026,5183.0,40268.97,410.0,6.0,10.0,10820.0,0.0378927911275415,0.0005545286506469,0.0009242144177449,
26,matmult,l2,ddr4_1x,Next-line,nextline,,default,matmult_nextline_default_l2_ddr4_1x,top_accuracy,pf_late_ratio,Late prefetch ratio,low_is_good,1.0784148397976392,0.500048118564142,0.3169088634395149,0.5939754689754689,0.0069290732364546,0.500048118564142,269695459.56774026,0.0269454758040777,0.5425583185812164,0.0020876652464483,1.25,26869.43,44361.43,29.581535,10391.0,3293.0,72.0,5196.0,319936.0,0.001186,0.001279,2.076644,1186286193.0,7397871.0,7415194.0,3562421.0,1160663.0,2139241.0,2251.0,1078238.0,19058269602.0,16420.157791,109021478.0,48432.464682,872551.0,499269.0,1.747657,3600.0,150.0,24.0,82653.0,1078010.0,0.503922,16165.768727,1729.0,522.0,0.000484,85975.130268,57.08,0.0,0.0,307891975.9458079,234843835.866848,307838026.0,234843836.0,542681862.0,19207.0,292.35441,234.574086,3332.0,2106632.0,27.956584,964.0,2.0,1541.0,2146922.0,,,,,,,,,,,,,,,,,10391.0,3293.0,72.0,0.316909,0.863172,5196.0,3264.0,1928.0,4.0,10820.0,10.0,0.0,6.0,410.0,268.0,154.0,,,,,319936.0,269695459.56774026,5183.0,40268.97,410.0,6.0,10.0,10820.0,0.0378927911275415,0.0005545286506469,0.0009242144177449,
27,matmult,l2,ddr4_1x,Next-line,nextline,,default,matmult_nextline_default_l2_ddr4_1x,low_late,pf_late_ratio,Late prefetch ratio,low_is_good,1.0784148397976392,0.500048118564142,0.3169088634395149,0.5939754689754689,0.0069290732364546,0.500048118564142,269695459.56774026,0.0269454758040777,0.5425583185812164,0.0020876652464483,1.25,26869.43,44361.43,29.581535,10391.0,3293.0,72.0,5196.0,319936.0,0.001186,0.001279,2.076644,1186286193.0,7397871.0,7415194.0,3562421.0,1160663.0,2139241.0,2251.0,1078238.0,19058269602.0,16420.157791,109021478.0,48432.464682,872551.0,499269.0,1.747657,3600.0,150.0,24.0,82653.0,1078010.0,0.503922,16165.768727,1729.0,522.0,0.000484,85975.130268,57.08,0.0,0.0,307891975.9458079,234843835.866848,307838026.0,234843836.0,542681862.0,19207.0,292.35441,234.574086,3332.0,2106632.0,27.956584,964.0,2.0,1541.0,2146922.0,,,,,,,,,,,,,,,,,10391.0,3293.0,72.0,0.316909,0.863172,5196.0,3264.0,1928.0,4.0,10820.0,10.0,0.0,6.0,410.0,268.0,154.0,,,,,319936.0,269695459.56774026,5183.0,40268.97,410.0,6.0,10.0,10820.0,0.0378927911275415,0.0005545286506469,0.0009242144177449,
28,matmult,l2,ddr4_1x,AMPM,ampm,stage1,ls2,matmult_ampm_ls2_l2_ddr4_1x,top_accuracy,pf_late_ratio,Late prefetch ratio,low_is_good,1.066722268557131,0.6135598528145306,0.2354967509590542,0.5472075677642351,0.0033664761606513,0.6135598528145306,256445646.82689103,0.0260041354504059,0.5425453923184892,0.0023088389851497,1.22,25288.68,42780.68,29.940616,12773.0,3008.0,43.0,7837.0,307584.0,0.001199,0.001279,2.053918,1199412054.0,7397871.0,7415194.0,3601838.0,1160395.0,2138798.0,2489.0,1078031.0,19264282699.0,16601.487165,132201904.0,53114.465247,878920.0,487022.0,1.804682,2771.0,185.0,14.978378,82585.0,1077810.0,0.503933,16249.909449,1865.0,624.0,0.000579,78198.280449,57.06,0.0,0.0,296305176.2026064,227524810.25174025,296198457.0,227524810.0,523723268.0,19207.0,282.858588,226.884497,3332.0,2106632.0,28.828684,1263.0,2.0,1708.0,2147045.0,,,,,,,,,,,,,,,,,12773.0,3008.0,43.0,0.235497,0.828194,7837.0,5700.0,2135.0,2.0,13100.0,0.0,0.0,7.0,318.0,250.0,74.0,,,,,307584.0,256445646.82689103,4929.0,39282.34,318.0,7.0,0.0,13100.0,0.0242748091603053,0.0005343511450381,0.0,
29,matmult,l2,ddr4_1x,AMPM,ampm,stage1,ls2,matmult_ampm_ls2_l2_ddr4_1x,low_late,pf_late_ratio,Late prefetch ratio,low_is_good,1.066722268557131,0.6135598528145306,0.2354967509590542,0.5472075677642351,0.0033664761606513,0.6135598528145306,256445646.82689103,0.0260041354504059,0.5425453923184892,0.0023088389851497,1.22,25288.68,42780.68,29.940616,12773.0,3008.0,43.0,7837.0,307584.0,0.001199,0.001279,2.053918,1199412054.0,7397871.0,7415194.0,3601838.0,1160395.0,2138798.0,2489.0,1078031.0,19264282699.0,16601.487165,132201904.0,53114.465247,878920.0,487022.0,1.804682,2771.0,185.0,14.978378,82585.0,1077810.0,0.503933,16249.909449,1865.0,624.0,0.000579,78198.280449,57.06,0.0,0.0,296305176.2026064,227524810.25174025,296198457.0,227524810.0,523723268.0,19207.0,282.858588,226.884497,3332.0,2106632.0,28.828684,1263.0,2.0,1708.0,2147045.0,,,,,,,,,,,,,,,,,12773.0,3008.0,43.0,0.235497,0.828194,7837.0,5700.0,2135.0,2.0,13100.0,0.0,0.0,7.0,318.0,250.0,74.0,,,,,307584.0,256445646.82689103,4929.0,39282.34,318.0,7.0,0.0,13100.0,0.0242748091603053,0.0005343511450381,0.0,
30,matmult,l2,ddr4_1x,AMPM,ampm,stage1,hz512,matmult_ampm_hz512_l2_ddr4_1x,top_accuracy,pf_late_ratio,Late prefetch ratio,low_is_good,1.069397993311037,0.6356709572421956,0.2407900577008433,0.592896174863388,0.0028850421660008,0.6356709572421956,256950236.01870343,0.0262553224013946,0.5422026309785191,0.0020736012469441,1.27,27731.12,45223.12,29.794656,13518.0,3255.0,39.0,8593.0,307200.0,0.001196,0.001279,2.060532,1195562241.0,7397871.0,7415194.0,3590277.0,1159676.0,2138824.0,2235.0,1077835.0,19133136996.0,16498.691873,103327822.0,46231.687696,911432.0,502940.0,1.812208,2736.0,161.0,16.993789,82065.0,1077611.0,0.503833,16299.571209,1569.0,666.0,0.000618,85444.37988,57.7,0.0,0.0,299132899.7651073,229809867.33922789,298972306.0,229809867.0,528782173.0,19207.0,285.803606,230.34518,3332.0,2106632.0,27.282839,782.0,2.0,1756.0,2147894.0,,,,,,,,,,,,,,,,,13518.0,3255.0,39.0,0.24079,0.830145,8593.0,5183.0,3406.0,4.0,14082.0,1.0,0.0,0.0,563.0,470.0,251.0,,,,,307200.0,256950236.01870343,4922.0,40898.22,563.0,0.0,1.0,14082.0,0.03998011646073,0.0,7.10126402499645e-05,
31,matmult,l2,ddr4_1x,AMPM,ampm,stage1,hz512,matmult_ampm_hz512_l2_ddr4_1x,low_late,pf_late_ratio,Late prefetch ratio,low_is_good,1.069397993311037,0.6356709572421956,0.2407900577008433,0.592896174863388,0.0028850421660008,0.6356709572421956,256950236.01870343,0.0262553224013946,0.5422026309785191,0.0020736012469441,1.27,27731.12,45223.12,29.794656,13518.0,3255.0,39.0,8593.0,307200.0,0.001196,0.001279,2.060532,1195562241.0,7397871.0,7415194.0,3590277.0,1159676.0,2138824.0,2235.0,1077835.0,19133136996.0,16498.691873,103327822.0,46231.687696,911432.0,502940.0,1.812208,2736.0,161.0,16.993789,82065.0,1077611.0,0.503833,16299.571209,1569.0,666.0,0.000618,85444.37988,57.7,0.0,0.0,299132899.7651073,229809867.33922789,298972306.0,229809867.0,528782173.0,19207.0,285.803606,230.34518,3332.0,2106632.0,27.282839,782.0,2.0,1756.0,2147894.0,,,,,,,,,,,,,,,,,13518.0,3255.0,39.0,0.24079,0.830145,8593.0,5183.0,3406.0,4.0,14082.0,1.0,0.0,0.0,563.0,470.0,251.0,,,,,307200.0,256950236.01870343,4922.0,40898.22,563.0,0.0,1.0,14082.0,0.03998011646073,0.0,7.10126402499645e-05,
32,matmult,l2,ddr4_1x,Stride,stride,,default,matmult_stride_default_l2_ddr4_1x,default,pf_late_ratio,Late prefetch ratio,low_is_good,1.0676126878130217,0.7240951762413651,0.1654956603884985,0.5131819846210179,0.000236169333412,0.7240951762413651,241748968.47790805,0.0257356399585388,0.5425252250458319,0.0024651161497092,1.29,26072.79,43564.79,29.87063,16937.0,2803.0,4.0,12264.0,289728.0,0.001198,0.001279,2.05554,1198466334.0,7397876.0,7415199.0,3598998.0,1160647.0,2139342.0,2659.0,1078651.0,19191092195.0,16534.822556,133588944.0,50240.294848,911214.0,502002.0,1.81516,296.0,4.0,74.0,82213.0,1078434.0,0.504096,16369.136166,1870.0,789.0,0.000731,72800.38403,57.99,0.0,0.0,291786252.21190405,226582918.76557627,291732851.0,226582919.0,518315769.0,19207.0,278.969872,226.95673,3332.0,2106632.0,27.662795,856.0,2.0,1611.0,2147932.0,,,,,,,,,,,,,,,,,16937.0,2803.0,4.0,0.165496,0.780345,12264.0,6893.0,5353.0,18.0,17218.0,89.0,0.0,100.0,0.0,3242.0,466.0,,,,,289728.0,241748968.47790805,4643.0,41156.21,0.0,100.0,89.0,17218.0,0.0,0.0058078754791497,0.0051690091764432,
33,matmult,l2,ddr4_1x,Stride,stride,,deg4_dist1,matmult_stride_deg4_dist1_l2_ddr4_1x,top_speedup,pf_late_ratio,Late prefetch ratio,low_is_good,1.0711892797319933,0.7277467411545624,0.2121042830540037,0.629397679130595,0.0003103662321539,0.7277467411545624,231566095.46211588,0.0256577897073079,0.5416197475533475,0.0018675956376975,1.3,24523.49,42015.49,29.513833,16110.0,3417.0,5.0,11724.0,276416.0,0.001194,0.001279,2.06378,1193680791.0,7397871.0,7415194.0,3584627.0,1158217.0,2138432.0,2012.0,1077321.0,18850341840.0,16275.310965,117157059.0,58229.154573,865587.0,489306.0,1.76901,62.0,3.0,20.666667,81113.0,1077104.0,0.503689,16161.512031,970.0,1042.0,0.000967,71027.429942,56.83,0.0,0.0,291133109.1362096,225668371.335968,291079493.0,225668371.0,516747865.0,19207.0,279.284045,226.043681,3332.0,2106632.0,26.265815,467.0,2.0,1134.0,2151527.0,,,,,,,,,,,,,,,,,16110.0,3417.0,5.0,0.212104,0.766315,11724.0,6739.0,4972.0,13.0,16172.0,0.0,0.0,2.0,0.0,4216.0,696.0,,,,,276416.0,231566095.46211588,4386.0,39133.03,0.0,2.0,0.0,16172.0,0.0,0.0001236705416769,0.0,
34,matmult,l2,ddr4_1x,Next-line,nextline,,deg4,matmult_nextline_deg4_l2_ddr4_1x,top_accuracy,pf_late_ratio,Late prefetch ratio,low_is_good,1.0857385398981323,0.735648476257973,0.1811784954945833,0.6457957416095272,0.0067328136073706,0.735648476257973,274688594.53958046,0.0273804433479732,0.542472567324115,0.0018241222747353,1.32,31252.65,48744.65,29.272795,19754.0,3579.0,133.0,14532.0,323520.0,0.001178,0.001279,2.091664,1177770051.0,7397885.0,7415209.0,3536847.0,1159291.0,2137050.0,1963.0,1076134.0,18777601435.0,16197.48746,99012771.0,50439.516556,814168.0,474835.0,1.714634,4220.0,230.0,18.347826,83383.0,1075908.0,0.503455,15997.59625,1341.0,622.0,0.000578,85608.115756,59.79,0.0,0.0,316421698.5171072,235563809.5606491,315878299.0,235563810.0,551442108.0,19207.0,301.912924,235.944189,3332.0,2106633.0,26.81578,1159.0,2.0,1264.0,2146239.0,,,,,,,,,,,,,,,,,19754.0,3579.0,133.0,0.181178,0.85194,14532.0,9481.0,5050.0,1.0,21278.0,19.0,0.0,4.0,1497.0,890.0,493.0,,,,,323520.0,274688594.53958046,5200.0,44881.28,1497.0,4.0,19.0,21278.0,0.0703543566124635,0.0001879875928188,0.0008929410658896,
35,matmult,l2,ddr4_1x,Next-line,nextline,,deg4,matmult_nextline_deg4_l2_ddr4_1x,low_late,pf_late_ratio,Late prefetch ratio,low_is_good,1.0857385398981323,0.735648476257973,0.1811784954945833,0.6457957416095272,0.0067328136073706,0.735648476257973,274688594.53958046,0.0273804433479732,0.542472567324115,0.0018241222747353,1.32,31252.65,48744.65,29.272795,19754.0,3579.0,133.0,14532.0,323520.0,0.001178,0.001279,2.091664,1177770051.0,7397885.0,7415209.0,3536847.0,1159291.0,2137050.0,1963.0,1076134.0,18777601435.0,16197.48746,99012771.0,50439.516556,814168.0,474835.0,1.714634,4220.0,230.0,18.347826,83383.0,1075908.0,0.503455,15997.59625,1341.0,622.0,0.000578,85608.115756,59.79,0.0,0.0,316421698.5171072,235563809.5606491,315878299.0,235563810.0,551442108.0,19207.0,301.912924,235.944189,3332.0,2106633.0,26.81578,1159.0,2.0,1264.0,2146239.0,,,,,,,,,,,,,,,,,19754.0,3579.0,133.0,0.181178,0.85194,14532.0,9481.0,5050.0,1.0,21278.0,19.0,0.0,4.0,1497.0,890.0,493.0,,,,,323520.0,274688594.53958046,5200.0,44881.28,1497.0,4.0,19.0,21278.0,0.0703543566124635,0.0001879875928188,0.0008929410658896,
36,matmult,l2,ddr4_1x,AMPM,ampm,stage1,hz1k,matmult_ampm_hz1k_l2_ddr4_1x,top_speedup,pf_late_ratio,Late prefetch ratio,low_is_good,1.0765993265993266,0.822736933107597,0.1557580778790389,0.7871836883306026,0.0015129137999351,0.822736933107597,259696530.2191427,0.0265062381011316,0.5421560090796264,0.0010845121643485,1.77,29122.36,46614.36,29.587036,27761.0,4324.0,42.0,22840.0,308416.0,0.001188,0.001279,2.074345,1187601543.0,7397876.0,7415199.0,3566371.0,1159354.0,2138414.0,1169.0,1077904.0,18960718042.0,16354.554383,68907271.0,58945.484175,885729.0,497378.0,1.780796,3654.0,194.0,18.835052,81675.0,1077679.0,0.503962,16235.353492,480.0,689.0,0.000639,77717.918723,59.21,0.0,6.0,302161951.6370063,231889223.8084605,301946391.0,231889224.0,533835615.0,19207.0,290.144453,232.212565,3332.0,2106632.0,26.187962,548.0,2.0,894.0,2147576.0,,,,,,,,,,,,,,,,,27761.0,4324.0,42.0,0.155758,0.862557,22840.0,15923.0,6916.0,1.0,28667.0,1.0,0.0,0.0,905.0,1761.0,1694.0,,,,,308416.0,259696530.2191427,4918.0,43693.91,905.0,0.0,1.0,28667.0,0.0315694003558098,0.0,3.488331531028709e-05,
37,matmult,l2,ddr4_1x,Next-line,nextline,,deg8,matmult_nextline_deg8_l2_ddr4_1x,top_speedup,pf_late_ratio,Late prefetch ratio,low_is_good,1.09409751924722,0.8539472980918275,0.1250467689347373,0.8394330821672049,0.0058795232241167,0.8539472980918275,290219986.38704324,0.0284696531213849,0.5421328605132429,0.0008300848727002,1.91,39495.82,56987.82,28.929777,37418.0,4679.0,220.0,31953.0,339328.0,0.001169,0.001279,2.106975,1169209620.0,7397876.0,7415199.0,3511140.0,1159742.0,2139221.0,895.0,1078203.0,18585740887.0,16025.754769,77469973.0,86558.62905,805277.0,468391.0,1.719241,5559.0,250.0,22.236,81764.0,1077978.0,0.503911,15903.791589,210.0,685.0,0.000635,100294.039416,58.33,0.0,8.0,333572349.49880075,240791723.89977428,332587069.0,240791724.0,573378792.0,19207.0,320.052105,240.736986,3332.0,2106632.0,26.536315,544.0,2.0,1793.0,2147124.0,,,,,,,,,,,,,,,,,37418.0,4679.0,220.0,0.125047,0.872297,31953.0,23958.0,7995.0,0.0,41356.0,57.0,0.0,6.0,3867.0,3236.0,2730.0,,,,,339328.0,290219986.38704324,5409.0,52109.86,3867.0,6.0,57.0,41356.0,0.093505174581681,0.0001450817293742,0.001378276429055,
38,matmult,l2,ddr4_1x,Next-line,nextline,,deg8,matmult_nextline_deg8_l2_ddr4_1x,top_coverage,pf_late_ratio,Late prefetch ratio,low_is_good,1.09409751924722,0.8539472980918275,0.1250467689347373,0.8394330821672049,0.0058795232241167,0.8539472980918275,290219986.38704324,0.0284696531213849,0.5421328605132429,0.0008300848727002,1.91,39495.82,56987.82,28.929777,37418.0,4679.0,220.0,31953.0,339328.0,0.001169,0.001279,2.106975,1169209620.0,7397876.0,7415199.0,3511140.0,1159742.0,2139221.0,895.0,1078203.0,18585740887.0,16025.754769,77469973.0,86558.62905,805277.0,468391.0,1.719241,5559.0,250.0,22.236,81764.0,1077978.0,0.503911,15903.791589,210.0,685.0,0.000635,100294.039416,58.33,0.0,8.0,333572349.49880075,240791723.89977428,332587069.0,240791724.0,573378792.0,19207.0,320.052105,240.736986,3332.0,2106632.0,26.536315,544.0,2.0,1793.0,2147124.0,,,,,,,,,,,,,,,,,37418.0,4679.0,220.0,0.125047,0.872297,31953.0,23958.0,7995.0,0.0,41356.0,57.0,0.0,6.0,3867.0,3236.0,2730.0,,,,,339328.0,290219986.38704324,5409.0,52109.86,3867.0,6.0,57.0,41356.0,0.093505174581681,0.0001450817293742,0.001378276429055,
39,matmult,l2,ddr4_1x,Next-line,nextline,,deg8,matmult_nextline_deg8_l2_ddr4_1x,low_unused,pf_late_ratio,Late prefetch ratio,low_is_good,1.09409751924722,0.8539472980918275,0.1250467689347373,0.8394330821672049,0.0058795232241167,0.8539472980918275,290219986.38704324,0.0284696531213849,0.5421328605132429,0.0008300848727002,1.91,39495.82,56987.82,28.929777,37418.0,4679.0,220.0,31953.0,339328.0,0.001169,0.001279,2.106975,1169209620.0,7397876.0,7415199.0,3511140.0,1159742.0,2139221.0,895.0,1078203.0,18585740887.0,16025.754769,77469973.0,86558.62905,805277.0,468391.0,1.719241,5559.0,250.0,22.236,81764.0,1077978.0,0.503911,15903.791589,210.0,685.0,0.000635,100294.039416,58.33,0.0,8.0,333572349.49880075,240791723.89977428,332587069.0,240791724.0,573378792.0,19207.0,320.052105,240.736986,3332.0,2106632.0,26.536315,544.0,2.0,1793.0,2147124.0,,,,,,,,,,,,,,,,,37418.0,4679.0,220.0,0.125047,0.872297,31953.0,23958.0,7995.0,0.0,41356.0,57.0,0.0,6.0,3867.0,3236.0,2730.0,,,,,339328.0,290219986.38704324,5409.0,52109.86,3867.0,6.0,57.0,41356.0,0.093505174581681,0.0001450817293742,0.001378276429055,
40,matmult,l2,ddr4_1x,AMPM,ampm,stage2,cfg20,matmult_ampm_cfg20_l2_ddr4_1x,top_coverage,pf_late_ratio,Late prefetch ratio,low_is_good,1.0756938603868798,0.8550116687837878,0.1377802723700924,0.8495446265938069,0.0013884375646214,0.8550116687837878,257683897.90047,0.0264285211170359,0.5418216721375396,0.0007662458498881,1.85,31445.18,48937.18,29.543884,33851.0,4664.0,47.0,28943.0,306368.0,0.001189,0.001279,2.072027,1188929547.0,7397871.0,7415194.0,3570359.0,1158904.0,2138903.0,826.0,1077983.0,18954290830.0,16355.358882,68045788.0,82379.88862,871163.0,491233.0,1.773421,3411.0,191.0,17.858639,81146.0,1077758.0,0.503884,16254.785151,128.0,698.0,0.000648,85062.753582,58.14,0.0,0.0,301609124.6994638,230822760.4339284,301447635.0,230822760.0,532270395.0,19207.0,288.74377,230.87659,3332.0,2106632.0,26.078806,605.0,2.0,1503.0,2148084.0,,,,,,,,,,,,,,,,,33851.0,4664.0,47.0,0.13778,0.869825,28943.0,21540.0,7401.0,2.0,35039.0,4.0,0.0,0.0,1184.0,2534.0,2453.0,,,,,306368.0,257683897.90047,4905.0,45029.58,1184.0,0.0,4.0,35039.0,0.0337909186906019,0.0,0.0001141585090898,
41,matmult,l2,ddr4_1x,AMPM,ampm,stage2,cfg24,matmult_ampm_cfg24_l2_ddr4_1x,top_speedup,pf_late_ratio,Late prefetch ratio,low_is_good,1.0756938603868798,0.8550758873206166,0.1377192464418591,0.8495446265938069,0.0013878225949329,0.8550758873206166,257683897.90047,0.0264285211170359,0.5418216721375396,0.0007662458498881,1.85,31433.08,48925.08,29.543738,33866.0,4664.0,47.0,28958.0,306368.0,0.001189,0.001279,2.072027,1188929547.0,7397871.0,7415194.0,3570359.0,1158904.0,2138903.0,826.0,1077983.0,18954187933.0,16355.270094,68038795.0,82371.422518,871163.0,491233.0,1.773421,3411.0,191.0,17.858639,81146.0,1077758.0,0.503884,16254.778663,128.0,698.0,0.000648,85078.497135,58.14,0.0,0.0,301609124.6994638,230822760.4339284,301447635.0,230822760.0,532270395.0,19207.0,288.74377,230.87659,3332.0,2106632.0,26.077313,596.0,2.0,1503.0,2148084.0,,,,,,,,,,,,,,,,,33866.0,4664.0,47.0,0.137719,0.869825,28958.0,21555.0,7401.0,2.0,35054.0,4.0,0.0,0.0,1184.0,2535.0,2454.0,,,,,306368.0,257683897.90047,4905.0,45014.1,1184.0,0.0,4.0,35054.0,0.0337764591772693,0.0,0.0001141096593826,
42,matmult,l2,ddr4_1x,AMPM,ampm,stage2,cfg24,matmult_ampm_cfg24_l2_ddr4_1x,top_coverage,pf_late_ratio,Late prefetch ratio,low_is_good,1.0756938603868798,0.8550758873206166,0.1377192464418591,0.8495446265938069,0.0013878225949329,0.8550758873206166,257683897.90047,0.0264285211170359,0.5418216721375396,0.0007662458498881,1.85,31433.08,48925.08,29.543738,33866.0,4664.0,47.0,28958.0,306368.0,0.001189,0.001279,2.072027,1188929547.0,7397871.0,7415194.0,3570359.0,1158904.0,2138903.0,826.0,1077983.0,18954187933.0,16355.270094,68038795.0,82371.422518,871163.0,491233.0,1.773421,3411.0,191.0,17.858639,81146.0,1077758.0,0.503884,16254.778663,128.0,698.0,0.000648,85078.497135,58.14,0.0,0.0,301609124.6994638,230822760.4339284,301447635.0,230822760.0,532270395.0,19207.0,288.74377,230.87659,3332.0,2106632.0,26.077313,596.0,2.0,1503.0,2148084.0,,,,,,,,,,,,,,,,,33866.0,4664.0,47.0,0.137719,0.869825,28958.0,21555.0,7401.0,2.0,35054.0,4.0,0.0,0.0,1184.0,2535.0,2454.0,,,,,306368.0,257683897.90047,4905.0,45014.1,1184.0,0.0,4.0,35054.0,0.0337764591772693,0.0,0.0001141096593826,
43,matmult,l2,ddr4_1x,AMPM,ampm,stage2,cfg18,matmult_ampm_cfg18_l2_ddr4_1x,top_speedup,pf_late_ratio,Late prefetch ratio,low_is_good,1.0756938603868798,0.8560462359217546,0.1367516301126259,0.839825263924281,0.001393005334914,0.8560462359217546,256124694.9375452,0.02645009604338,0.542083403847898,0.0008163394042392,1.84,32216.47,49708.47,29.487323,33740.0,4614.0,47.0,28883.0,304512.0,0.001189,0.001279,2.072042,1188920889.0,7397871.0,7415194.0,3570333.0,1159537.0,2139038.0,880.0,1077983.0,18894834611.0,16295.154541,67419734.0,76613.334091,857213.0,486114.0,1.763399,4363.0,227.0,19.220264,81779.0,1077758.0,0.503852,16205.490395,127.0,753.0,0.000699,78486.138114,58.08,0.0,0.0,301826642.3948751,231039762.64647835,301665151.0,231039763.0,532704914.0,19207.0,289.068855,231.093593,3332.0,2106632.0,25.933021,596.0,2.0,1404.0,2148214.0,,,,,,,,,,,,,,,,,33740.0,4614.0,47.0,0.136752,0.859698,28883.0,21473.0,7409.0,1.0,35161.0,5.0,0.0,0.0,1416.0,2507.0,2415.0,,,,,304512.0,256124694.9375452,4854.0,46740.95,1416.0,0.0,5.0,35161.0,0.0402718921532379,0.0,0.0001422030090156,
44,matmult,l2,ddr4_1x,AMPM,ampm,stage2,cfg18,matmult_ampm_cfg18_l2_ddr4_1x,top_coverage,pf_late_ratio,Late prefetch ratio,low_is_good,1.0756938603868798,0.8560462359217546,0.1367516301126259,0.839825263924281,0.001393005334914,0.8560462359217546,256124694.9375452,0.02645009604338,0.542083403847898,0.0008163394042392,1.84,32216.47,49708.47,29.487323,33740.0,4614.0,47.0,28883.0,304512.0,0.001189,0.001279,2.072042,1188920889.0,7397871.0,7415194.0,3570333.0,1159537.0,2139038.0,880.0,1077983.0,18894834611.0,16295.154541,67419734.0,76613.334091,857213.0,486114.0,1.763399,4363.0,227.0,19.220264,81779.0,1077758.0,0.503852,16205.490395,127.0,753.0,0.000699,78486.138114,58.08,0.0,0.0,301826642.3948751,231039762.64647835,301665151.0,231039763.0,532704914.0,19207.0,289.068855,231.093593,3332.0,2106632.0,25.933021,596.0,2.0,1404.0,2148214.0,,,,,,,,,,,,,,,,,33740.0,4614.0,47.0,0.136752,0.859698,28883.0,21473.0,7409.0,1.0,35161.0,5.0,0.0,0.0,1416.0,2507.0,2415.0,,,,,304512.0,256124694.9375452,4854.0,46740.95,1416.0,0.0,5.0,35161.0,0.0402718921532379,0.0,0.0001422030090156,
45,matmult,l2,ddr4_1x,Stride,stride,,deg8_dist1,matmult_stride_deg8_dist1_l2_ddr4_1x,top_coverage,pf_late_ratio,Late prefetch ratio,low_is_good,1.0685045948203844,0.8571381762180936,0.1287394737704381,0.721844571008635,0.0002948982601002,0.8571381762180936,231065483.0327269,0.0256441987931849,0.5419354325945105,0.0014046090473893,1.84,29734.52,47226.52,29.885535,30519.0,3929.0,9.0,26159.0,276480.0,0.001197,0.001279,2.058841,1196543925.0,7397871.0,7415194.0,3593225.0,1159169.0,2138943.0,1514.0,1077880.0,19178017969.0,16544.626339,107796759.0,71199.972919,929517.0,514720.0,1.805869,121.0,4.0,30.25,81506.0,1077663.0,0.50383,16448.090345,432.0,1082.0,0.001004,72225.9122,59.04,0.0,0.0,291185298.52550125,225342333.33724043,291131811.0,225342333.0,516474144.0,19207.0,279.3111,225.716745,3332.0,2106632.0,26.67235,674.0,2.0,1331.0,2148136.0,,,,,,,,,,,,,,,,,30519.0,3929.0,9.0,0.128739,0.784075,26159.0,18616.0,7536.0,7.0,30577.0,0.0,0.0,5.0,0.0,9615.0,2927.0,,,,,276480.0,231065483.0327269,4360.0,44967.98,0.0,5.0,0.0,30577.0,0.0,0.0001635216012035,0.0,
46,matmult,l2,ddr4_1x,AMPM,ampm,stage1,default,matmult_ampm_default_l2_ddr4_1x,default,pf_late_ratio,Late prefetch ratio,low_is_good,1.073887489504618,0.9058910078659952,0.0646445211551883,0.6215088864708016,0.0014336106238092,0.9058910078659952,261440279.33536932,0.0266667168560098,0.5426003327668752,0.0019364991584069,1.38,28187.56,45679.56,29.654754,53013.0,3427.0,76.0,48024.0,311360.0,0.001191,0.001279,2.068528,1190941200.0,7397876.0,7415199.0,3576400.0,1160315.0,2138434.0,2087.0,1077718.0,19058859698.0,16425.591066,118624453.0,56839.699569,879369.0,499866.0,1.759209,4248.0,241.0,17.626556,82819.0,1077496.0,0.503872,16160.801582,1371.0,716.0,0.000664,79121.259777,57.6,0.0,0.0,305560005.81724775,231668868.28669629,305398789.0,231668868.0,537067657.0,19207.0,291.319168,231.292695,3332.0,2106632.0,27.798707,1140.0,2.0,1434.0,2148422.0,,,,,,,,,,,,,,,,,53013.0,3427.0,76.0,0.064645,0.827178,48024.0,44014.0,4007.0,3.0,54179.0,257.0,0.0,3.0,872.0,6245.0,3751.0,,,,,311360.0,261440279.33536932,4970.0,42023.23,872.0,3.0,257.0,54179.0,0.0160947968770187,5.537200760442238e-05,0.0047435353181121,
47,matmult,l2,ddr4_1x,AMPM,ampm,stage1,hz2k,matmult_ampm_hz2k_l2_ddr4_1x,low_unused,pf_late_ratio,Late prefetch ratio,low_is_good,1.0747899159663865,0.9071111530833884,0.0862782132401548,0.8309987265781336,0.0008688261403343,0.9071111530833884,258794580.04244143,0.0265514074673029,0.5422284834197235,0.0008618450348819,1.81,39823.02,57315.02,29.544229,52945.0,4568.0,46.0,48027.0,307968.0,0.00119,0.001279,2.070148,1190009466.0,7397876.0,7415199.0,3573602.0,1159689.0,2138746.0,929.0,1077920.0,18944793159.0,16336.098005,74346822.0,80028.871905,889350.0,498973.0,1.782361,3791.0,182.0,20.82967,81994.0,1077695.0,0.503891,16234.091734,209.0,720.0,0.000668,87127.0125,58.4,0.0,9.0,303002631.74545205,231904037.64401653,302841288.0,231904038.0,534745326.0,19207.0,290.955669,232.119162,3332.0,2106632.0,26.956948,652.0,2.0,1558.0,2147595.0,,,,,,,,,,,,,,,,,52945.0,4568.0,46.0,0.086278,0.863843,48027.0,40649.0,7375.0,3.0,54138.0,357.0,0.0,0.0,831.0,7216.0,7064.0,,,,,307968.0,258794580.04244143,4914.0,54067.66,831.0,0.0,357.0,54138.0,0.0153496619749528,0.0,0.0065942591155934,
48,matmult,l2,ddr4_1x,Next-line,nextline,,deg16,matmult_nextline_deg16_l2_ddr4_1x,top_speedup,pf_late_ratio,Late prefetch ratio,low_is_good,1.0969125214408233,0.9166654504589968,0.0701119397539368,0.8546521971179506,0.0037215954698696,0.9166654504589968,301455006.6080396,0.0293691672073247,0.5421446850278689,0.0007575884023137,2.02,43345.12,60837.12,28.865006,68519.0,4804.0,255.0,62809.0,351552.0,0.001166,0.001279,2.11244,1166183982.0,7397871.0,7415194.0,3502054.0,1159905.0,2139475.0,817.0,1078422.0,18544714881.0,15988.132546,73544552.0,90017.811506,805795.0,471421.0,1.70929,6327.0,303.0,20.881188,81707.0,1078198.0,0.503954,15897.098059,128.0,689.0,0.000639,98334.808418,58.68,0.0,1.0,346621121.7433785,245916600.1475743,345578405.0,245916600.0,591495005.0,19207.0,332.68164,245.422682,3332.0,2106632.0,25.584145,638.0,2.0,1523.0,2146977.0,,,,,,,,,,,,,,,,,68519.0,4804.0,255.0,0.070112,0.874568,62809.0,54803.0,8006.0,0.0,78005.0,553.0,0.0,670.0,8206.0,11931.0,10050.0,,,,,351552.0,301455006.6080396,5621.0,56718.33,8206.0,670.0,553.0,78005.0,0.1051983847189282,0.0085891930004486,0.0070892891481315,
49,matmult,l2,ddr4_1x,Next-line,nextline,,deg16,matmult_nextline_deg16_l2_ddr4_1x,top_coverage,pf_late_ratio,Late prefetch ratio,low_is_good,1.0969125214408233,0.9166654504589968,0.0701119397539368,0.8546521971179506,0.0037215954698696,0.9166654504589968,301455006.6080396,0.0293691672073247,0.5421446850278689,0.0007575884023137,2.02,43345.12,60837.12,28.865006,68519.0,4804.0,255.0,62809.0,351552.0,0.001166,0.001279,2.11244,1166183982.0,7397871.0,7415194.0,3502054.0,1159905.0,2139475.0,817.0,1078422.0,18544714881.0,15988.132546,73544552.0,90017.811506,805795.0,471421.0,1.70929,6327.0,303.0,20.881188,81707.0,1078198.0,0.503954,15897.098059,128.0,689.0,0.000639,98334.808418,58.68,0.0,1.0,346621121.7433785,245916600.1475743,345578405.0,245916600.0,591495005.0,19207.0,332.68164,245.422682,3332.0,2106632.0,25.584145,638.0,2.0,1523.0,2146977.0,,,,,,,,,,,,,,,,,68519.0,4804.0,255.0,0.070112,0.874568,62809.0,54803.0,8006.0,0.0,78005.0,553.0,0.0,670.0,8206.0,11931.0,10050.0,,,,,351552.0,301455006.6080396,5621.0,56718.33,8206.0,670.0,553.0,78005.0,0.1051983847189282,0.0085891930004486,0.0070892891481315,
50,matmult,l2,ddr4_1x,Next-line,nextline,,deg16,matmult_nextline_deg16_l2_ddr4_1x,low_unused,pf_late_ratio,Late prefetch ratio,low_is_good,1.0969125214408233,0.9166654504589968,0.0701119397539368,0.8546521971179506,0.0037215954698696,0.9166654504589968,301455006.6080396,0.0293691672073247,0.5421446850278689,0.0007575884023137,2.02,43345.12,60837.12,28.865006,68519.0,4804.0,255.0,62809.0,351552.0,0.001166,0.001279,2.11244,1166183982.0,7397871.0,7415194.0,3502054.0,1159905.0,2139475.0,817.0,1078422.0,18544714881.0,15988.132546,73544552.0,90017.811506,805795.0,471421.0,1.70929,6327.0,303.0,20.881188,81707.0,1078198.0,0.503954,15897.098059,128.0,689.0,0.000639,98334.808418,58.68,0.0,1.0,346621121.7433785,245916600.1475743,345578405.0,245916600.0,591495005.0,19207.0,332.68164,245.422682,3332.0,2106632.0,25.584145,638.0,2.0,1523.0,2146977.0,,,,,,,,,,,,,,,,,68519.0,4804.0,255.0,0.070112,0.874568,62809.0,54803.0,8006.0,0.0,78005.0,553.0,0.0,670.0,8206.0,11931.0,10050.0,,,,,351552.0,301455006.6080396,5621.0,56718.33,8206.0,670.0,553.0,78005.0,0.1051983847189282,0.0085891930004486,0.0070892891481315,
51,matmult,l2,ddr4_1x,Stride,stride,,deg16_dist1,matmult_stride_deg16_dist1_l2_ddr4_1x,top_speedup,pf_late_ratio,Late prefetch ratio,low_is_good,1.0711892797319933,0.9214721511513482,0.0709774382279794,0.7261577887607542,8.94598414771609e-05,0.9214721511513482,231765962.24624464,0.0257939542606632,0.5424377296588541,0.0013878709725301,2.02,36502.6,53994.6,29.682462,55891.0,3967.0,5.0,51502.0,276736.0,0.001194,0.001279,2.063174,1194032106.0,7397876.0,7415199.0,3585682.0,1160002.0,2138498.0,1496.0,1077910.0,19032943035.0,16407.681224,114522683.0,76552.595588,899528.0,501482.0,1.793739,328.0,23.0,14.26087,82309.0,1077693.0,0.503949,16312.832501,423.0,1073.0,0.000995,77935.332712,57.61,0.0,0.0,292869846.83475506,226673971.8638688,292816247.0,226673972.0,519490219.0,19207.0,279.309072,226.781172,3332.0,2106632.0,27.060383,851.0,2.0,1343.0,2147183.0,,,,,,,,,,,,,,,,,55891.0,3967.0,5.0,0.070977,0.787103,51502.0,44627.0,6870.0,5.0,56450.0,448.0,0.0,12.0,0.0,24446.0,10208.0,,,,,276736.0,231765962.24624464,4389.0,51279.06,0.0,12.0,448.0,56450.0,0.0,0.0002125775022143,0.0079362267493356,
52,matmult,l2,ddr4_1x,Stride,stride,,deg16_dist1,matmult_stride_deg16_dist1_l2_ddr4_1x,top_coverage,pf_late_ratio,Late prefetch ratio,low_is_good,1.0711892797319933,0.9214721511513482,0.0709774382279794,0.7261577887607542,8.94598414771609e-05,0.9214721511513482,231765962.24624464,0.0257939542606632,0.5424377296588541,0.0013878709725301,2.02,36502.6,53994.6,29.682462,55891.0,3967.0,5.0,51502.0,276736.0,0.001194,0.001279,2.063174,1194032106.0,7397876.0,7415199.0,3585682.0,1160002.0,2138498.0,1496.0,1077910.0,19032943035.0,16407.681224,114522683.0,76552.595588,899528.0,501482.0,1.793739,328.0,23.0,14.26087,82309.0,1077693.0,0.503949,16312.832501,423.0,1073.0,0.000995,77935.332712,57.61,0.0,0.0,292869846.83475506,226673971.8638688,292816247.0,226673972.0,519490219.0,19207.0,279.309072,226.781172,3332.0,2106632.0,27.060383,851.0,2.0,1343.0,2147183.0,,,,,,,,,,,,,,,,,55891.0,3967.0,5.0,0.070977,0.787103,51502.0,44627.0,6870.0,5.0,56450.0,448.0,0.0,12.0,0.0,24446.0,10208.0,,,,,276736.0,231765962.24624464,4389.0,51279.06,0.0,12.0,448.0,56450.0,0.0,0.0002125775022143,0.0079362267493356,
53,matmult,l2,ddr4_1x,Stride,stride,,deg16_dist1,matmult_stride_deg16_dist1_l2_ddr4_1x,low_unused,pf_late_ratio,Late prefetch ratio,low_is_good,1.0711892797319933,0.9214721511513482,0.0709774382279794,0.7261577887607542,8.94598414771609e-05,0.9214721511513482,231765962.24624464,0.0257939542606632,0.5424377296588541,0.0013878709725301,2.02,36502.6,53994.6,29.682462,55891.0,3967.0,5.0,51502.0,276736.0,0.001194,0.001279,2.063174,1194032106.0,7397876.0,7415199.0,3585682.0,1160002.0,2138498.0,1496.0,1077910.0,19032943035.0,16407.681224,114522683.0,76552.595588,899528.0,501482.0,1.793739,328.0,23.0,14.26087,82309.0,1077693.0,0.503949,16312.832501,423.0,1073.0,0.000995,77935.332712,57.61,0.0,0.0,292869846.83475506,226673971.8638688,292816247.0,226673972.0,519490219.0,19207.0,279.309072,226.781172,3332.0,2106632.0,27.060383,851.0,2.0,1343.0,2147183.0,,,,,,,,,,,,,,,,,55891.0,3967.0,5.0,0.070977,0.787103,51502.0,44627.0,6870.0,5.0,56450.0,448.0,0.0,12.0,0.0,24446.0,10208.0,,,,,276736.0,231765962.24624464,4389.0,51279.06,0.0,12.0,448.0,56450.0,0.0,0.0002125775022143,0.0079362267493356,
54,matmult,l2,ddr4_1x,Stride,stride,,deg16_dist4,matmult_stride_deg16_dist4_l2_ddr4_1x,low_unused,pf_late_ratio,Late prefetch ratio,low_is_good,1.059652029826015,0.9275370647052062,0.0725778646132628,0.7002402513398632,3.830977282304716e-05,0.9275370647052062,200653146.07967228,0.0252430774273427,0.5417142114242103,0.0015058297521136,1.73,37030.7,54522.7,29.69827,52206.0,3789.0,2.0,48423.0,242112.0,0.001207,0.001279,2.041649,1206619506.0,7397871.0,7415194.0,3623482.0,1158367.0,2138336.0,1622.0,1077147.0,18942155298.0,16352.464545,126718146.0,78124.62762,885541.0,496042.0,1.785214,245.0,14.0,17.5,81437.0,1076930.0,0.50363,16226.519297,,1622.0,0.001506,77791.422318,57.43,0.0,0.0,286791319.2843743,221657281.91037548,286738279.0,221657282.0,508395560.0,19207.0,276.395333,221.604241,3332.0,2106632.0,27.004452,1082.0,2.0,1415.0,2152675.0,,,,,,,,,,,,,,,,,52206.0,3789.0,2.0,0.072578,0.70024,48423.0,42344.0,6079.0,0.0,52686.0,448.0,0.0,0.0,0.0,27346.0,12954.0,,,,,242112.0,200653146.07967228,3783.0,52887.33,0.0,0.0,448.0,52686.0,0.0,0.0,0.0085032076832555,
55,matmult,l2,ddr4_1x,IMP,imp,stage3,s64_ipd16_addr16,matmult_imp3_s64_ipd16_addr16_l2_ddr4_1x,low_unused,pf_late_ratio,Late prefetch ratio,low_is_good,1.0306204673650283,0.9326675612063088,0.0562900068190317,0.4735381199111769,0.0005059281582015,0.9326675612063088,154159550.79143423,0.0244484873275292,0.5417495345838558,0.0026396877281891,2.54,55305.26,72797.26,29.675943,45461.0,2559.0,23.0,42400.0,191296.0,0.001241,0.001279,1.985255,1240896195.0,7397876.0,7415199.0,3726415.0,1158773.0,2138946.0,2845.0,1077779.0,19011103664.0,16406.236307,207859922.0,73061.484007,852619.0,473080.0,1.802272,388.0,35.0,11.085714,81211.0,1077562.0,0.503782,16116.313156,508.0,2337.0,0.002168,72825.827557,59.75,0.0,0.0,278508388.8503663,213935703.1391332,278456813.0,213935703.0,492392516.0,19207.0,267.88381,213.574674,3332.0,2106632.0,29.487396,2098.0,2.0,1631.0,2151949.0,,,,,,,,,,,,,,,,,45461.0,2559.0,23.0,0.05629,0.522672,42400.0,39796.0,2594.0,10.0,71621.0,92.0,0.0,127.0,25131.0,90491.0,0.0,,,,,191296.0,154159550.79143423,3057.0,88365.18,25131.0,127.0,92.0,71621.0,0.3508887058265034,0.0017732229374066,0.0012845394507197,stage3: s64_ipd16_addr16
56,matmult,l2,ddr4_1x,AMPM,ampm,stage1,hz4k,matmult_ampm_hz4k_l2_ddr4_1x,low_unused,pf_late_ratio,Late prefetch ratio,low_is_good,1.0756938603868798,0.9417305124059886,0.0534195543684543,0.8296943231441049,0.0006091703568332,0.9417305124059886,261258233.7013837,0.0265829321457642,0.5422122976910504,0.0008682745825602,2.82,48915.91,66407.91,29.567355,85362.0,4560.0,52.0,80388.0,310656.0,0.001189,0.001279,2.071771,1189076400.0,7397871.0,7415194.0,3570800.0,1159688.0,2138808.0,936.0,1078000.0,18950319949.0,16340.877847,69145364.0,73873.252137,899101.0,501575.0,1.792555,3586.0,188.0,19.074468,81913.0,1077775.0,0.503914,16261.226638,258.0,678.0,0.000629,84292.091445,59.14,0.0,1.0,303617160.34394425,231924542.44319373,303455690.0,231924542.0,535380233.0,19207.0,291.506921,231.763073,3332.0,2106632.0,25.876594,583.0,2.0,1435.0,2147186.0,,,,,,,,,,,,,,,,,85362.0,4560.0,52.0,0.05342,0.870561,80388.0,76397.0,3988.0,3.0,92843.0,6151.0,0.0,277.0,887.0,29280.0,29039.0,,,,,310656.0,261258233.7013837,4962.0,64445.23,887.0,277.0,6151.0,92843.0,0.0095537628038732,0.0029835313378499,0.0662516290942774,
57,matmult,l2,ddr4_1x,IMP,imp,stage3,s64_sth2_pt8,matmult_imp3_s64_sth2_pt8_l2_ddr4_1x,low_unused,pf_late_ratio,Late prefetch ratio,low_is_good,1.0289621882542237,0.943643690185594,0.0463791700569568,0.4443207126948775,0.0003293424774303,0.943643690185594,145448066.75534028,0.0243216591697633,0.5422502795687468,0.0027759594861971,1.79,49437.48,66929.48,29.933355,51618.0,2394.0,17.0,48709.0,180800.0,0.001243,0.001279,1.981807,1243055367.0,7397876.0,7415199.0,3732899.0,1160363.0,2139903.0,2994.0,1078546.0,19264169304.0,16601.84727,207532248.0,69316.048096,889849.0,488071.0,1.823196,386.0,29.0,13.310345,82034.0,1078329.0,0.503915,16317.716734,521.0,2473.0,0.002293,69685.193692,62.07,0.0,0.0,277097874.4344217,212791808.8140961,277046388.0,212791809.0,489838197.0,19207.0,265.667973,212.37992,3332.0,2106632.0,29.577356,2177.0,2.0,1780.0,2149766.0,,,,,,,,,,,,,,,,,51618.0,2394.0,17.0,0.046379,0.491884,48709.0,46193.0,2500.0,16.0,81751.0,112.0,0.0,115.0,28867.0,90409.0,0.0,,,,,180800.0,145448066.75534028,2899.0,82412.76,28867.0,115.0,112.0,81751.0,0.3531088304730217,0.0014067106212768,0.0013700138224608,stage3: s64_sth2_pt8
58,matmult,l2,ddr4_1x,Next-line,nextline,,deg32,matmult_nextline_deg32_l2_ddr4_1x,top_speedup,pf_late_ratio,Late prefetch ratio,low_is_good,1.0978540772532188,0.9449973014685692,0.0446062511243881,0.8397504456327985,0.0026985314307897,0.9449973014685692,304781743.51382124,0.0297698739753358,0.5424203729964132,0.0008335813678337,3.11,60891.65,78383.65,28.693143,105613.0,4711.0,285.0,99804.0,355072.0,0.001165,0.001279,2.114581,1165004163.0,7397876.0,7415199.0,3498511.0,1160529.0,2139538.0,899.0,1078479.0,18452162191.0,15899.785521,79509250.0,88441.879867,789244.0,464335.0,1.69973,6303.0,282.0,22.351064,82268.0,1078261.0,0.503969,15829.830491,183.0,716.0,0.000664,99389.113128,60.02,0.0,30.0,352630499.5701547,247593965.03547084,351971274.0,247593965.0,599565239.0,19207.0,337.742999,248.143319,3332.0,2106632.0,25.621215,693.0,2.0,1342.0,2147055.0,,,,,,,,,,,,,,,,,105613.0,4711.0,285.0,0.044606,0.868067,99804.0,95073.0,4727.0,4.0,132864.0,14807.0,0.0,776.0,10983.0,46656.0,39193.0,,,,,355072.0,304781743.51382124,5695.0,75382.64,10983.0,776.0,14807.0,132864.0,0.082663475433526,0.0058405587668593,0.111444785645472,
59,matmult,l2,ddr4_1x,Next-line,nextline,,deg32,matmult_nextline_deg32_l2_ddr4_1x,top_coverage,pf_late_ratio,Late prefetch ratio,low_is_good,1.0978540772532188,0.9449973014685692,0.0446062511243881,0.8397504456327985,0.0026985314307897,0.9449973014685692,304781743.51382124,0.0297698739753358,0.5424203729964132,0.0008335813678337,3.11,60891.65,78383.65,28.693143,105613.0,4711.0,285.0,99804.0,355072.0,0.001165,0.001279,2.114581,1165004163.0,7397876.0,7415199.0,3498511.0,1160529.0,2139538.0,899.0,1078479.0,18452162191.0,15899.785521,79509250.0,88441.879867,789244.0,464335.0,1.69973,6303.0,282.0,22.351064,82268.0,1078261.0,0.503969,15829.830491,183.0,716.0,0.000664,99389.113128,60.02,0.0,30.0,352630499.5701547,247593965.03547084,351971274.0,247593965.0,599565239.0,19207.0,337.742999,248.143319,3332.0,2106632.0,25.621215,693.0,2.0,1342.0,2147055.0,,,,,,,,,,,,,,,,,105613.0,4711.0,285.0,0.044606,0.868067,99804.0,95073.0,4727.0,4.0,132864.0,14807.0,0.0,776.0,10983.0,46656.0,39193.0,,,,,355072.0,304781743.51382124,5695.0,75382.64,10983.0,776.0,14807.0,132864.0,0.082663475433526,0.0058405587668593,0.111444785645472,
60,matmult,l2,ddr4_1x,Next-line,nextline,,deg32,matmult_nextline_deg32_l2_ddr4_1x,low_unused,pf_late_ratio,Late prefetch ratio,low_is_good,1.0978540772532188,0.9449973014685692,0.0446062511243881,0.8397504456327985,0.0026985314307897,0.9449973014685692,304781743.51382124,0.0297698739753358,0.5424203729964132,0.0008335813678337,3.11,60891.65,78383.65,28.693143,105613.0,4711.0,285.0,99804.0,355072.0,0.001165,0.001279,2.114581,1165004163.0,7397876.0,7415199.0,3498511.0,1160529.0,2139538.0,899.0,1078479.0,18452162191.0,15899.785521,79509250.0,88441.879867,789244.0,464335.0,1.69973,6303.0,282.0,22.351064,82268.0,1078261.0,0.503969,15829.830491,183.0,716.0,0.000664,99389.113128,60.02,0.0,30.0,352630499.5701547,247593965.03547084,351971274.0,247593965.0,599565239.0,19207.0,337.742999,248.143319,3332.0,2106632.0,25.621215,693.0,2.0,1342.0,2147055.0,,,,,,,,,,,,,,,,,105613.0,4711.0,285.0,0.044606,0.868067,99804.0,95073.0,4727.0,4.0,132864.0,14807.0,0.0,776.0,10983.0,46656.0,39193.0,,,,,355072.0,304781743.51382124,5695.0,75382.64,10983.0,776.0,14807.0,132864.0,0.082663475433526,0.0058405587668593,0.111444785645472,
61,matmult,l2,ddr4_1x,Stride,stride,,deg32_dist1,matmult_stride_deg32_dist1_l2_ddr4_1x,top_speedup,pf_late_ratio,Late prefetch ratio,low_is_good,1.0711892797319933,0.9535099804556086,0.0423248213770785,0.7231751824817518,0.000106799953008,0.9535099804556086,230744990.0988943,0.0259001199548804,0.5418991513403323,0.0014077710446459,2.55,46946.32,64438.32,29.632472,93633.0,3963.0,10.0,89280.0,275520.0,0.001194,0.001279,2.063151,1194045426.0,7397876.0,7415199.0,3585722.0,1158750.0,2138313.0,1517.0,1077590.0,18973437427.0,16374.056032,104787084.0,69075.203691,898582.0,500434.0,1.795605,821.0,34.0,24.147059,81377.0,1077373.0,0.503843,16281.946532,386.0,1131.0,0.00105,72094.037135,59.38,0.0,0.0,294045764.3861868,227636230.65040743,293992165.0,227636231.0,521628396.0,19207.0,280.163545,228.118624,3332.0,2106632.0,26.55652,812.0,2.0,1504.0,2147953.0,,,,,,,,,,,,,,,,,93633.0,3963.0,10.0,0.042325,0.777974,89280.0,82540.0,6730.0,10.0,95860.0,2016.0,0.0,59.0,64.0,65452.0,36384.0,,,,,275520.0,230744990.0988943,4353.0,65239.82,64.0,59.0,2016.0,95860.0,0.0006676403087836,0.0006154809096599,0.0210306697266847,
62,matmult,l2,ddr4_1x,Stride,stride,,deg32_dist1,matmult_stride_deg32_dist1_l2_ddr4_1x,top_coverage,pf_late_ratio,Late prefetch ratio,low_is_good,1.0711892797319933,0.9535099804556086,0.0423248213770785,0.7231751824817518,0.000106799953008,0.9535099804556086,230744990.0988943,0.0259001199548804,0.5418991513403323,0.0014077710446459,2.55,46946.32,64438.32,29.632472,93633.0,3963.0,10.0,89280.0,275520.0,0.001194,0.001279,2.063151,1194045426.0,7397876.0,7415199.0,3585722.0,1158750.0,2138313.0,1517.0,1077590.0,18973437427.0,16374.056032,104787084.0,69075.203691,898582.0,500434.0,1.795605,821.0,34.0,24.147059,81377.0,1077373.0,0.503843,16281.946532,386.0,1131.0,0.00105,72094.037135,59.38,0.0,0.0,294045764.3861868,227636230.65040743,293992165.0,227636231.0,521628396.0,19207.0,280.163545,228.118624,3332.0,2106632.0,26.55652,812.0,2.0,1504.0,2147953.0,,,,,,,,,,,,,,,,,93633.0,3963.0,10.0,0.042325,0.777974,89280.0,82540.0,6730.0,10.0,95860.0,2016.0,0.0,59.0,64.0,65452.0,36384.0,,,,,275520.0,230744990.0988943,4353.0,65239.82,64.0,59.0,2016.0,95860.0,0.0006676403087836,0.0006154809096599,0.0210306697266847,
63,matmult,l2,ddr4_1x,Stride,stride,,deg32_dist1,matmult_stride_deg32_dist1_l2_ddr4_1x,low_unused,pf_late_ratio,Late prefetch ratio,low_is_good,1.0711892797319933,0.9535099804556086,0.0423248213770785,0.7231751824817518,0.000106799953008,0.9535099804556086,230744990.0988943,0.0259001199548804,0.5418991513403323,0.0014077710446459,2.55,46946.32,64438.32,29.632472,93633.0,3963.0,10.0,89280.0,275520.0,0.001194,0.001279,2.063151,1194045426.0,7397876.0,7415199.0,3585722.0,1158750.0,2138313.0,1517.0,1077590.0,18973437427.0,16374.056032,104787084.0,69075.203691,898582.0,500434.0,1.795605,821.0,34.0,24.147059,81377.0,1077373.0,0.503843,16281.946532,386.0,1131.0,0.00105,72094.037135,59.38,0.0,0.0,294045764.3861868,227636230.65040743,293992165.0,227636231.0,521628396.0,19207.0,280.163545,228.118624,3332.0,2106632.0,26.55652,812.0,2.0,1504.0,2147953.0,,,,,,,,,,,,,,,,,93633.0,3963.0,10.0,0.042325,0.777974,89280.0,82540.0,6730.0,10.0,95860.0,2016.0,0.0,59.0,64.0,65452.0,36384.0,,,,,275520.0,230744990.0988943,4353.0,65239.82,64.0,59.0,2016.0,95860.0,0.0006676403087836,0.0006154809096599,0.0210306697266847,
64,matmult,l2,ddr4_1x,AMPM,ampm,stage1,hz8k,matmult_ampm_hz8k_l2_ddr4_1x,low_unused,pf_late_ratio,Late prefetch ratio,low_is_good,1.0389926888708363,0.9654772329246936,0.0305713660245183,0.5076335877862596,0.0006567425569176,0.9654772329246936,157894756.986456,0.0257067844956708,0.5425454178243484,0.0025125045561752,1.72,54697.95,72189.95,29.627511,91360.0,2793.0,60.0,88206.0,194304.0,0.001231,0.001279,2.001879,1230591843.0,7397876.0,7415199.0,3695471.0,1160490.0,2138973.0,2709.0,1078207.0,19076993095.0,16438.739752,192678041.0,71125.153562,830200.0,469569.0,1.768004,9123.0,230.0,39.665217,82506.0,1077984.0,0.503973,16058.326248,201.0,2508.0,0.002326,73161.578549,57.85,0.0,0.0,293894358.27749103,223944276.542714,293790343.0,223944277.0,517734620.0,19207.0,282.140664,223.944277,3332.0,2106632.0,30.661145,2274.0,2.0,1614.0,2147809.0,,,,,,,,,,,,,,,,,91360.0,2793.0,60.0,0.030571,0.526882,88206.0,86121.0,2084.0,1.0,123550.0,365.0,0.0,106.0,31637.0,118999.0,89198.0,,,,,194304.0,157894756.986456,3143.0,87504.98,31637.0,106.0,365.0,123550.0,0.2560663698907325,0.0008579522460542,0.0029542695265074,
