rank,benchmark,pf_level,memory,family,prefetcher,stage,config,run,selection_reason,ranked_by,ranked_by_label,rank_direction,speedup_vs_nopf,pf_coverage,pf_accuracy,pf_coverage,pf_unused_ratio,pf_late_ratio,prefetcher_read_rate,dram_bw_utilization,l1d_miss_rate,l2_miss_rate,mem_avg_rdq_len,dram_avg_q_lat,dram_avg_mem_acc_lat,load_to_use_mean,pf_issued,pf_useful,pf_unused,pf_late,prefetcher_read_bytes,simSeconds,nopf_simSeconds,ipc,simTicks,simInsts,simOps,numCycles,l1d_demand_misses,l1d_demand_accesses,l2_demand_misses,l2_demand_accesses,l1d_demand_miss_latency,l1d_demand_avg_miss_latency,l2_demand_miss_latency,l2_demand_avg_miss_latency,l1d_blocked_cycles_no_mshrs,l1d_blocked_causes_no_mshrs,l1d_avg_blocked_no_mshrs,l2_blocked_cycles_no_mshrs,l2_blocked_causes_no_mshrs,l2_avg_blocked_no_mshrs,l1d_demand_mshr_hits,l1d_demand_mshr_misses,l1d_demand_mshr_miss_rate,l1d_demand_avg_mshr_miss_latency,l2_demand_mshr_hits,l2_demand_mshr_misses,l2_demand_mshr_miss_rate,l2_demand_avg_mshr_miss_latency,mem_avg_wrq_len,mem_num_rd_retry,mem_num_wr_retry,mem_avg_read_bw_sys,mem_avg_write_bw_sys,dram_bw_read_total,dram_bw_write_total,dram_bw_total,dram_peak_bw,dram_avg_rd_bw,dram_avg_wr_bw,dram_avg_bus_lat,load_to_use_samples,load_to_use_stdev,load_to_use_overflows,load_to_use_min,load_to_use_max,added_loads_and_stores,l1d_pf_issued,l1d_pf_useful,l1d_pf_unused,l1d_prefetcher_accuracy,l1d_prefetcher_coverage,l1d_pf_late,l1d_pf_hit_in_cache,l1d_pf_hit_in_mshr,l1d_pf_hit_in_wb,l1d_pf_identified,l1d_pf_buffer_hit,l1d_pf_in_cache,l1d_pf_removed_demand,l1d_pf_removed_full,l1d_pf_span_page,l1d_pf_useful_span_page,l2_pf_issued,l2_pf_useful,l2_pf_unused,l2_prefetcher_accuracy,l2_prefetcher_coverage,l2_pf_late,l2_pf_hit_in_cache,l2_pf_hit_in_mshr,l2_pf_hit_in_wb,l2_pf_identified,l2_pf_buffer_hit,l2_pf_in_cache,l2_pf_removed_demand,l2_pf_removed_full,l2_pf_span_page,l2_pf_useful_span_page,l1d_prefetcher_read_bytes,l1d_prefetcher_read_rate,l1d_prefetcher_read_accesses,l1d_prefetcher_read_avg_lat,l2_prefetcher_read_bytes,l2_prefetcher_read_rate,l2_prefetcher_read_accesses,l2_prefetcher_read_avg_lat,pf_removed_full,pf_removed_demand,pf_buffer_hit,pf_identified,pf_removed_full_ratio,pf_removed_demand_ratio,pf_buffer_hit_ratio,label
1,quick,l1d,ddr4_1x,Next-line,nextline,,deg32,quick_nextline_deg32_l1d_ddr4_1x,top_speedup,pf_coverage,Prefetch coverage,high_is_good,1.1828126899234228,0.911203301429676,0.0424751990295327,0.911203301429676,0.0034078018054142,0.954008887490261,219337287.8024996,0.020079008312844,0.0008931461030409,0.3118050168088958,4.29,55542.05,73034.05,2.236844,1970185.0,83684.0,6714.0,1879574.0,1804480.0,0.008227,0.009731,0.989067,8226964134.0,24424730.0,24707910.0,24705598.0,8155.0,9130645.0,28938.0,92808.0,302304723.0,37069.861803,2922172278.0,100980.450549,393.0,12.0,32.75,0.0,0.0,,6191.0,1964.0,0.000215,22724.537169,,28938.0,0.311805,100647.462057,57.13,0.0,0.0,225117305.7077047,179281685.92645526,225109526.0,179281686.0,404391212.0,19207.0,225.07063,178.783811,3332.0,4368784.0,5.321246,138.0,2.0,1272.0,14125886.0,1970185.0,83684.0,6714.0,0.042475,0.977069,1879574.0,1842251.0,37315.0,8.0,2213896.0,208124.0,0.0,1597.0,28084.0,725016.0,707908.0,,,,,,,,,,,,,,,,,1804480.0,219337287.8024996,28201.0,73727.49,,,,,28084.0,1597.0,208124.0,2213896.0,0.0126853293921665,0.0007213527645381,0.0940080292841217,
2,quick,l1d,ddr4_1x,Next-line,nextline,,deg32,quick_nextline_deg32_l1d_ddr4_1x,top_coverage,pf_coverage,Prefetch coverage,high_is_good,1.1828126899234228,0.911203301429676,0.0424751990295327,0.911203301429676,0.0034078018054142,0.954008887490261,219337287.8024996,0.020079008312844,0.0008931461030409,0.3118050168088958,4.29,55542.05,73034.05,2.236844,1970185.0,83684.0,6714.0,1879574.0,1804480.0,0.008227,0.009731,0.989067,8226964134.0,24424730.0,24707910.0,24705598.0,8155.0,9130645.0,28938.0,92808.0,302304723.0,37069.861803,2922172278.0,100980.450549,393.0,12.0,32.75,0.0,0.0,,6191.0,1964.0,0.000215,22724.537169,,28938.0,0.311805,100647.462057,57.13,0.0,0.0,225117305.7077047,179281685.92645526,225109526.0,179281686.0,404391212.0,19207.0,225.07063,178.783811,3332.0,4368784.0,5.321246,138.0,2.0,1272.0,14125886.0,1970185.0,83684.0,6714.0,0.042475,0.977069,1879574.0,1842251.0,37315.0,8.0,2213896.0,208124.0,0.0,1597.0,28084.0,725016.0,707908.0,,,,,,,,,,,,,,,,,1804480.0,219337287.8024996,28201.0,73727.49,,,,,28084.0,1597.0,208124.0,2213896.0,0.0126853293921665,0.0007213527645381,0.0940080292841217,
3,quick,l1d,ddr4_1x,Next-line,nextline,,deg16,quick_nextline_deg16_l1d_ddr4_1x,top_speedup,pf_coverage,Prefetch coverage,high_is_good,1.1826689353427322,0.9079984607773076,0.0701985674178075,0.9079984607773076,0.0031959825818949,0.9263921011630488,218587121.9045269,0.0199970576145849,0.0009164599849344,0.3251228750507282,1.56,32365.94,49857.94,2.250612,1176477.0,82587.0,3760.0,1089879.0,1798592.0,0.008228,0.009731,0.988911,8228261502.0,24424730.0,24707910.0,24709494.0,8368.0,9130786.0,28841.0,88708.0,359876093.0,43006.225263,2244604836.0,77826.872716,96.0,12.0,8.0,0.0,0.0,,6492.0,1876.0,0.000205,23404.254797,,28841.0,0.325123,77493.872716,57.78,0.0,0.0,224335116.1787128,178413386.55111694,224327338.0,178413387.0,402740725.0,19207.0,224.31956,177.95448,3332.0,4368784.0,5.97975,197.0,2.0,1201.0,14125552.0,1176477.0,82587.0,3760.0,0.070199,0.977789,1089879.0,1056355.0,33520.0,4.0,1272131.0,89417.0,0.0,425.0,267.0,183197.0,179948.0,,,,,,,,,,,,,,,,,1798592.0,218587121.9045269,28105.0,49990.18,,,,,267.0,425.0,89417.0,1272131.0,0.0002098840449607,0.0003340850902933,0.0702891447500296,
4,quick,l1d,ddr4_1x,Next-line,nextline,,deg16,quick_nextline_deg16_l1d_ddr4_1x,top_coverage,pf_coverage,Prefetch coverage,high_is_good,1.1826689353427322,0.9079984607773076,0.0701985674178075,0.9079984607773076,0.0031959825818949,0.9263921011630488,218587121.9045269,0.0199970576145849,0.0009164599849344,0.3251228750507282,1.56,32365.94,49857.94,2.250612,1176477.0,82587.0,3760.0,1089879.0,1798592.0,0.008228,0.009731,0.988911,8228261502.0,24424730.0,24707910.0,24709494.0,8368.0,9130786.0,28841.0,88708.0,359876093.0,43006.225263,2244604836.0,77826.872716,96.0,12.0,8.0,0.0,0.0,,6492.0,1876.0,0.000205,23404.254797,,28841.0,0.325123,77493.872716,57.78,0.0,0.0,224335116.1787128,178413386.55111694,224327338.0,178413387.0,402740725.0,19207.0,224.31956,177.95448,3332.0,4368784.0,5.97975,197.0,2.0,1201.0,14125552.0,1176477.0,82587.0,3760.0,0.070199,0.977789,1089879.0,1056355.0,33520.0,4.0,1272131.0,89417.0,0.0,425.0,267.0,183197.0,179948.0,,,,,,,,,,,,,,,,,1798592.0,218587121.9045269,28105.0,49990.18,,,,,267.0,425.0,89417.0,1272131.0,0.0002098840449607,0.0003340850902933,0.0702891447500296,
5,quick,l1d,ddr4_1x,Next-line,nextline,,deg8,quick_nextline_deg8_l1d_ddr4_1x,top_speedup,pf_coverage,Prefetch coverage,high_is_good,1.1822378811809011,0.9043497583467583,0.1244469178762869,0.9043497583467583,0.00276120612419,0.8722903944885959,217524465.50295103,0.0198974627249876,0.0009428467729976,0.3354085875811802,1.75,22618.71,40110.71,2.281948,654062.0,81396.0,1806.0,570532.0,1790400.0,0.008231,0.009731,0.988606,8230798296.0,24424725.0,24707905.0,24717112.0,8609.0,9130858.0,28715.0,85612.0,424064507.0,49258.277036,1956268836.0,68127.07073,415.0,13.0,31.923077,0.0,0.0,,6758.0,1851.0,0.000203,21991.672609,,28715.0,0.335409,67794.07073,53.98,0.0,0.0,223286239.5489809,177456420.07894006,223278464.0,177456420.0,400734884.0,19207.0,223.278464,176.958777,3332.0,4368784.0,7.912011,368.0,2.0,1176.0,14126359.0,654062.0,81396.0,1806.0,0.124447,0.977765,570532.0,511038.0,59494.0,0.0,672822.0,16727.0,0.0,95.0,31.0,47242.0,46311.0,,,,,,,,,,,,,,,,,1790400.0,217524465.50295103,27976.0,40126.53,,,,,31.0,95.0,16727.0,672822.0,4.607459328024351e-05,0.0001411963342459,0.0248609587676978,
6,quick,l1d,ddr4_1x,Next-line,nextline,,deg8,quick_nextline_deg8_l1d_ddr4_1x,top_coverage,pf_coverage,Prefetch coverage,high_is_good,1.1822378811809011,0.9043497583467583,0.1244469178762869,0.9043497583467583,0.00276120612419,0.8722903944885959,217524465.50295103,0.0198974627249876,0.0009428467729976,0.3354085875811802,1.75,22618.71,40110.71,2.281948,654062.0,81396.0,1806.0,570532.0,1790400.0,0.008231,0.009731,0.988606,8230798296.0,24424725.0,24707905.0,24717112.0,8609.0,9130858.0,28715.0,85612.0,424064507.0,49258.277036,1956268836.0,68127.07073,415.0,13.0,31.923077,0.0,0.0,,6758.0,1851.0,0.000203,21991.672609,,28715.0,0.335409,67794.07073,53.98,0.0,0.0,223286239.5489809,177456420.07894006,223278464.0,177456420.0,400734884.0,19207.0,223.278464,176.958777,3332.0,4368784.0,7.912011,368.0,2.0,1176.0,14126359.0,654062.0,81396.0,1806.0,0.124447,0.977765,570532.0,511038.0,59494.0,0.0,672822.0,16727.0,0.0,95.0,31.0,47242.0,46311.0,,,,,,,,,,,,,,,,,1790400.0,217524465.50295103,27976.0,40126.53,,,,,31.0,95.0,16727.0,672822.0,4.607459328024351e-05,0.0001411963342459,0.0248609587676978,
7,quick,l1d,ddr4_1x,AMPM,ampm,stage2,cfg08,quick_ampm_cfg08_l1d_ddr4_1x,top_speedup,pf_coverage,Prefetch coverage,high_is_good,1.1828126899234228,0.8997724863050008,0.0917688617344944,0.8997724863050008,0.001240195863085,0.9067791741714848,216081014.86662245,0.0197711910717117,0.0009938755363368,0.3353575455741402,2.04,27167.03,44659.03,2.251531,887763.0,81469.0,1101.0,805005.0,1777792.0,0.008227,0.009731,0.989011,8227432665.0,24424739.0,24707920.0,24707005.0,9075.0,9130922.0,28551.0,85136.0,365026608.0,40223.317686,2072423109.0,72586.708311,311.0,1.0,311.0,0.0,0.0,,6936.0,2139.0,0.000234,21007.800842,,28551.0,0.335358,72253.708311,56.2,0.0,0.0,222101848.09820017,176097703.7421916,222094069.0,176097704.0,398191773.0,19207.0,222.08629,175.685424,3332.0,4368785.0,5.830708,268.0,2.0,1231.0,14126848.0,887763.0,81469.0,1101.0,0.091769,0.974416,805005.0,748991.0,56014.0,0.0,903632.0,13914.0,0.0,66.0,0.0,114509.0,113911.0,,,,,,,,,,,,,,,,,1777792.0,216081014.86662245,27780.0,44796.64,,,,,0.0,66.0,13914.0,903632.0,0.0,7.303858207765993e-05,0.0153978610761903,
8,quick,l1d,ddr4_1x,AMPM,ampm,stage2,cfg08,quick_ampm_cfg08_l1d_ddr4_1x,top_coverage,pf_coverage,Prefetch coverage,high_is_good,1.1828126899234228,0.8997724863050008,0.0917688617344944,0.8997724863050008,0.001240195863085,0.9067791741714848,216081014.86662245,0.0197711910717117,0.0009938755363368,0.3353575455741402,2.04,27167.03,44659.03,2.251531,887763.0,81469.0,1101.0,805005.0,1777792.0,0.008227,0.009731,0.989011,8227432665.0,24424739.0,24707920.0,24707005.0,9075.0,9130922.0,28551.0,85136.0,365026608.0,40223.317686,2072423109.0,72586.708311,311.0,1.0,311.0,0.0,0.0,,6936.0,2139.0,0.000234,21007.800842,,28551.0,0.335358,72253.708311,56.2,0.0,0.0,222101848.09820017,176097703.7421916,222094069.0,176097704.0,398191773.0,19207.0,222.08629,175.685424,3332.0,4368785.0,5.830708,268.0,2.0,1231.0,14126848.0,887763.0,81469.0,1101.0,0.091769,0.974416,805005.0,748991.0,56014.0,0.0,903632.0,13914.0,0.0,66.0,0.0,114509.0,113911.0,,,,,,,,,,,,,,,,,1777792.0,216081014.86662245,27780.0,44796.64,,,,,0.0,66.0,13914.0,903632.0,0.0,7.303858207765993e-05,0.0153978610761903,
9,quick,l1d,ddr4_1x,AMPM,ampm,stage2,cfg06,quick_ampm_cfg06_l1d_ddr4_1x,top_speedup,pf_coverage,Prefetch coverage,high_is_good,1.1823815309842045,0.8976553121661656,0.0924582985939777,0.8976553121661656,0.0013362599467991,0.9059638256963468,216086163.27869284,0.0197684688769704,0.0010177456599603,0.3348615247520108,1.5,26975.95,44467.95,2.277097,881565.0,81508.0,1178.0,798666.0,1778496.0,0.00823,0.009731,0.988643,8230494600.0,24424730.0,24707910.0,24716200.0,9293.0,9130965.0,28559.0,85286.0,416332917.0,44800.701281,2068305774.0,72422.20575,185.0,1.0,185.0,0.0,0.0,,7143.0,2150.0,0.000235,20418.785581,,28559.0,0.334862,72089.20575,52.92,0.0,0.0,222081428.73941013,176063295.1511808,222073653.0,176063295.0,398136948.0,19207.0,222.073653,175.620065,3332.0,4368784.0,7.754067,322.0,2.0,1260.0,14126933.0,881565.0,81508.0,1178.0,0.092458,0.9743,798666.0,742306.0,56360.0,0.0,897211.0,13777.0,0.0,42.0,0.0,111153.0,110348.0,,,,,,,,,,,,,,,,,1778496.0,216086163.27869284,27790.0,44642.29,,,,,0.0,42.0,13777.0,897211.0,0.0,4.681173101979356e-05,0.0153553623395165,
10,quick,l1d,ddr4_1x,AMPM,ampm,stage2,cfg06,quick_ampm_cfg06_l1d_ddr4_1x,top_coverage,pf_coverage,Prefetch coverage,high_is_good,1.1823815309842045,0.8976553121661656,0.0924582985939777,0.8976553121661656,0.0013362599467991,0.9059638256963468,216086163.27869284,0.0197684688769704,0.0010177456599603,0.3348615247520108,1.5,26975.95,44467.95,2.277097,881565.0,81508.0,1178.0,798666.0,1778496.0,0.00823,0.009731,0.988643,8230494600.0,24424730.0,24707910.0,24716200.0,9293.0,9130965.0,28559.0,85286.0,416332917.0,44800.701281,2068305774.0,72422.20575,185.0,1.0,185.0,0.0,0.0,,7143.0,2150.0,0.000235,20418.785581,,28559.0,0.334862,72089.20575,52.92,0.0,0.0,222081428.73941013,176063295.1511808,222073653.0,176063295.0,398136948.0,19207.0,222.073653,175.620065,3332.0,4368784.0,7.754067,322.0,2.0,1260.0,14126933.0,881565.0,81508.0,1178.0,0.092458,0.9743,798666.0,742306.0,56360.0,0.0,897211.0,13777.0,0.0,42.0,0.0,111153.0,110348.0,,,,,,,,,,,,,,,,,1778496.0,216086163.27869284,27790.0,44642.29,,,,,0.0,42.0,13777.0,897211.0,0.0,4.681173101979356e-05,0.0153553623395165,
11,quick,l1d,ddr4_1x,AMPM,ampm,stage2,cfg02,quick_ampm_cfg02_l1d_ddr4_1x,top_speedup,pf_coverage,Prefetch coverage,high_is_good,1.1818071411221764,0.8966958179540895,0.1266086461158522,0.8966958179540895,0.0011064699539414,0.8719061488116012,215772751.67604363,0.0197429903258498,0.0010206948062295,0.338997350190715,1.3,22782.84,40274.84,2.282662,638969.0,80899.0,707.0,557121.0,1776576.0,0.008234,0.009731,0.988275,8233551207.0,24424725.0,24707905.0,24725379.0,9320.0,9131035.0,28529.0,84157.0,442210680.0,47447.497854,1948286866.0,68291.453118,0.0,0.0,,0.0,0.0,,7245.0,2075.0,0.000227,21756.53494,,28529.0,0.338997,67958.453118,61.66,0.0,0.0,221765791.4664622,175865791.5152018,221758018.0,175865792.0,397623810.0,19207.0,221.758018,175.383861,3332.0,4368784.0,8.082025,356.0,2.0,1260.0,14127076.0,638969.0,80899.0,707.0,0.126609,0.974992,557121.0,498042.0,59079.0,0.0,652462.0,11749.0,0.0,41.0,0.0,45872.0,45168.0,,,,,,,,,,,,,,,,,1776576.0,215772751.67604363,27760.0,40287.16,,,,,0.0,41.0,11749.0,652462.0,0.0,6.283890862609624e-05,0.0180071789621464,
12,quick,l1d,ddr4_1x,AMPM,ampm,stage2,cfg02,quick_ampm_cfg02_l1d_ddr4_1x,top_coverage,pf_coverage,Prefetch coverage,high_is_good,1.1818071411221764,0.8966958179540895,0.1266086461158522,0.8966958179540895,0.0011064699539414,0.8719061488116012,215772751.67604363,0.0197429903258498,0.0010206948062295,0.338997350190715,1.3,22782.84,40274.84,2.282662,638969.0,80899.0,707.0,557121.0,1776576.0,0.008234,0.009731,0.988275,8233551207.0,24424725.0,24707905.0,24725379.0,9320.0,9131035.0,28529.0,84157.0,442210680.0,47447.497854,1948286866.0,68291.453118,0.0,0.0,,0.0,0.0,,7245.0,2075.0,0.000227,21756.53494,,28529.0,0.338997,67958.453118,61.66,0.0,0.0,221765791.4664622,175865791.5152018,221758018.0,175865792.0,397623810.0,19207.0,221.758018,175.383861,3332.0,4368784.0,8.082025,356.0,2.0,1260.0,14127076.0,638969.0,80899.0,707.0,0.126609,0.974992,557121.0,498042.0,59079.0,0.0,652462.0,11749.0,0.0,41.0,0.0,45872.0,45168.0,,,,,,,,,,,,,,,,,1776576.0,215772751.67604363,27760.0,40287.16,,,,,0.0,41.0,11749.0,652462.0,0.0,6.283890862609624e-05,0.0180071789621464,
13,quick,l1d,ddr4_1x,AMPM,ampm,stage2,cfg04,quick_ampm_cfg04_l1d_ddr4_1x,low_unused,pf_coverage,Prefetch coverage,high_is_good,1.1818071411221764,0.8966958179540895,0.1266058721437033,0.8966958179540895,0.0011064457113882,0.87190895532432,215772751.67604363,0.0197429903258498,0.0010206948062295,0.338997350190715,1.3,22782.84,40274.84,2.282662,638983.0,80899.0,707.0,557135.0,1776576.0,0.008234,0.009731,0.988275,8233551207.0,24424725.0,24707905.0,24725379.0,9320.0,9131035.0,28529.0,84157.0,442210680.0,47447.497854,1948286866.0,68291.453118,0.0,0.0,,0.0,0.0,,7245.0,2075.0,0.000227,21756.53494,,28529.0,0.338997,67958.453118,61.66,0.0,0.0,221765791.4664622,175865791.5152018,221758018.0,175865792.0,397623810.0,19207.0,221.758018,175.383861,3332.0,4368784.0,8.082025,356.0,2.0,1260.0,14127076.0,638983.0,80899.0,707.0,0.126606,0.974992,557135.0,498056.0,59079.0,0.0,652476.0,11749.0,0.0,41.0,0.0,45872.0,45168.0,,,,,,,,,,,,,,,,,1776576.0,215772751.67604363,27760.0,40287.16,,,,,0.0,41.0,11749.0,652476.0,0.0,6.283756030873166e-05,0.018006792587007,
14,quick,l1d,ddr4_1x,AMPM,ampm,stage2,cfg02,quick_ampm_cfg02_l1d_ddr4_1x,low_unused,pf_coverage,Prefetch coverage,high_is_good,1.1818071411221764,0.8966958179540895,0.1266086461158522,0.8966958179540895,0.0011064699539414,0.8719061488116012,215772751.67604363,0.0197429903258498,0.0010206948062295,0.338997350190715,1.3,22782.84,40274.84,2.282662,638969.0,80899.0,707.0,557121.0,1776576.0,0.008234,0.009731,0.988275,8233551207.0,24424725.0,24707905.0,24725379.0,9320.0,9131035.0,28529.0,84157.0,442210680.0,47447.497854,1948286866.0,68291.453118,0.0,0.0,,0.0,0.0,,7245.0,2075.0,0.000227,21756.53494,,28529.0,0.338997,67958.453118,61.66,0.0,0.0,221765791.4664622,175865791.5152018,221758018.0,175865792.0,397623810.0,19207.0,221.758018,175.383861,3332.0,4368784.0,8.082025,356.0,2.0,1260.0,14127076.0,638969.0,80899.0,707.0,0.126609,0.974992,557121.0,498042.0,59079.0,0.0,652462.0,11749.0,0.0,41.0,0.0,45872.0,45168.0,,,,,,,,,,,,,,,,,1776576.0,215772751.67604363,27760.0,40287.16,,,,,0.0,41.0,11749.0,652462.0,0.0,6.283890862609624e-05,0.0180071789621464,
15,quick,l1d,ddr4_1x,Next-line,nextline,,deg4,quick_nextline_deg4_l1d_ddr4_1x,top_accuracy,pf_coverage,Prefetch coverage,high_is_good,1.178087167070218,0.8593811746360636,0.2275807646835879,0.8593811746360636,0.0025031253712262,0.7675374337449584,215996078.8824316,0.0197586957882164,0.0014415060683726,0.3397348399425526,1.35,18310.15,35802.15,2.349383,353558.0,80463.0,885.0,271369.0,1784192.0,0.00826,0.009731,0.985075,8260298100.0,24424725.0,24707905.0,24805700.0,13166.0,9133503.0,28623.0,84251.0,698393241.0,53045.210466,1827805379.0,63857.924711,214.0,2.0,107.0,0.0,0.0,,11337.0,1829.0,0.0002,21399.209951,,28623.0,0.339735,63524.924711,56.49,0.0,0.0,221776015.56534624,176171850.26288578,221768268.0,176171850.0,397940118.0,19207.0,221.768268,175.761211,3332.0,4368784.0,9.854149,503.0,2.0,1460.0,14131981.0,353558.0,80463.0,885.0,0.227581,0.977774,271369.0,213837.0,57530.0,2.0,361011.0,6103.0,0.0,82.0,0.0,13517.0,12770.0,,,,,,,,,,,,,,,,,1784192.0,215996078.8824316,27879.0,35801.45,,,,,0.0,82.0,6103.0,361011.0,0.0,0.0002271398932442,0.016905302054508,
16,quick,l1d,ddr4_1x,Next-line,nextline,,deg4,quick_nextline_deg4_l1d_ddr4_1x,low_unused,pf_coverage,Prefetch coverage,high_is_good,1.178087167070218,0.8593811746360636,0.2275807646835879,0.8593811746360636,0.0025031253712262,0.7675374337449584,215996078.8824316,0.0197586957882164,0.0014415060683726,0.3397348399425526,1.35,18310.15,35802.15,2.349383,353558.0,80463.0,885.0,271369.0,1784192.0,0.00826,0.009731,0.985075,8260298100.0,24424725.0,24707905.0,24805700.0,13166.0,9133503.0,28623.0,84251.0,698393241.0,53045.210466,1827805379.0,63857.924711,214.0,2.0,107.0,0.0,0.0,,11337.0,1829.0,0.0002,21399.209951,,28623.0,0.339735,63524.924711,56.49,0.0,0.0,221776015.56534624,176171850.26288578,221768268.0,176171850.0,397940118.0,19207.0,221.768268,175.761211,3332.0,4368784.0,9.854149,503.0,2.0,1460.0,14131981.0,353558.0,80463.0,885.0,0.227581,0.977774,271369.0,213837.0,57530.0,2.0,361011.0,6103.0,0.0,82.0,0.0,13517.0,12770.0,,,,,,,,,,,,,,,,,1784192.0,215996078.8824316,27879.0,35801.45,,,,,0.0,82.0,6103.0,361011.0,0.0,0.0002271398932442,0.016905302054508,
17,quick,l1d,ddr4_1x,Next-line,nextline,,deg4,quick_nextline_deg4_l1d_ddr4_1x,low_late,pf_coverage,Prefetch coverage,high_is_good,1.178087167070218,0.8593811746360636,0.2275807646835879,0.8593811746360636,0.0025031253712262,0.7675374337449584,215996078.8824316,0.0197586957882164,0.0014415060683726,0.3397348399425526,1.35,18310.15,35802.15,2.349383,353558.0,80463.0,885.0,271369.0,1784192.0,0.00826,0.009731,0.985075,8260298100.0,24424725.0,24707905.0,24805700.0,13166.0,9133503.0,28623.0,84251.0,698393241.0,53045.210466,1827805379.0,63857.924711,214.0,2.0,107.0,0.0,0.0,,11337.0,1829.0,0.0002,21399.209951,,28623.0,0.339735,63524.924711,56.49,0.0,0.0,221776015.56534624,176171850.26288578,221768268.0,176171850.0,397940118.0,19207.0,221.768268,175.761211,3332.0,4368784.0,9.854149,503.0,2.0,1460.0,14131981.0,353558.0,80463.0,885.0,0.227581,0.977774,271369.0,213837.0,57530.0,2.0,361011.0,6103.0,0.0,82.0,0.0,13517.0,12770.0,,,,,,,,,,,,,,,,,1784192.0,215996078.8824316,27879.0,35801.45,,,,,0.0,82.0,6103.0,361011.0,0.0,0.0002271398932442,0.016905302054508,
18,quick,l1d,ddr4_1x,Stride,stride,,default,quick_stride_default_l1d_ddr4_1x,default,pf_coverage,Prefetch coverage,high_is_good,1.1772320348415193,0.8564034562409103,0.2532492584417473,0.8564034562409103,0.0008095476020314,0.7436928019833916,214559611.6972336,0.0196457392794403,0.0014687717019277,0.3419530575021599,1.3,17751.02,35243.02,2.341676,316226.0,80084.0,256.0,235175.0,1773632.0,0.008266,0.009731,0.98435,8266383342.0,24424718.0,24707897.0,24823974.0,13428.0,9142333.0,28497.0,83336.0,667215117.0,49688.346515,1803813394.0,63298.36102,0.0,0.0,,0.0,0.0,,11377.0,2051.0,0.000224,24155.407606,,28497.0,0.341953,62965.36102,55.64,0.0,0.0,220637239.3514872,175035676.44250196,220629497.0,175035676.0,395665174.0,19207.0,220.629497,174.609855,3332.0,4368783.0,9.580337,481.0,2.0,1260.0,14138781.0,316226.0,80084.0,256.0,0.253249,0.975029,235175.0,212158.0,23016.0,1.0,316279.0,47.0,0.0,0.0,0.0,12929.0,12752.0,,,,,,,,,,,,,,,,,1773632.0,214559611.6972336,27714.0,34997.57,,,,,0.0,0.0,47.0,316279.0,0.0,0.0,0.0001486029739565,
19,quick,l1d,ddr4_1x,Stride,stride,,default,quick_stride_default_l1d_ddr4_1x,top_speedup,pf_coverage,Prefetch coverage,high_is_good,1.1772320348415193,0.8564034562409103,0.2532492584417473,0.8564034562409103,0.0008095476020314,0.7436928019833916,214559611.6972336,0.0196457392794403,0.0014687717019277,0.3419530575021599,1.3,17751.02,35243.02,2.341676,316226.0,80084.0,256.0,235175.0,1773632.0,0.008266,0.009731,0.98435,8266383342.0,24424718.0,24707897.0,24823974.0,13428.0,9142333.0,28497.0,83336.0,667215117.0,49688.346515,1803813394.0,63298.36102,0.0,0.0,,0.0,0.0,,11377.0,2051.0,0.000224,24155.407606,,28497.0,0.341953,62965.36102,55.64,0.0,0.0,220637239.3514872,175035676.44250196,220629497.0,175035676.0,395665174.0,19207.0,220.629497,174.609855,3332.0,4368783.0,9.580337,481.0,2.0,1260.0,14138781.0,316226.0,80084.0,256.0,0.253249,0.975029,235175.0,212158.0,23016.0,1.0,316279.0,47.0,0.0,0.0,0.0,12929.0,12752.0,,,,,,,,,,,,,,,,,1773632.0,214559611.6972336,27714.0,34997.57,,,,,0.0,0.0,47.0,316279.0,0.0,0.0,0.0001486029739565,
20,quick,l1d,ddr4_1x,Stride,stride,,default,quick_stride_default_l1d_ddr4_1x,top_coverage,pf_coverage,Prefetch coverage,high_is_good,1.1772320348415193,0.8564034562409103,0.2532492584417473,0.8564034562409103,0.0008095476020314,0.7436928019833916,214559611.6972336,0.0196457392794403,0.0014687717019277,0.3419530575021599,1.3,17751.02,35243.02,2.341676,316226.0,80084.0,256.0,235175.0,1773632.0,0.008266,0.009731,0.98435,8266383342.0,24424718.0,24707897.0,24823974.0,13428.0,9142333.0,28497.0,83336.0,667215117.0,49688.346515,1803813394.0,63298.36102,0.0,0.0,,0.0,0.0,,11377.0,2051.0,0.000224,24155.407606,,28497.0,0.341953,62965.36102,55.64,0.0,0.0,220637239.3514872,175035676.44250196,220629497.0,175035676.0,395665174.0,19207.0,220.629497,174.609855,3332.0,4368783.0,9.580337,481.0,2.0,1260.0,14138781.0,316226.0,80084.0,256.0,0.253249,0.975029,235175.0,212158.0,23016.0,1.0,316279.0,47.0,0.0,0.0,0.0,12929.0,12752.0,,,,,,,,,,,,,,,,,1773632.0,214559611.6972336,27714.0,34997.57,,,,,0.0,0.0,47.0,316279.0,0.0,0.0,0.0001486029739565,
21,quick,l1d,ddr4_1x,Stride,stride,,default,quick_stride_default_l1d_ddr4_1x,low_unused,pf_coverage,Prefetch coverage,high_is_good,1.1772320348415193,0.8564034562409103,0.2532492584417473,0.8564034562409103,0.0008095476020314,0.7436928019833916,214559611.6972336,0.0196457392794403,0.0014687717019277,0.3419530575021599,1.3,17751.02,35243.02,2.341676,316226.0,80084.0,256.0,235175.0,1773632.0,0.008266,0.009731,0.98435,8266383342.0,24424718.0,24707897.0,24823974.0,13428.0,9142333.0,28497.0,83336.0,667215117.0,49688.346515,1803813394.0,63298.36102,0.0,0.0,,0.0,0.0,,11377.0,2051.0,0.000224,24155.407606,,28497.0,0.341953,62965.36102,55.64,0.0,0.0,220637239.3514872,175035676.44250196,220629497.0,175035676.0,395665174.0,19207.0,220.629497,174.609855,3332.0,4368783.0,9.580337,481.0,2.0,1260.0,14138781.0,316226.0,80084.0,256.0,0.253249,0.975029,235175.0,212158.0,23016.0,1.0,316279.0,47.0,0.0,0.0,0.0,12929.0,12752.0,,,,,,,,,,,,,,,,,1773632.0,214559611.6972336,27714.0,34997.57,,,,,0.0,0.0,47.0,316279.0,0.0,0.0,0.0001486029739565,
22,quick,l1d,ddr4_1x,Stride,stride,,deg8_dist1,quick_stride_deg8_dist1_l1d_ddr4_1x,top_speedup,pf_coverage,Prefetch coverage,high_is_good,1.1779445587701247,0.8477181694221919,0.131786874141937,0.8477181694221919,0.0009754384918959,0.8671316974451461,211404523.4107604,0.0196671723487779,0.0015631702864893,0.3394723683897235,1.34,22601.85,40093.85,2.324714,603831.0,79577.0,589.0,523601.0,1746432.0,0.008261,0.009731,0.98498,8261090973.0,24424709.0,24707880.0,24808081.0,14295.0,9144877.0,28515.0,83998.0,576426996.0,40323.679328,1941637208.0,68091.783553,0.0,0.0,,0.0,0.0,,10761.0,3534.0,0.000386,24934.387946,,28515.0,0.339472,67758.783553,57.69,0.0,0.0,220918036.85067588,175186546.756359,220910290.0,175186547.0,396096836.0,19207.0,220.91029,174.775947,3332.0,4368780.0,8.211548,525.0,2.0,1233.0,14142579.0,603831.0,79577.0,589.0,0.131787,0.957479,523601.0,497514.0,26086.0,1.0,603937.0,100.0,0.0,0.0,0.0,56799.0,56403.0,,,,,,,,,,,,,,,,,1746432.0,211404523.4107604,27288.0,39825.7,,,,,0.0,0.0,100.0,603937.0,0.0,0.0,0.0001655801846881,
23,quick,l1d,ddr4_1x,Stride,stride,,deg8_dist1,quick_stride_deg8_dist1_l1d_ddr4_1x,top_coverage,pf_coverage,Prefetch coverage,high_is_good,1.1779445587701247,0.8477181694221919,0.131786874141937,0.8477181694221919,0.0009754384918959,0.8671316974451461,211404523.4107604,0.0196671723487779,0.0015631702864893,0.3394723683897235,1.34,22601.85,40093.85,2.324714,603831.0,79577.0,589.0,523601.0,1746432.0,0.008261,0.009731,0.98498,8261090973.0,24424709.0,24707880.0,24808081.0,14295.0,9144877.0,28515.0,83998.0,576426996.0,40323.679328,1941637208.0,68091.783553,0.0,0.0,,0.0,0.0,,10761.0,3534.0,0.000386,24934.387946,,28515.0,0.339472,67758.783553,57.69,0.0,0.0,220918036.85067588,175186546.756359,220910290.0,175186547.0,396096836.0,19207.0,220.91029,174.775947,3332.0,4368780.0,8.211548,525.0,2.0,1233.0,14142579.0,603831.0,79577.0,589.0,0.131787,0.957479,523601.0,497514.0,26086.0,1.0,603937.0,100.0,0.0,0.0,0.0,56799.0,56403.0,,,,,,,,,,,,,,,,,1746432.0,211404523.4107604,27288.0,39825.7,,,,,0.0,0.0,100.0,603937.0,0.0,0.0,0.0001655801846881,
24,quick,l1d,ddr4_1x,Stride,stride,,deg8_dist1,quick_stride_deg8_dist1_l1d_ddr4_1x,low_unused,pf_coverage,Prefetch coverage,high_is_good,1.1779445587701247,0.8477181694221919,0.131786874141937,0.8477181694221919,0.0009754384918959,0.8671316974451461,211404523.4107604,0.0196671723487779,0.0015631702864893,0.3394723683897235,1.34,22601.85,40093.85,2.324714,603831.0,79577.0,589.0,523601.0,1746432.0,0.008261,0.009731,0.98498,8261090973.0,24424709.0,24707880.0,24808081.0,14295.0,9144877.0,28515.0,83998.0,576426996.0,40323.679328,1941637208.0,68091.783553,0.0,0.0,,0.0,0.0,,10761.0,3534.0,0.000386,24934.387946,,28515.0,0.339472,67758.783553,57.69,0.0,0.0,220918036.85067588,175186546.756359,220910290.0,175186547.0,396096836.0,19207.0,220.91029,174.775947,3332.0,4368780.0,8.211548,525.0,2.0,1233.0,14142579.0,603831.0,79577.0,589.0,0.131787,0.957479,523601.0,497514.0,26086.0,1.0,603937.0,100.0,0.0,0.0,0.0,56799.0,56403.0,,,,,,,,,,,,,,,,,1746432.0,211404523.4107604,27288.0,39825.7,,,,,0.0,0.0,100.0,603937.0,0.0,0.0,0.0001655801846881,
25,quick,l1d,ddr4_1x,Stride,stride,,deg16_dist1,quick_stride_deg16_dist1_l1d_ddr4_1x,top_coverage,pf_coverage,Prefetch coverage,high_is_good,1.1753835004227564,0.8465707403651116,0.0708730153114652,0.8465707403651116,0.0010542552288229,0.9280479650751422,211198223.275523,0.0196437258235541,0.0015884385560401,0.3352434857149567,1.51,30494.27,47986.27,2.323469,1130656.0,80133.0,1192.0,1049303.0,1748416.0,0.008279,0.009731,0.982903,8278554492.0,24424723.0,24707902.0,24860524.0,14523.0,9142941.0,28549.0,85159.0,594377693.0,40926.646905,2168009851.0,75939.957652,9.0,1.0,9.0,0.0,0.0,,10953.0,3570.0,0.00039,29515.179832,,28549.0,0.335243,75606.957652,59.76,0.0,0.0,220714860.5189129,174917493.31351745,220707130.0,174917493.0,395624623.0,19207.0,220.70713,174.422721,3332.0,4368783.0,7.601341,520.0,2.0,1734.0,14149594.0,1130656.0,80133.0,1192.0,0.070873,0.957349,1049303.0,1022776.0,26527.0,0.0,1133150.0,2365.0,0.0,30.0,8.0,197570.0,196366.0,,,,,,,,,,,,,,,,,1748416.0,211198223.275523,27320.0,47412.85,,,,,8.0,30.0,2365.0,1133150.0,7.059965582667785e-06,2.647487093500419e-05,0.0020871023253761,
26,quick,l1d,ddr4_1x,Stride,stride,,deg4_dist1,quick_stride_deg4_dist1_l1d_ddr4_1x,top_speedup,pf_coverage,Prefetch coverage,high_is_good,1.1755254892486109,0.8311391739016049,0.2536997002977749,0.8311391739016049,0.0010439788120484,0.7438975423132643,210861290.98009703,0.0196232011951647,0.0017549727326279,0.3414429630694409,1.64,18225.24,35717.24,2.347922,311309.0,78979.0,325.0,231582.0,1745472.0,0.008278,0.009731,0.98299,8277820893.0,24424732.0,24707912.0,24858321.0,16046.0,9143162.0,28504.0,83481.0,650198817.0,40520.928393,1817184942.0,63751.927519,0.0,0.0,,0.0,0.0,,12529.0,3517.0,0.000385,22117.468013,,28504.0,0.341443,63418.927519,54.46,0.0,0.0,220386503.11251667,174832485.34935412,220378772.0,174832485.0,395211257.0,19207.0,220.37104,174.360864,3332.0,4368784.0,9.452104,489.0,2.0,1353.0,14152777.0,311309.0,78979.0,325.0,0.2537,0.957368,231582.0,208304.0,23278.0,0.0,311362.0,46.0,0.0,0.0,0.0,18114.0,17786.0,,,,,,,,,,,,,,,,,1745472.0,210861290.98009703,27274.0,35643.96,,,,,0.0,0.0,46.0,311362.0,0.0,0.0,0.0001477380027106,
27,quick,l1d,ddr4_1x,Stride,stride,,deg4_dist1,quick_stride_deg4_dist1_l1d_ddr4_1x,low_unused,pf_coverage,Prefetch coverage,high_is_good,1.1755254892486109,0.8311391739016049,0.2536997002977749,0.8311391739016049,0.0010439788120484,0.7438975423132643,210861290.98009703,0.0196232011951647,0.0017549727326279,0.3414429630694409,1.64,18225.24,35717.24,2.347922,311309.0,78979.0,325.0,231582.0,1745472.0,0.008278,0.009731,0.98299,8277820893.0,24424732.0,24707912.0,24858321.0,16046.0,9143162.0,28504.0,83481.0,650198817.0,40520.928393,1817184942.0,63751.927519,0.0,0.0,,0.0,0.0,,12529.0,3517.0,0.000385,22117.468013,,28504.0,0.341443,63418.927519,54.46,0.0,0.0,220386503.11251667,174832485.34935412,220378772.0,174832485.0,395211257.0,19207.0,220.37104,174.360864,3332.0,4368784.0,9.452104,489.0,2.0,1353.0,14152777.0,311309.0,78979.0,325.0,0.2537,0.957368,231582.0,208304.0,23278.0,0.0,311362.0,46.0,0.0,0.0,0.0,18114.0,17786.0,,,,,,,,,,,,,,,,,1745472.0,210861290.98009703,27274.0,35643.96,,,,,0.0,0.0,46.0,311362.0,0.0,0.0,0.0001477380027106,
28,quick,l1d,ddr4_1x,Stride,stride,,deg1_dist4,quick_stride_deg1_dist4_l1d_ddr4_1x,top_accuracy,pf_coverage,Prefetch coverage,high_is_good,1.1649706692206394,0.7010981372060909,0.98422787814849,0.7010981372060909,0.0039166556771726,0.0066860081761835,198717656.80112785,0.0194437438397614,0.0034772416017932,0.3416286067057456,1.44,17662.52,35154.52,2.468227,75830.0,74634.0,297.0,507.0,1659904.0,0.008353,0.009731,0.974134,8353077561.0,24424723.0,24707902.0,25084317.0,31819.0,9150644.0,28499.0,83421.0,1045872414.0,32869.430655,1784800080.0,62626.761641,0.0,0.0,,0.0,0.0,,23957.0,7862.0,0.000859,20068.692699,,28499.0,0.341629,62293.761641,54.54,0.0,0.0,218362631.8180191,173242016.42235893,218354970.0,173242016.0,391596986.0,19207.0,218.347308,172.789967,3332.0,4368783.0,10.379532,673.0,2.0,1526.0,14198028.0,75830.0,74634.0,297.0,0.984228,0.904698,507.0,497.0,10.0,0.0,75854.0,0.0,0.0,0.0,0.0,6457.0,6306.0,,,,,,,,,,,,,,,,,1659904.0,198717656.80112785,25937.0,35701.04,,,,,0.0,0.0,0.0,75854.0,0.0,0.0,0.0,
29,quick,l1d,ddr4_1x,Stride,stride,,deg1_dist4,quick_stride_deg1_dist4_l1d_ddr4_1x,low_late,pf_coverage,Prefetch coverage,high_is_good,1.1649706692206394,0.7010981372060909,0.98422787814849,0.7010981372060909,0.0039166556771726,0.0066860081761835,198717656.80112785,0.0194437438397614,0.0034772416017932,0.3416286067057456,1.44,17662.52,35154.52,2.468227,75830.0,74634.0,297.0,507.0,1659904.0,0.008353,0.009731,0.974134,8353077561.0,24424723.0,24707902.0,25084317.0,31819.0,9150644.0,28499.0,83421.0,1045872414.0,32869.430655,1784800080.0,62626.761641,0.0,0.0,,0.0,0.0,,23957.0,7862.0,0.000859,20068.692699,,28499.0,0.341629,62293.761641,54.54,0.0,0.0,218362631.8180191,173242016.42235893,218354970.0,173242016.0,391596986.0,19207.0,218.347308,172.789967,3332.0,4368783.0,10.379532,673.0,2.0,1526.0,14198028.0,75830.0,74634.0,297.0,0.984228,0.904698,507.0,497.0,10.0,0.0,75854.0,0.0,0.0,0.0,0.0,6457.0,6306.0,,,,,,,,,,,,,,,,,1659904.0,198717656.80112785,25937.0,35701.04,,,,,0.0,0.0,0.0,75854.0,0.0,0.0,0.0,
30,quick,l1d,ddr4_1x,AMPM,ampm,stage1,hz512,quick_ampm_hz512_l1d_ddr4_1x,top_accuracy,pf_coverage,Prefetch coverage,high_is_good,1.1719860291460915,0.6820704020725026,0.2823520886924386,0.6820704020725026,0.0012427085975145,0.7060034056737075,213916254.20105463,0.0195795905678811,0.0039719273108654,0.341788988077407,1.2,16319.63,33811.63,2.528532,276010.0,77932.0,343.0,194864.0,1776128.0,0.008303,0.009731,0.98002,8302912776.0,24424739.0,24707920.0,24933672.0,36326.0,9145686.0,28524.0,83455.0,1281526191.0,35278.483483,1763426103.0,61822.53902,0.0,0.0,,0.0,0.0,,34256.0,2070.0,0.000226,19970.347826,,28524.0,0.341789,61489.53902,56.9,0.0,0.0,219874645.1097248,174466002.3633133,219866937.0,174466002.0,394332939.0,19207.0,219.866937,174.003514,3332.0,4368785.0,11.699603,738.0,2.0,1344.0,14150921.0,276010.0,77932.0,343.0,0.282352,0.974126,194864.0,133321.0,61543.0,0.0,280398.0,2994.0,0.0,41.0,0.0,8287.0,7188.0,,,,,,,,,,,,,,,,,1776128.0,213916254.20105463,27752.0,33772.39,,,,,0.0,41.0,2994.0,280398.0,0.0,0.0001462207291064,0.0106776795840198,
31,quick,l1d,ddr4_1x,AMPM,ampm,stage1,hz512,quick_ampm_hz512_l1d_ddr4_1x,low_late,pf_coverage,Prefetch coverage,high_is_good,1.1719860291460915,0.6820704020725026,0.2823520886924386,0.6820704020725026,0.0012427085975145,0.7060034056737075,213916254.20105463,0.0195795905678811,0.0039719273108654,0.341788988077407,1.2,16319.63,33811.63,2.528532,276010.0,77932.0,343.0,194864.0,1776128.0,0.008303,0.009731,0.98002,8302912776.0,24424739.0,24707920.0,24933672.0,36326.0,9145686.0,28524.0,83455.0,1281526191.0,35278.483483,1763426103.0,61822.53902,0.0,0.0,,0.0,0.0,,34256.0,2070.0,0.000226,19970.347826,,28524.0,0.341789,61489.53902,56.9,0.0,0.0,219874645.1097248,174466002.3633133,219866937.0,174466002.0,394332939.0,19207.0,219.866937,174.003514,3332.0,4368785.0,11.699603,738.0,2.0,1344.0,14150921.0,276010.0,77932.0,343.0,0.282352,0.974126,194864.0,133321.0,61543.0,0.0,280398.0,2994.0,0.0,41.0,0.0,8287.0,7188.0,,,,,,,,,,,,,,,,,1776128.0,213916254.20105463,27752.0,33772.39,,,,,0.0,41.0,2994.0,280398.0,0.0,0.0001462207291064,0.0106776795840198,
32,quick,l1d,ddr4_1x,AMPM,ampm,stage1,default,quick_ampm_default_l1d_ddr4_1x,default,pf_coverage,Prefetch coverage,high_is_good,1.164552417424605,0.6405378536404536,0.0721064202294036,0.6405378536404536,0.0016692179145018,0.9218151606717084,212690594.8399068,0.0195175360967958,0.0046629920986185,0.3343650719491683,3.04,20026.33,37518.33,2.502259,1054386.0,76028.0,1760.0,971949.0,1777280.0,0.008356,0.009731,0.973773,8356175793.0,24424730.0,24707910.0,25093621.0,42666.0,9149919.0,28627.0,85616.0,1280079306.0,30002.327521,1874861983.0,65492.785936,0.0,0.0,,0.0,0.0,,39726.0,2940.0,0.000321,16156.389796,,28627.0,0.334365,65159.785936,54.16,0.0,0.0,219262021.9329079,173828798.72115684,219254363.0,173828799.0,393083162.0,19207.0,219.246704,173.422871,3332.0,4368784.0,10.671132,731.0,2.0,1548.0,14186168.0,1054386.0,76028.0,1760.0,0.072106,0.96277,971949.0,928900.0,43049.0,0.0,1112050.0,53641.0,0.0,150.0,0.0,153841.0,117952.0,,,,,,,,,,,,,,,,,1777280.0,212690594.8399068,27770.0,37697.05,,,,,0.0,150.0,53641.0,1112050.0,0.0,0.0001348860213119,0.0482361404613101,
33,quick,l1d,ddr4_1x,Next-line,nextline,,default,quick_nextline_default_l1d_ddr4_1x,default,pf_coverage,Prefetch coverage,high_is_good,1.166926489986809,0.62584926790825,0.3267302720189863,0.62584926790825,0.0020398175857394,0.6470552569693767,213440573.5217285,0.0195238889272267,0.0049256833618449,0.3417991191114515,1.31,14861.08,32353.08,2.553888,230903.0,75443.0,471.0,149407.0,1779840.0,0.008339,0.009731,0.975801,8338808178.0,24424723.0,24707902.0,25041466.0,45102.0,9156496.0,28558.0,83552.0,1283215167.0,28451.402754,1725773624.0,60430.479165,185.0,1.0,185.0,0.0,0.0,,43281.0,1821.0,0.000199,21448.418451,,28558.0,0.341799,60097.479165,56.69,0.0,0.0,219189116.835924,174029665.75351292,219181442.0,174029666.0,393211108.0,19207.0,219.189117,173.645918,3332.0,4368783.0,12.31258,740.0,2.0,1429.0,14168684.0,230903.0,75443.0,471.0,0.32673,0.976431,149407.0,66114.0,83293.0,0.0,235704.0,3461.0,0.0,24.0,0.0,5394.0,3589.0,,,,,,,,,,,,,,,,,1779840.0,213440573.5217285,27810.0,32248.15,,,,,0.0,24.0,3461.0,235704.0,0.0,0.0001018226249872,0.0146836710450395,
34,quick,l1d,ddr4_1x,Next-line,nextline,,default,quick_nextline_default_l1d_ddr4_1x,top_accuracy,pf_coverage,Prefetch coverage,high_is_good,1.166926489986809,0.62584926790825,0.3267302720189863,0.62584926790825,0.0020398175857394,0.6470552569693767,213440573.5217285,0.0195238889272267,0.0049256833618449,0.3417991191114515,1.31,14861.08,32353.08,2.553888,230903.0,75443.0,471.0,149407.0,1779840.0,0.008339,0.009731,0.975801,8338808178.0,24424723.0,24707902.0,25041466.0,45102.0,9156496.0,28558.0,83552.0,1283215167.0,28451.402754,1725773624.0,60430.479165,185.0,1.0,185.0,0.0,0.0,,43281.0,1821.0,0.000199,21448.418451,,28558.0,0.341799,60097.479165,56.69,0.0,0.0,219189116.835924,174029665.75351292,219181442.0,174029666.0,393211108.0,19207.0,219.189117,173.645918,3332.0,4368783.0,12.31258,740.0,2.0,1429.0,14168684.0,230903.0,75443.0,471.0,0.32673,0.976431,149407.0,66114.0,83293.0,0.0,235704.0,3461.0,0.0,24.0,0.0,5394.0,3589.0,,,,,,,,,,,,,,,,,1779840.0,213440573.5217285,27810.0,32248.15,,,,,0.0,24.0,3461.0,235704.0,0.0,0.0001018226249872,0.0146836710450395,
35,quick,l1d,ddr4_1x,Next-line,nextline,,default,quick_nextline_default_l1d_ddr4_1x,low_unused,pf_coverage,Prefetch coverage,high_is_good,1.166926489986809,0.62584926790825,0.3267302720189863,0.62584926790825,0.0020398175857394,0.6470552569693767,213440573.5217285,0.0195238889272267,0.0049256833618449,0.3417991191114515,1.31,14861.08,32353.08,2.553888,230903.0,75443.0,471.0,149407.0,1779840.0,0.008339,0.009731,0.975801,8338808178.0,24424723.0,24707902.0,25041466.0,45102.0,9156496.0,28558.0,83552.0,1283215167.0,28451.402754,1725773624.0,60430.479165,185.0,1.0,185.0,0.0,0.0,,43281.0,1821.0,0.000199,21448.418451,,28558.0,0.341799,60097.479165,56.69,0.0,0.0,219189116.835924,174029665.75351292,219181442.0,174029666.0,393211108.0,19207.0,219.189117,173.645918,3332.0,4368783.0,12.31258,740.0,2.0,1429.0,14168684.0,230903.0,75443.0,471.0,0.32673,0.976431,149407.0,66114.0,83293.0,0.0,235704.0,3461.0,0.0,24.0,0.0,5394.0,3589.0,,,,,,,,,,,,,,,,,1779840.0,213440573.5217285,27810.0,32248.15,,,,,0.0,24.0,3461.0,235704.0,0.0,0.0001018226249872,0.0146836710450395,
36,quick,l1d,ddr4_1x,Next-line,nextline,,default,quick_nextline_default_l1d_ddr4_1x,low_late,pf_coverage,Prefetch coverage,high_is_good,1.166926489986809,0.62584926790825,0.3267302720189863,0.62584926790825,0.0020398175857394,0.6470552569693767,213440573.5217285,0.0195238889272267,0.0049256833618449,0.3417991191114515,1.31,14861.08,32353.08,2.553888,230903.0,75443.0,471.0,149407.0,1779840.0,0.008339,0.009731,0.975801,8338808178.0,24424723.0,24707902.0,25041466.0,45102.0,9156496.0,28558.0,83552.0,1283215167.0,28451.402754,1725773624.0,60430.479165,185.0,1.0,185.0,0.0,0.0,,43281.0,1821.0,0.000199,21448.418451,,28558.0,0.341799,60097.479165,56.69,0.0,0.0,219189116.835924,174029665.75351292,219181442.0,174029666.0,393211108.0,19207.0,219.189117,173.645918,3332.0,4368783.0,12.31258,740.0,2.0,1429.0,14168684.0,230903.0,75443.0,471.0,0.32673,0.976431,149407.0,66114.0,83293.0,0.0,235704.0,3461.0,0.0,24.0,0.0,5394.0,3589.0,,,,,,,,,,,,,,,,,1779840.0,213440573.5217285,27810.0,32248.15,,,,,0.0,24.0,3461.0,235704.0,0.0,0.0001018226249872,0.0146836710450395,
37,quick,l1d,ddr4_1x,IMP,imp,stage3,s32_dist32_addr16,quick_imp3_s32_dist32_addr16_l1d_ddr4_1x,top_speedup,pf_coverage,Prefetch coverage,high_is_good,1.155426264545239,0.6080506919582787,0.4272885649119187,0.6080506919582787,0.0128712076929248,0.5563330238741991,192619365.4950596,0.0192929379253712,0.0052460102892182,0.3279988034699372,7.5,54502.92,71994.92,2.728943,174498.0,74561.0,2246.0,97079.0,1622144.0,0.008422,0.009731,0.966219,8421500070.0,24424723.0,24707902.0,25289790.0,48062.0,9161629.0,28509.0,86918.0,1752527052.0,36463.88107,2843533829.0,99741.619454,17.0,2.0,8.5,0.0,0.0,,38802.0,9260.0,0.001011,24067.233369,,28509.0,0.327999,99408.619454,57.37,0.0,0.0,216664487.89805683,171902866.23128888,216656888.0,171902866.0,388559755.0,19207.0,216.649289,171.439291,3332.0,4368783.0,13.124558,1046.0,2.0,1756.0,14218062.0,174498.0,74561.0,2246.0,0.427289,0.889526,97079.0,61910.0,35167.0,2.0,1270576.0,321543.0,0.0,12755.0,1624.0,184720.0,0.0,,,,,,,,,,,,,,,,,1622144.0,192619365.4950596,25348.0,76213.2,,,,,1624.0,12755.0,321543.0,1270576.0,0.0012781604563599,0.0100387540768911,0.2530686869577263,stage3: s32_dist32_addr16
38,quick,l1d,ddr4_1x,IMP,imp,stage3,s32_ipd8_addr8,quick_imp3_s32_ipd8_addr8_l1d_ddr4_1x,top_speedup,pf_coverage,Prefetch coverage,high_is_good,1.155426264545239,0.6080506919582787,0.4272885649119187,0.6080506919582787,0.0128712076929248,0.5563330238741991,192619365.4950596,0.0192929379253712,0.0052460102892182,0.3279988034699372,7.5,54502.92,71994.92,2.728943,174498.0,74561.0,2246.0,97079.0,1622144.0,0.008422,0.009731,0.966219,8421500070.0,24424723.0,24707902.0,25289790.0,48062.0,9161629.0,28509.0,86918.0,1752527052.0,36463.88107,2843533829.0,99741.619454,17.0,2.0,8.5,0.0,0.0,,38802.0,9260.0,0.001011,24067.233369,,28509.0,0.327999,99408.619454,57.37,0.0,0.0,216664487.89805683,171902866.23128888,216656888.0,171902866.0,388559755.0,19207.0,216.649289,171.439291,3332.0,4368783.0,13.124558,1046.0,2.0,1756.0,14218062.0,174498.0,74561.0,2246.0,0.427289,0.889526,97079.0,61910.0,35167.0,2.0,1270576.0,321543.0,0.0,12755.0,1624.0,184720.0,0.0,,,,,,,,,,,,,,,,,1622144.0,192619365.4950596,25348.0,76213.2,,,,,1624.0,12755.0,321543.0,1270576.0,0.0012781604563599,0.0100387540768911,0.2530686869577263,stage3: s32_ipd8_addr8
39,quick,l1d,ddr4_1x,IMP,imp,stage3,s32_ipd8_addr8,quick_imp3_s32_ipd8_addr8_l1d_ddr4_1x,top_coverage,pf_coverage,Prefetch coverage,high_is_good,1.155426264545239,0.6080506919582787,0.4272885649119187,0.6080506919582787,0.0128712076929248,0.5563330238741991,192619365.4950596,0.0192929379253712,0.0052460102892182,0.3279988034699372,7.5,54502.92,71994.92,2.728943,174498.0,74561.0,2246.0,97079.0,1622144.0,0.008422,0.009731,0.966219,8421500070.0,24424723.0,24707902.0,25289790.0,48062.0,9161629.0,28509.0,86918.0,1752527052.0,36463.88107,2843533829.0,99741.619454,17.0,2.0,8.5,0.0,0.0,,38802.0,9260.0,0.001011,24067.233369,,28509.0,0.327999,99408.619454,57.37,0.0,0.0,216664487.89805683,171902866.23128888,216656888.0,171902866.0,388559755.0,19207.0,216.649289,171.439291,3332.0,4368783.0,13.124558,1046.0,2.0,1756.0,14218062.0,174498.0,74561.0,2246.0,0.427289,0.889526,97079.0,61910.0,35167.0,2.0,1270576.0,321543.0,0.0,12755.0,1624.0,184720.0,0.0,,,,,,,,,,,,,,,,,1622144.0,192619365.4950596,25348.0,76213.2,,,,,1624.0,12755.0,321543.0,1270576.0,0.0012781604563599,0.0100387540768911,0.2530686869577263,stage3: s32_ipd8_addr8
40,quick,l1d,ddr4_1x,IMP,imp,stage3,s32_dist32_addr16,quick_imp3_s32_dist32_addr16_l1d_ddr4_1x,top_coverage,pf_coverage,Prefetch coverage,high_is_good,1.155426264545239,0.6080506919582787,0.4272885649119187,0.6080506919582787,0.0128712076929248,0.5563330238741991,192619365.4950596,0.0192929379253712,0.0052460102892182,0.3279988034699372,7.5,54502.92,71994.92,2.728943,174498.0,74561.0,2246.0,97079.0,1622144.0,0.008422,0.009731,0.966219,8421500070.0,24424723.0,24707902.0,25289790.0,48062.0,9161629.0,28509.0,86918.0,1752527052.0,36463.88107,2843533829.0,99741.619454,17.0,2.0,8.5,0.0,0.0,,38802.0,9260.0,0.001011,24067.233369,,28509.0,0.327999,99408.619454,57.37,0.0,0.0,216664487.89805683,171902866.23128888,216656888.0,171902866.0,388559755.0,19207.0,216.649289,171.439291,3332.0,4368783.0,13.124558,1046.0,2.0,1756.0,14218062.0,174498.0,74561.0,2246.0,0.427289,0.889526,97079.0,61910.0,35167.0,2.0,1270576.0,321543.0,0.0,12755.0,1624.0,184720.0,0.0,,,,,,,,,,,,,,,,,1622144.0,192619365.4950596,25348.0,76213.2,,,,,1624.0,12755.0,321543.0,1270576.0,0.0012781604563599,0.0100387540768911,0.2530686869577263,stage3: s32_dist32_addr16
41,quick,l1d,ddr4_1x,IMP,imp,stage3,s32_dist32_addr16,quick_imp3_s32_dist32_addr16_l1d_ddr4_1x,top_accuracy,pf_coverage,Prefetch coverage,high_is_good,1.155426264545239,0.6080506919582787,0.4272885649119187,0.6080506919582787,0.0128712076929248,0.5563330238741991,192619365.4950596,0.0192929379253712,0.0052460102892182,0.3279988034699372,7.5,54502.92,71994.92,2.728943,174498.0,74561.0,2246.0,97079.0,1622144.0,0.008422,0.009731,0.966219,8421500070.0,24424723.0,24707902.0,25289790.0,48062.0,9161629.0,28509.0,86918.0,1752527052.0,36463.88107,2843533829.0,99741.619454,17.0,2.0,8.5,0.0,0.0,,38802.0,9260.0,0.001011,24067.233369,,28509.0,0.327999,99408.619454,57.37,0.0,0.0,216664487.89805683,171902866.23128888,216656888.0,171902866.0,388559755.0,19207.0,216.649289,171.439291,3332.0,4368783.0,13.124558,1046.0,2.0,1756.0,14218062.0,174498.0,74561.0,2246.0,0.427289,0.889526,97079.0,61910.0,35167.0,2.0,1270576.0,321543.0,0.0,12755.0,1624.0,184720.0,0.0,,,,,,,,,,,,,,,,,1622144.0,192619365.4950596,25348.0,76213.2,,,,,1624.0,12755.0,321543.0,1270576.0,0.0012781604563599,0.0100387540768911,0.2530686869577263,stage3: s32_dist32_addr16
42,quick,l1d,ddr4_1x,IMP,imp,stage3,s32_ipd8_addr8,quick_imp3_s32_ipd8_addr8_l1d_ddr4_1x,top_accuracy,pf_coverage,Prefetch coverage,high_is_good,1.155426264545239,0.6080506919582787,0.4272885649119187,0.6080506919582787,0.0128712076929248,0.5563330238741991,192619365.4950596,0.0192929379253712,0.0052460102892182,0.3279988034699372,7.5,54502.92,71994.92,2.728943,174498.0,74561.0,2246.0,97079.0,1622144.0,0.008422,0.009731,0.966219,8421500070.0,24424723.0,24707902.0,25289790.0,48062.0,9161629.0,28509.0,86918.0,1752527052.0,36463.88107,2843533829.0,99741.619454,17.0,2.0,8.5,0.0,0.0,,38802.0,9260.0,0.001011,24067.233369,,28509.0,0.327999,99408.619454,57.37,0.0,0.0,216664487.89805683,171902866.23128888,216656888.0,171902866.0,388559755.0,19207.0,216.649289,171.439291,3332.0,4368783.0,13.124558,1046.0,2.0,1756.0,14218062.0,174498.0,74561.0,2246.0,0.427289,0.889526,97079.0,61910.0,35167.0,2.0,1270576.0,321543.0,0.0,12755.0,1624.0,184720.0,0.0,,,,,,,,,,,,,,,,,1622144.0,192619365.4950596,25348.0,76213.2,,,,,1624.0,12755.0,321543.0,1270576.0,0.0012781604563599,0.0100387540768911,0.2530686869577263,stage3: s32_ipd8_addr8
43,quick,l1d,ddr4_1x,IMP,imp,stage3,s32_ipd8_addr8,quick_imp3_s32_ipd8_addr8_l1d_ddr4_1x,low_late,pf_coverage,Prefetch coverage,high_is_good,1.155426264545239,0.6080506919582787,0.4272885649119187,0.6080506919582787,0.0128712076929248,0.5563330238741991,192619365.4950596,0.0192929379253712,0.0052460102892182,0.3279988034699372,7.5,54502.92,71994.92,2.728943,174498.0,74561.0,2246.0,97079.0,1622144.0,0.008422,0.009731,0.966219,8421500070.0,24424723.0,24707902.0,25289790.0,48062.0,9161629.0,28509.0,86918.0,1752527052.0,36463.88107,2843533829.0,99741.619454,17.0,2.0,8.5,0.0,0.0,,38802.0,9260.0,0.001011,24067.233369,,28509.0,0.327999,99408.619454,57.37,0.0,0.0,216664487.89805683,171902866.23128888,216656888.0,171902866.0,388559755.0,19207.0,216.649289,171.439291,3332.0,4368783.0,13.124558,1046.0,2.0,1756.0,14218062.0,174498.0,74561.0,2246.0,0.427289,0.889526,97079.0,61910.0,35167.0,2.0,1270576.0,321543.0,0.0,12755.0,1624.0,184720.0,0.0,,,,,,,,,,,,,,,,,1622144.0,192619365.4950596,25348.0,76213.2,,,,,1624.0,12755.0,321543.0,1270576.0,0.0012781604563599,0.0100387540768911,0.2530686869577263,stage3: s32_ipd8_addr8
44,quick,l1d,ddr4_1x,IMP,imp,stage3,s32_dist32_addr16,quick_imp3_s32_dist32_addr16_l1d_ddr4_1x,low_late,pf_coverage,Prefetch coverage,high_is_good,1.155426264545239,0.6080506919582787,0.4272885649119187,0.6080506919582787,0.0128712076929248,0.5563330238741991,192619365.4950596,0.0192929379253712,0.0052460102892182,0.3279988034699372,7.5,54502.92,71994.92,2.728943,174498.0,74561.0,2246.0,97079.0,1622144.0,0.008422,0.009731,0.966219,8421500070.0,24424723.0,24707902.0,25289790.0,48062.0,9161629.0,28509.0,86918.0,1752527052.0,36463.88107,2843533829.0,99741.619454,17.0,2.0,8.5,0.0,0.0,,38802.0,9260.0,0.001011,24067.233369,,28509.0,0.327999,99408.619454,57.37,0.0,0.0,216664487.89805683,171902866.23128888,216656888.0,171902866.0,388559755.0,19207.0,216.649289,171.439291,3332.0,4368783.0,13.124558,1046.0,2.0,1756.0,14218062.0,174498.0,74561.0,2246.0,0.427289,0.889526,97079.0,61910.0,35167.0,2.0,1270576.0,321543.0,0.0,12755.0,1624.0,184720.0,0.0,,,,,,,,,,,,,,,,,1622144.0,192619365.4950596,25348.0,76213.2,,,,,1624.0,12755.0,321543.0,1270576.0,0.0012781604563599,0.0100387540768911,0.2530686869577263,stage3: s32_dist32_addr16
45,quick,l1d,ddr4_1x,Stride,stride,,deg1_dist1,quick_stride_deg1_dist1_l1d_ddr4_1x,low_late,pf_coverage,Prefetch coverage,high_is_good,1.163299462044232,0.6076771864024807,0.928410761633094,0.6076771864024807,0.0013194435717965,0.0041970871712386,208531857.0663373,0.0194121127064797,0.0052091023381824,0.343103489800342,1.36,14784.22,32276.22,2.579455,79579.0,73882.0,105.0,334.0,1744448.0,0.008365,0.009731,0.972701,8365378914.0,24424723.0,24707902.0,25121258.0,47699.0,9156856.0,28492.0,83042.0,1321611732.0,27707.325772,1702421874.0,59750.873017,0.0,0.0,,0.0,0.0,,44140.0,3559.0,0.000389,20865.598483,,28492.0,0.343103,59417.873017,57.53,0.0,0.0,217987973.85593235,172979612.1462335,217980323.0,172979612.0,390959935.0,19207.0,217.987974,172.566481,3332.0,4368783.0,13.111214,821.0,2.0,1455.0,14188935.0,79579.0,73882.0,105.0,0.928411,0.954042,334.0,320.0,14.0,0.0,79587.0,0.0,0.0,0.0,0.0,2578.0,2371.0,,,,,,,,,,,,,,,,,1744448.0,208531857.0663373,27257.0,32177.09,,,,,0.0,0.0,0.0,79587.0,0.0,0.0,0.0,
46,quick,l1d,ddr4_1x,IMP,imp,stage3,s32_sth2_pt8,quick_imp3_s32_sth2_pt8_l1d_ddr4_1x,top_speedup,pf_coverage,Prefetch coverage,high_is_good,1.1555634722717016,0.6051420486884687,0.4230799840827696,0.6051420486884687,0.0130691831049968,0.5601387072935023,192593323.15196675,0.0192937516294737,0.0053004891180724,0.3281420859375899,5.05,55250.76,72742.76,2.736735,175910.0,74424.0,2299.0,98534.0,1621888.0,0.008421,0.009731,0.966241,8421309594.0,24424723.0,24707902.0,25289218.0,48562.0,9161796.0,28508.0,86877.0,1782088128.0,36697.173263,2864704632.0,100487.744914,43.0,1.0,43.0,0.0,0.0,,39297.0,9265.0,0.001011,24279.491851,,28508.0,0.328142,100154.756595,60.61,0.0,0.0,216654188.95179024,171929553.6921689,216646589.0,171929554.0,388576143.0,19207.0,216.646589,171.458368,3332.0,4368783.0,13.161632,1048.0,2.0,1484.0,14218627.0,175910.0,74424.0,2299.0,0.42308,0.889292,98534.0,62727.0,35804.0,3.0,1286059.0,323379.0,0.0,12786.0,1723.0,185557.0,0.0,,,,,,,,,,,,,,,,,1621888.0,192593323.15196675,25343.0,77021.31,,,,,1723.0,12786.0,323379.0,1286059.0,0.0013397519087382,0.0099420011057035,0.2514495835727598,stage3: s32_sth2_pt8
47,quick,l1d,ddr4_1x,IMP,imp,stage3,s32_sth2_pt8,quick_imp3_s32_sth2_pt8_l1d_ddr4_1x,top_coverage,pf_coverage,Prefetch coverage,high_is_good,1.1555634722717016,0.6051420486884687,0.4230799840827696,0.6051420486884687,0.0130691831049968,0.5601387072935023,192593323.15196675,0.0192937516294737,0.0053004891180724,0.3281420859375899,5.05,55250.76,72742.76,2.736735,175910.0,74424.0,2299.0,98534.0,1621888.0,0.008421,0.009731,0.966241,8421309594.0,24424723.0,24707902.0,25289218.0,48562.0,9161796.0,28508.0,86877.0,1782088128.0,36697.173263,2864704632.0,100487.744914,43.0,1.0,43.0,0.0,0.0,,39297.0,9265.0,0.001011,24279.491851,,28508.0,0.328142,100154.756595,60.61,0.0,0.0,216654188.95179024,171929553.6921689,216646589.0,171929554.0,388576143.0,19207.0,216.646589,171.458368,3332.0,4368783.0,13.161632,1048.0,2.0,1484.0,14218627.0,175910.0,74424.0,2299.0,0.42308,0.889292,98534.0,62727.0,35804.0,3.0,1286059.0,323379.0,0.0,12786.0,1723.0,185557.0,0.0,,,,,,,,,,,,,,,,,1621888.0,192593323.15196675,25343.0,77021.31,,,,,1723.0,12786.0,323379.0,1286059.0,0.0013397519087382,0.0099420011057035,0.2514495835727598,stage3: s32_sth2_pt8
48,quick,l1d,ddr4_1x,IMP,imp,stage3,s32_sth8,quick_imp3_s32_sth8_l1d_ddr4_1x,low_late,pf_coverage,Prefetch coverage,high_is_good,1.1551519468186136,0.6042243795442545,0.4244656869738907,0.6042243795442545,0.0126465972321301,0.5591040091311171,192321219.2628544,0.0192734686594848,0.0053174014302999,0.3279501818684101,5.04,56162.94,73654.94,2.72261,175225.0,74377.0,2216.0,97969.0,1620096.0,0.008424,0.009731,0.965943,8423906661.0,24424718.0,24707897.0,25297017.0,48718.0,9161994.0,28491.0,86876.0,1793549322.0,36814.921015,2889017517.0,101401.057071,0.0,0.0,,0.0,0.0,,39332.0,9386.0,0.001024,24093.859152,,28491.0,0.32795,101068.057071,58.9,0.0,0.0,216465836.265989,171709404.93638977,216458239.0,171709405.0,388167644.0,19207.0,216.458239,171.245962,3332.0,4368783.0,12.925144,955.0,2.0,1756.0,14219049.0,175225.0,74377.0,2216.0,0.424466,0.887946,97969.0,62850.0,35116.0,3.0,1283632.0,325612.0,0.0,12839.0,1556.0,184080.0,0.0,,,,,,,,,,,,,,,,,1620096.0,192321219.2628544,25315.0,78069.02,,,,,1556.0,12839.0,325612.0,1283632.0,0.0012121854238597,0.0100020878257943,0.2536646016926969,stage3: s32_sth8
49,quick,l1d,ddr4_1x,Stride,stride,,deg1_dist8,quick_stride_deg1_dist8_l1d_ddr4_1x,top_accuracy,pf_coverage,Prefetch coverage,high_is_good,1.1528254946096432,0.5806508135168961,0.9807903712264284,0.5806508135168961,0.0073709727429038,0.0110916932096851,183346318.0737264,0.0192455058977432,0.0054873493118895,0.3398948410096217,1.77,17419.39,34911.39,2.588689,70954.0,69591.0,523.0,787.0,1547584.0,0.008441,0.009731,0.964013,8440769448.0,24424723.0,24707902.0,25347656.0,50259.0,9159067.0,28508.0,83873.0,1449203679.0,28834.709783,1778527692.0,62386.96829,0.0,0.0,,0.0,0.0,,36790.0,13469.0,0.001471,21037.693444,,28508.0,0.339895,62053.96829,55.96,0.0,0.0,216162283.6923149,171449772.31227413,216154701.0,171449772.0,387604474.0,19207.0,216.162284,170.987255,3332.0,4368783.0,10.642164,726.0,2.0,1427.0,14252988.0,70954.0,69591.0,523.0,0.98079,0.83784,787.0,774.0,13.0,0.0,71002.0,0.0,0.0,0.0,0.0,11600.0,11408.0,,,,,,,,,,,,,,,,,1547584.0,183346318.0737264,24181.0,35576.82,,,,,0.0,0.0,0.0,71002.0,0.0,0.0,0.0,
50,quick,l1d,ddr4_1x,Stride,stride,,deg1_dist8,quick_stride_deg1_dist8_l1d_ddr4_1x,low_late,pf_coverage,Prefetch coverage,high_is_good,1.1528254946096432,0.5806508135168961,0.9807903712264284,0.5806508135168961,0.0073709727429038,0.0110916932096851,183346318.0737264,0.0192455058977432,0.0054873493118895,0.3398948410096217,1.77,17419.39,34911.39,2.588689,70954.0,69591.0,523.0,787.0,1547584.0,0.008441,0.009731,0.964013,8440769448.0,24424723.0,24707902.0,25347656.0,50259.0,9159067.0,28508.0,83873.0,1449203679.0,28834.709783,1778527692.0,62386.96829,0.0,0.0,,0.0,0.0,,36790.0,13469.0,0.001471,21037.693444,,28508.0,0.339895,62053.96829,55.96,0.0,0.0,216162283.6923149,171449772.31227413,216154701.0,171449772.0,387604474.0,19207.0,216.162284,170.987255,3332.0,4368783.0,10.642164,726.0,2.0,1427.0,14252988.0,70954.0,69591.0,523.0,0.98079,0.83784,787.0,774.0,13.0,0.0,71002.0,0.0,0.0,0.0,0.0,11600.0,11408.0,,,,,,,,,,,,,,,,,1547584.0,183346318.0737264,24181.0,35576.82,,,,,0.0,0.0,0.0,71002.0,0.0,0.0,0.0,
51,quick,l1d,ddr4_1x,IMP,imp,stage2,s16_sth8,quick_imp_stage2_s16_sth8_l1d_ddr4_1x,top_accuracy,pf_coverage,Prefetch coverage,high_is_good,1.1461719670200237,0.5426542669753683,0.4269057858892043,0.5426542669753683,0.0074805979605014,0.560868187965253,182908665.2972764,0.0191368845927074,0.00644346317354,0.3350764421777501,5.09,45701.06,63193.06,2.795031,164158.0,70080.0,1228.0,92071.0,1552896.0,0.00849,0.009731,0.958423,8490007827.0,24424723.0,24707902.0,25495519.0,59063.0,9166344.0,28514.0,85097.0,1946136249.0,32950.176066,2586937602.0,90725.173669,5.0,1.0,5.0,0.0,0.0,,46292.0,12771.0,0.001393,22581.238196,,28514.0,0.335076,90392.173669,55.37,0.0,0.0,214953865.43652475,170470514.21993935,214946327.0,170470514.0,385416841.0,19207.0,214.893559,170.018218,3332.0,4368783.0,13.286216,841.0,2.0,1738.0,14259289.0,164158.0,70080.0,1228.0,0.426906,0.845856,92071.0,53576.0,38495.0,0.0,800198.0,77976.0,0.0,11085.0,1.0,95674.0,0.0,,,,,,,,,,,,,,,,,1552896.0,182908665.2972764,24272.0,68253.87,,,,,1.0,11085.0,77976.0,800198.0,1.249690701551366e-06,0.0138528214266968,0.0974458821441693,stage2: s16_sth8
52,quick,l1d,ddr4_1x,AMPM,ampm,stage1,ls2,quick_ampm_ls2_l1d_ddr4_1x,top_accuracy,pf_coverage,Prefetch coverage,high_is_good,1.1552890893980767,0.501943826238837,0.2659546679205009,0.501943826238837,0.0015710244870847,0.7001694168924315,210196187.49049857,0.0193036345494136,0.0077177173768797,0.3414975758664033,1.12,13657.63,31149.63,2.718736,267978.0,71270.0,421.0,187630.0,1770432.0,0.008423,0.009731,0.966075,8422759809.0,24424730.0,24707910.0,25293573.0,70718.0,9163072.0,28527.0,83535.0,1924955118.0,27220.157782,1687568887.0,59156.900025,0.0,0.0,,0.0,0.0,,67769.0,2949.0,0.000322,17052.897253,,28527.0,0.341498,58823.900025,58.57,0.0,0.0,216768855.031231,172013928.07757315,216761257.0,172013928.0,388775185.0,19207.0,216.738461,171.550422,3332.0,4368784.0,14.078197,1121.0,2.0,1433.0,14208324.0,267978.0,71270.0,421.0,0.265955,0.960266,187630.0,114833.0,72797.0,0.0,272319.0,1594.0,0.0,41.0,0.0,6931.0,2834.0,,,,,,,,,,,,,,,,,1770432.0,210196187.49049857,27665.0,31045.52,,,,,0.0,41.0,1594.0,272319.0,0.0,0.0001505587197367,0.0058534292502542,
53,quick,l1d,ddr4_1x,AMPM,ampm,stage1,ls2,quick_ampm_ls2_l1d_ddr4_1x,low_late,pf_coverage,Prefetch coverage,high_is_good,1.1552890893980767,0.501943826238837,0.2659546679205009,0.501943826238837,0.0015710244870847,0.7001694168924315,210196187.49049857,0.0193036345494136,0.0077177173768797,0.3414975758664033,1.12,13657.63,31149.63,2.718736,267978.0,71270.0,421.0,187630.0,1770432.0,0.008423,0.009731,0.966075,8422759809.0,24424730.0,24707910.0,25293573.0,70718.0,9163072.0,28527.0,83535.0,1924955118.0,27220.157782,1687568887.0,59156.900025,0.0,0.0,,0.0,0.0,,67769.0,2949.0,0.000322,17052.897253,,28527.0,0.341498,58823.900025,58.57,0.0,0.0,216768855.031231,172013928.07757315,216761257.0,172013928.0,388775185.0,19207.0,216.738461,171.550422,3332.0,4368784.0,14.078197,1121.0,2.0,1433.0,14208324.0,267978.0,71270.0,421.0,0.265955,0.960266,187630.0,114833.0,72797.0,0.0,272319.0,1594.0,0.0,41.0,0.0,6931.0,2834.0,,,,,,,,,,,,,,,,,1770432.0,210196187.49049857,27665.0,31045.52,,,,,0.0,41.0,1594.0,272319.0,0.0,0.0001505587197367,0.0058534292502542,
54,quick,l1d,ddr4_1x,Next-line,nextline,,deg1,quick_nextline_deg1_l1d_ddr4_1x,top_accuracy,pf_coverage,Prefetch coverage,high_is_good,1.1460369803321164,0.416822485916337,0.4299136476304094,0.416822485916337,0.0013598798360726,0.4988966429511865,209316914.8578594,0.0191491334015161,0.0106014000397869,0.3428454659101836,1.28,12657.32,30149.32,2.971639,161779.0,69551.0,220.0,80711.0,1777216.0,0.008491,0.009731,0.958362,8490551283.0,24424730.0,24707910.0,25497151.0,97309.0,9178882.0,28522.0,83192.0,2737010916.0,28127.006916,1643536146.0,57623.453685,0.0,0.0,,0.0,0.0,,95419.0,1890.0,0.000206,20898.304762,,28522.0,0.342845,57290.453685,55.0,0.0,0.0,215000409.17896652,170670661.03250575,214992871.0,170670661.0,385663532.0,19207.0,215.000409,170.210856,3332.0,4368784.0,16.169807,1418.0,2.0,1592.0,14238226.0,161779.0,69551.0,220.0,0.429914,0.973545,80711.0,391.0,80320.0,0.0,164208.0,24.0,0.0,44.0,0.0,2655.0,1097.0,,,,,,,,,,,,,,,,,1777216.0,209316914.8578594,27769.0,30022.41,,,,,0.0,44.0,24.0,164208.0,0.0,0.0002679528403001,0.0001461560947091,
55,quick,l1d,ddr4_1x,Next-line,nextline,,deg1,quick_nextline_deg1_l1d_ddr4_1x,low_unused,pf_coverage,Prefetch coverage,high_is_good,1.1460369803321164,0.416822485916337,0.4299136476304094,0.416822485916337,0.0013598798360726,0.4988966429511865,209316914.8578594,0.0191491334015161,0.0106014000397869,0.3428454659101836,1.28,12657.32,30149.32,2.971639,161779.0,69551.0,220.0,80711.0,1777216.0,0.008491,0.009731,0.958362,8490551283.0,24424730.0,24707910.0,25497151.0,97309.0,9178882.0,28522.0,83192.0,2737010916.0,28127.006916,1643536146.0,57623.453685,0.0,0.0,,0.0,0.0,,95419.0,1890.0,0.000206,20898.304762,,28522.0,0.342845,57290.453685,55.0,0.0,0.0,215000409.17896652,170670661.03250575,214992871.0,170670661.0,385663532.0,19207.0,215.000409,170.210856,3332.0,4368784.0,16.169807,1418.0,2.0,1592.0,14238226.0,161779.0,69551.0,220.0,0.429914,0.973545,80711.0,391.0,80320.0,0.0,164208.0,24.0,0.0,44.0,0.0,2655.0,1097.0,,,,,,,,,,,,,,,,,1777216.0,209316914.8578594,27769.0,30022.41,,,,,0.0,44.0,24.0,164208.0,0.0,0.0002679528403001,0.0001461560947091,
56,quick,l1d,ddr4_1x,Next-line,nextline,,deg1,quick_nextline_deg1_l1d_ddr4_1x,low_late,pf_coverage,Prefetch coverage,high_is_good,1.1460369803321164,0.416822485916337,0.4299136476304094,0.416822485916337,0.0013598798360726,0.4988966429511865,209316914.8578594,0.0191491334015161,0.0106014000397869,0.3428454659101836,1.28,12657.32,30149.32,2.971639,161779.0,69551.0,220.0,80711.0,1777216.0,0.008491,0.009731,0.958362,8490551283.0,24424730.0,24707910.0,25497151.0,97309.0,9178882.0,28522.0,83192.0,2737010916.0,28127.006916,1643536146.0,57623.453685,0.0,0.0,,0.0,0.0,,95419.0,1890.0,0.000206,20898.304762,,28522.0,0.342845,57290.453685,55.0,0.0,0.0,215000409.17896652,170670661.03250575,214992871.0,170670661.0,385663532.0,19207.0,215.000409,170.210856,3332.0,4368784.0,16.169807,1418.0,2.0,1592.0,14238226.0,161779.0,69551.0,220.0,0.429914,0.973545,80711.0,391.0,80320.0,0.0,164208.0,24.0,0.0,44.0,0.0,2655.0,1097.0,,,,,,,,,,,,,,,,,1777216.0,209316914.8578594,27769.0,30022.41,,,,,0.0,44.0,24.0,164208.0,0.0,0.0002679528403001,0.0001461560947091,
57,quick,l1d,ddr4_1x,AMPM,ampm,stage1,hz256,quick_ampm_hz256_l1d_ddr4_1x,top_accuracy,pf_coverage,Prefetch coverage,high_is_good,1.1460369803321164,0.4145922900758794,0.4260093267877879,0.4145922900758794,0.0007188630903739,0.5040336206737652,209004271.4771008,0.0191323950691995,0.0106660533783116,0.3431536618548261,1.51,12518.57,30010.57,2.947988,162757.0,69336.0,117.0,82035.0,1774656.0,0.008491,0.009731,0.958311,8491003497.0,24424730.0,24707910.0,25498509.0,97903.0,9178934.0,28502.0,83059.0,2771530695.0,28308.945538,1638430592.0,57484.758684,0.0,0.0,,0.0,0.0,,95802.0,2101.0,0.000229,19792.974774,,28502.0,0.343154,57151.758684,57.17,0.0,0.0,214838210.8951568,170495748.88427347,214830674.0,170495749.0,385326422.0,19207.0,214.838211,170.035968,3332.0,4368784.0,15.31274,1203.0,2.0,1658.0,14239021.0,162757.0,69336.0,117.0,0.426009,0.970589,82035.0,1745.0,80290.0,0.0,165086.0,0.0,0.0,41.0,0.0,2629.0,1097.0,,,,,,,,,,,,,,,,,1774656.0,209004271.4771008,27729.0,29883.95,,,,,0.0,41.0,0.0,165086.0,0.0,0.0002483554026386,0.0,
58,quick,l1d,ddr4_1x,AMPM,ampm,stage1,hz256,quick_ampm_hz256_l1d_ddr4_1x,low_unused,pf_coverage,Prefetch coverage,high_is_good,1.1460369803321164,0.4145922900758794,0.4260093267877879,0.4145922900758794,0.0007188630903739,0.5040336206737652,209004271.4771008,0.0191323950691995,0.0106660533783116,0.3431536618548261,1.51,12518.57,30010.57,2.947988,162757.0,69336.0,117.0,82035.0,1774656.0,0.008491,0.009731,0.958311,8491003497.0,24424730.0,24707910.0,25498509.0,97903.0,9178934.0,28502.0,83059.0,2771530695.0,28308.945538,1638430592.0,57484.758684,0.0,0.0,,0.0,0.0,,95802.0,2101.0,0.000229,19792.974774,,28502.0,0.343154,57151.758684,57.17,0.0,0.0,214838210.8951568,170495748.88427347,214830674.0,170495749.0,385326422.0,19207.0,214.838211,170.035968,3332.0,4368784.0,15.31274,1203.0,2.0,1658.0,14239021.0,162757.0,69336.0,117.0,0.426009,0.970589,82035.0,1745.0,80290.0,0.0,165086.0,0.0,0.0,41.0,0.0,2629.0,1097.0,,,,,,,,,,,,,,,,,1774656.0,209004271.4771008,27729.0,29883.95,,,,,0.0,41.0,0.0,165086.0,0.0,0.0002483554026386,0.0,
59,quick,l1d,ddr4_1x,AMPM,ampm,stage1,hz256,quick_ampm_hz256_l1d_ddr4_1x,low_late,pf_coverage,Prefetch coverage,high_is_good,1.1460369803321164,0.4145922900758794,0.4260093267877879,0.4145922900758794,0.0007188630903739,0.5040336206737652,209004271.4771008,0.0191323950691995,0.0106660533783116,0.3431536618548261,1.51,12518.57,30010.57,2.947988,162757.0,69336.0,117.0,82035.0,1774656.0,0.008491,0.009731,0.958311,8491003497.0,24424730.0,24707910.0,25498509.0,97903.0,9178934.0,28502.0,83059.0,2771530695.0,28308.945538,1638430592.0,57484.758684,0.0,0.0,,0.0,0.0,,95802.0,2101.0,0.000229,19792.974774,,28502.0,0.343154,57151.758684,57.17,0.0,0.0,214838210.8951568,170495748.88427347,214830674.0,170495749.0,385326422.0,19207.0,214.838211,170.035968,3332.0,4368784.0,15.31274,1203.0,2.0,1658.0,14239021.0,162757.0,69336.0,117.0,0.426009,0.970589,82035.0,1745.0,80290.0,0.0,165086.0,0.0,0.0,41.0,0.0,2629.0,1097.0,,,,,,,,,,,,,,,,,1774656.0,209004271.4771008,27729.0,29883.95,,,,,0.0,41.0,0.0,165086.0,0.0,0.0002483554026386,0.0,
60,quick,l1d,ddr4_1x,Stride,stride,,deg1_dist16,quick_stride_deg1_dist16_l1d_ddr4_1x,top_accuracy,pf_coverage,Prefetch coverage,high_is_good,1.125491556789267,0.3884675646140275,0.9698727852470334,0.3884675646140275,0.0148910292232339,0.0148910292232339,152985898.96247968,0.018795882295692,0.0101207885658066,0.3370434700412368,1.43,16695.35,34187.35,2.930665,60842.0,59009.0,906.0,906.0,1322752.0,0.008646,0.009731,0.941105,8646234777.0,24424723.0,24707902.0,25964669.0,92893.0,9178435.0,28525.0,84633.0,2583226521.0,27808.624127,1758937596.0,61663.018265,0.0,0.0,,0.0,0.0,,68435.0,24458.0,0.002665,21406.434868,,28525.0,0.337043,61330.018265,57.15,0.0,0.0,211151333.16255543,167405123.42439714,211143931.0,167405123.0,378549055.0,19207.0,211.136529,166.946195,3332.0,4368783.0,13.800652,1138.0,2.0,1531.0,14368027.0,60842.0,59009.0,906.0,0.969873,0.706974,906.0,895.0,11.0,0.0,60920.0,0.0,0.0,0.0,0.0,22058.0,21431.0,,,,,,,,,,,,,,,,,1322752.0,152985898.96247968,20670.0,35417.04,,,,,0.0,0.0,0.0,60920.0,0.0,0.0,0.0,
61,quick,l1d,ddr4_1x,IMP,imp,stage1,default,quick_imp_default_l1d_ddr4_1x,default,pf_coverage,Prefetch coverage,high_is_good,1.1066757648129193,0.3164415517092417,0.3042515132551738,0.3164415517092417,0.0027246900111313,0.685436753410016,143209635.0421298,0.0184756956896392,0.0129044633028101,0.3401701447304053,3.02,21504.52,38996.52,3.337277,180571.0,54939.0,492.0,123770.0,1259264.0,0.008793,0.009731,0.925381,8793151380.0,24424718.0,24707897.0,26405860.0,118676.0,9196508.0,28510.0,83811.0,3709586700.0,31258.103576,1895787654.0,66495.533287,0.0,0.0,,0.0,0.0,,91900.0,26776.0,0.002912,22030.258216,,28510.0,0.34017,66162.533287,59.37,0.0,0.0,207514225.6904941,164593549.84970134,207506947.0,164593550.0,372100497.0,19207.0,207.506947,164.14229,3332.0,4368783.0,17.438204,1373.0,2.0,1772.0,14421131.0,180571.0,54939.0,492.0,0.304252,0.672325,123770.0,39477.0,84293.0,0.0,445426.0,919.0,0.0,6883.0,0.0,13494.0,0.0,,,,,,,,,,,,,,,,,1259264.0,143209635.0421298,19677.0,42468.36,,,,,0.0,6883.0,919.0,445426.0,0.0,0.0154526228823642,0.0020631934372937,IMP default
62,quick,l1d,ddr4_1x,IMP,imp,stage2,s2,quick_imp_stage2_s2_l1d_ddr4_1x,low_unused,pf_coverage,Prefetch coverage,high_is_good,1.075724076940084,0.181263455297946,0.192206822619549,0.181263455297946,0.0006508671848079,0.790535625406792,108154462.61058542,0.0179497387182422,0.0196638357232617,0.3427987005173866,1.73,14468.89,31960.89,3.928333,208952.0,40162.0,136.0,165184.0,978368.0,0.009046,0.009731,0.899513,9046025253.0,24424718.0,24707897.0,27165241.0,181405.0,9225311.0,28490.0,83110.0,5634937755.0,31062.747747,1693643913.0,59446.960793,0.0,0.0,,0.0,0.0,,142297.0,39108.0,0.004239,21638.937404,,28490.0,0.342799,59113.960793,56.47,0.0,0.0,201571844.9818924,159942953.8979201,201564770.0,159942954.0,361507724.0,19207.0,201.571845,159.518458,3332.0,4368783.0,20.258097,1717.0,2.0,1625.0,14558311.0,208952.0,40162.0,136.0,0.192207,0.506648,165184.0,26777.0,138407.0,0.0,349550.0,104.0,0.0,6623.0,0.0,3552.0,0.0,,,,,,,,,,,,,,,,,978368.0,108154462.61058542,15287.0,35032.48,,,,,0.0,6623.0,104.0,349550.0,0.0,0.0189472178515233,0.0002975253897868,stage2: s2
63,quick,l1d,ddr4_1x,IMP,imp,stage2,s2_sth8,quick_imp_stage2_s2_sth8_l1d_ddr4_1x,low_unused,pf_coverage,Prefetch coverage,high_is_good,1.075367443916455,0.1810463825909652,0.1923637339672923,0.1810463825909652,0.0005991295845395,0.7904292643647309,108101641.30086446,0.0179437914488992,0.0196789584278426,0.342811417019638,1.81,14721.45,32213.45,3.934552,208636.0,40134.0,125.0,164912.0,978176.0,0.009049,0.009731,0.89925,9048669273.0,24424723.0,24707902.0,27173181.0,181544.0,9225285.0,28489.0,83104.0,5658209793.0,31167.15393,1700774424.0,59699.337428,0.0,0.0,,0.0,0.0,,142402.0,39142.0,0.004243,21686.17623,,28489.0,0.342811,59366.337428,56.61,0.0,0.0,201505872.8514544,159889145.72411293,201498800.0,159889146.0,361387946.0,19207.0,201.505873,159.464774,3332.0,4368783.0,20.370993,1771.0,2.0,1649.0,14558481.0,208636.0,40134.0,125.0,0.192364,0.506257,164912.0,26615.0,138297.0,0.0,349368.0,100.0,0.0,6714.0,0.0,3554.0,0.0,,,,,,,,,,,,,,,,,978176.0,108101641.30086446,15284.0,35339.99,,,,,0.0,6714.0,100.0,349368.0,0.0,0.0192175585628907,0.000286231137368,stage2: s2_sth8
64,quick,l1d,ddr4_1x,IMP,imp,stage2,cons_s2_sth8_pt8,quick_imp_stage2_cons_s2_sth8_pt8_l1d_ddr4_1x,low_unused,pf_coverage,Prefetch coverage,high_is_good,1.0752486187845305,0.1805705265531627,0.1922295788781286,0.1805705265531627,0.0005953609856105,0.790543362925335,108071936.94634968,0.0179412085292377,0.0196941877063514,0.3428072919800252,1.56,14821.12,32313.12,3.937492,208277.0,40037.0,124.0,164652.0,978048.0,0.00905,0.009731,0.899121,9049971969.0,24424723.0,24707902.0,27177093.0,181688.0,9225463.0,28489.0,83105.0,5669822835.0,31206.369353,1703621574.0,59799.276001,0.0,0.0,,0.0,0.0,,142446.0,39242.0,0.004254,21693.097549,,28489.0,0.342807,59466.276001,54.56,0.0,0.0,201476867.13790748,159866130.52016625,201469795.0,159866131.0,361335926.0,19207.0,201.476867,159.44182,3332.0,4368783.0,20.444613,1783.0,2.0,1649.0,14559328.0,208277.0,40037.0,124.0,0.19223,0.505014,164652.0,26495.0,138157.0,0.0,348924.0,100.0,0.0,6745.0,0.0,3432.0,0.0,,,,,,,,,,,,,,,,,978048.0,108071936.94634968,15282.0,35417.73,,,,,0.0,6745.0,100.0,348924.0,0.0,0.0193308571494078,0.0002865953617406,stage2: cons_s2_sth8_pt8
