rank,benchmark,pf_level,memory,family,prefetcher,stage,config,run,selection_reason,ranked_by,ranked_by_label,rank_direction,speedup_vs_nopf,pf_accuracy,pf_accuracy,pf_coverage,pf_unused_ratio,pf_late_ratio,prefetcher_read_rate,dram_bw_utilization,l1d_miss_rate,l2_miss_rate,mem_avg_rdq_len,dram_avg_q_lat,dram_avg_mem_acc_lat,load_to_use_mean,pf_issued,pf_useful,pf_unused,pf_late,prefetcher_read_bytes,simSeconds,nopf_simSeconds,ipc,simTicks,simInsts,simOps,numCycles,l1d_demand_misses,l1d_demand_accesses,l2_demand_misses,l2_demand_accesses,l1d_demand_miss_latency,l1d_demand_avg_miss_latency,l2_demand_miss_latency,l2_demand_avg_miss_latency,l1d_blocked_cycles_no_mshrs,l1d_blocked_causes_no_mshrs,l1d_avg_blocked_no_mshrs,l2_blocked_cycles_no_mshrs,l2_blocked_causes_no_mshrs,l2_avg_blocked_no_mshrs,l1d_demand_mshr_hits,l1d_demand_mshr_misses,l1d_demand_mshr_miss_rate,l1d_demand_avg_mshr_miss_latency,l2_demand_mshr_hits,l2_demand_mshr_misses,l2_demand_mshr_miss_rate,l2_demand_avg_mshr_miss_latency,mem_avg_wrq_len,mem_num_rd_retry,mem_num_wr_retry,mem_avg_read_bw_sys,mem_avg_write_bw_sys,dram_bw_read_total,dram_bw_write_total,dram_bw_total,dram_peak_bw,dram_avg_rd_bw,dram_avg_wr_bw,dram_avg_bus_lat,load_to_use_samples,load_to_use_stdev,load_to_use_overflows,load_to_use_min,load_to_use_max,added_loads_and_stores,l1d_pf_issued,l1d_pf_useful,l1d_pf_unused,l1d_prefetcher_accuracy,l1d_prefetcher_coverage,l1d_pf_late,l1d_pf_hit_in_cache,l1d_pf_hit_in_mshr,l1d_pf_hit_in_wb,l1d_pf_identified,l1d_pf_buffer_hit,l1d_pf_in_cache,l1d_pf_removed_demand,l1d_pf_removed_full,l1d_pf_span_page,l1d_pf_useful_span_page,l2_pf_issued,l2_pf_useful,l2_pf_unused,l2_prefetcher_accuracy,l2_prefetcher_coverage,l2_pf_late,l2_pf_hit_in_cache,l2_pf_hit_in_mshr,l2_pf_hit_in_wb,l2_pf_identified,l2_pf_buffer_hit,l2_pf_in_cache,l2_pf_removed_demand,l2_pf_removed_full,l2_pf_span_page,l2_pf_useful_span_page,l1d_prefetcher_read_bytes,l1d_prefetcher_read_rate,l1d_prefetcher_read_accesses,l1d_prefetcher_read_avg_lat,l2_prefetcher_read_bytes,l2_prefetcher_read_rate,l2_prefetcher_read_accesses,l2_prefetcher_read_avg_lat,pf_removed_full,pf_removed_demand,pf_buffer_hit,pf_identified,pf_removed_full_ratio,pf_removed_demand_ratio,pf_buffer_hit_ratio,label
1,spmv,l2,ddr4_1x,Stride,stride,,deg1_dist4,spmv_stride_deg1_dist4_l2_ddr4_1x,top_accuracy,pf_accuracy,Prefetch accuracy,high_is_good,1.385309109920272,0.995310751040546,0.995310751040546,0.3477990920293391,0.0046349123550571,5.433660439691803e-06,1539428981.5477507,0.219791035491535,0.4721416104593814,0.2036123295791345,6.18,47068.61,64560.61,34.217711,184038.0,183175.0,853.0,1.0,11778368.0,0.007651,0.010599,0.491965,7651127880.0,11279581.0,11329130.0,22976360.0,2279342.0,4827666.0,343494.0,1687000.0,51515031069.0,22600.834394,29433636567.0,85688.939449,37945.0,7116.0,5.33235,39.0,1.0,39.0,592532.0,1686810.0,0.349405,21543.740409,,343494.0,0.203612,85355.940418,57.46,0.0,0.0,4412680656.959559,13918993.60071864,4412672292.0,13918994.0,4426591286.0,19207.0,4412.638833,13.450566,3332.0,4767008.0,88.467442,81900.0,2.0,1786.0,4862714.0,,,,,,,,,,,,,,,,,184038.0,183175.0,853.0,0.995311,0.347799,1.0,1.0,0.0,0.0,184038.0,0.0,0.0,0.0,0.0,15580.0,15520.0,,,,,11778368.0,1539428981.5477507,184037.0,76439.51,0.0,0.0,0.0,184038.0,0.0,0.0,0.0,
2,spmv,l2,ddr4_1x,Stride,stride,,deg1_dist8,spmv_stride_deg1_dist8_l2_ddr4_1x,top_accuracy,pf_accuracy,Prefetch accuracy,high_is_good,1.3865777080062796,0.984700300748374,0.984700300748374,0.3195662371660525,0.0152297577693329,0.0,1436484176.1774535,0.2215607658470043,0.4987595390792314,0.2132442644466232,6.05,43987.2,61479.2,39.657225,171572.0,168947.0,2613.0,0.0,10980608.0,0.007644,0.010599,0.492419,7644085596.0,11279581.0,11329130.0,22955212.0,2407832.0,4827641.0,359729.0,1686934.0,60181492266.0,24994.057835,29782073448.0,82790.304501,60162.0,11809.0,5.094589,34.0,2.0,17.0,721087.0,1686745.0,0.349393,21834.072699,,359729.0,0.213244,82457.305427,57.26,0.0,0.0,4448310209.633607,13931816.78338705,4448301837.0,13931817.0,4462233654.0,19207.0,4448.268347,13.446213,3332.0,4767008.0,94.190299,89551.0,2.0,1794.0,4863454.0,,,,,,,,,,,,,,,,,171572.0,168947.0,2613.0,0.9847,0.319566,0.0,0.0,0.0,0.0,171572.0,0.0,0.0,0.0,0.0,28046.0,27620.0,,,,,10980608.0,1436484176.1774535,171572.0,74437.56,0.0,0.0,0.0,171572.0,0.0,0.0,0.0,
3,spmv,l2,ddr4_1x,Stride,stride,,deg1_dist8,spmv_stride_deg1_dist8_l2_ddr4_1x,low_late,pf_accuracy,Prefetch accuracy,high_is_good,1.3865777080062796,0.984700300748374,0.984700300748374,0.3195662371660525,0.0152297577693329,0.0,1436484176.1774535,0.2215607658470043,0.4987595390792314,0.2132442644466232,6.05,43987.2,61479.2,39.657225,171572.0,168947.0,2613.0,0.0,10980608.0,0.007644,0.010599,0.492419,7644085596.0,11279581.0,11329130.0,22955212.0,2407832.0,4827641.0,359729.0,1686934.0,60181492266.0,24994.057835,29782073448.0,82790.304501,60162.0,11809.0,5.094589,34.0,2.0,17.0,721087.0,1686745.0,0.349393,21834.072699,,359729.0,0.213244,82457.305427,57.26,0.0,0.0,4448310209.633607,13931816.78338705,4448301837.0,13931817.0,4462233654.0,19207.0,4448.268347,13.446213,3332.0,4767008.0,94.190299,89551.0,2.0,1794.0,4863454.0,,,,,,,,,,,,,,,,,171572.0,168947.0,2613.0,0.9847,0.319566,0.0,0.0,0.0,0.0,171572.0,0.0,0.0,0.0,0.0,28046.0,27620.0,,,,,10980608.0,1436484176.1774535,171572.0,74437.56,0.0,0.0,0.0,171572.0,0.0,0.0,0.0,
4,spmv,l2,ddr4_1x,Stride,stride,,deg1_dist16,spmv_stride_deg1_dist16_l2_ddr4_1x,top_accuracy,pf_accuracy,Prefetch accuracy,high_is_good,1.3856713295855667,0.984341433140784,0.984341433140784,0.2718365963217222,0.0156381070593129,0.0,1226826534.2650928,0.2222223841443292,0.5522859094933722,0.2291981603537015,5.85,40142.58,57634.58,52.766032,146629.0,144333.0,2293.0,0.0,9384256.0,0.007649,0.010599,0.492089,7649211798.0,11279581.0,11329130.0,22970606.0,2665936.0,4827094.0,386622.0,1686846.0,81007391187.0,30386.097486,30737095137.0,79501.671237,118810.0,25978.0,4.573485,0.0,0.0,,979280.0,1686656.0,0.349414,22575.360764,,386622.0,0.229198,79168.672098,57.35,0.0,0.0,4461644532.960022,13922480.22572012,4461636166.0,13922480.0,4475558646.0,19207.0,4461.602699,13.504136,3332.0,4767008.0,107.242665,117122.0,2.0,1773.0,4862761.0,,,,,,,,,,,,,,,,,146629.0,144333.0,2293.0,0.984341,0.271837,0.0,0.0,0.0,0.0,146629.0,0.0,0.0,0.0,0.0,52989.0,52172.0,,,,,9384256.0,1226826534.2650928,146629.0,72449.34,0.0,0.0,0.0,146629.0,0.0,0.0,0.0,
5,spmv,l2,ddr4_1x,Stride,stride,,deg1_dist16,spmv_stride_deg1_dist16_l2_ddr4_1x,low_late,pf_accuracy,Prefetch accuracy,high_is_good,1.3856713295855667,0.984341433140784,0.984341433140784,0.2718365963217222,0.0156381070593129,0.0,1226826534.2650928,0.2222223841443292,0.5522859094933722,0.2291981603537015,5.85,40142.58,57634.58,52.766032,146629.0,144333.0,2293.0,0.0,9384256.0,0.007649,0.010599,0.492089,7649211798.0,11279581.0,11329130.0,22970606.0,2665936.0,4827094.0,386622.0,1686846.0,81007391187.0,30386.097486,30737095137.0,79501.671237,118810.0,25978.0,4.573485,0.0,0.0,,979280.0,1686656.0,0.349414,22575.360764,,386622.0,0.229198,79168.672098,57.35,0.0,0.0,4461644532.960022,13922480.22572012,4461636166.0,13922480.0,4475558646.0,19207.0,4461.602699,13.504136,3332.0,4767008.0,107.242665,117122.0,2.0,1773.0,4862761.0,,,,,,,,,,,,,,,,,146629.0,144333.0,2293.0,0.984341,0.271837,0.0,0.0,0.0,0.0,146629.0,0.0,0.0,0.0,0.0,52989.0,52172.0,,,,,9384256.0,1226826534.2650928,146629.0,72449.34,0.0,0.0,0.0,146629.0,0.0,0.0,0.0,
6,spmv,l2,ddr4_1x,Stride,stride,,deg1_dist32,spmv_stride_deg1_dist32_l2_ddr4_1x,low_late,pf_accuracy,Prefetch accuracy,high_is_good,1.3951559826247204,0.9842000227486584,0.9842000227486584,0.1787779067539697,0.0157792966528451,0.0,814660105.925178,0.2240174018393924,0.6584568211787698,0.2592270448910186,5.35,31572.16,49064.16,73.365921,96709.0,95181.0,1526.0,0.0,6189376.0,0.007597,0.010599,0.495438,7597494900.0,11279581.0,11329130.0,22815300.0,3177789.0,4826116.0,437217.0,1686618.0,113669418132.0,35769.970294,31876237854.0,72907.132737,237248.0,55008.0,4.312973,0.0,0.0,,1491361.0,1686428.0,0.349438,23602.453816,,437217.0,0.259227,72574.133499,57.17,0.0,0.0,4497701472.626194,14017251.92339385,4497693049.0,14017252.0,4511710301.0,19207.0,4497.659353,13.537094,3332.0,4767008.0,117.786639,152348.0,2.0,1755.0,4861852.0,,,,,,,,,,,,,,,,,96709.0,95181.0,1526.0,0.9842,0.178778,0.0,0.0,0.0,0.0,96709.0,0.0,0.0,0.0,0.0,102909.0,95170.0,,,,,6189376.0,814660105.925178,96709.0,65503.66,0.0,0.0,0.0,96709.0,0.0,0.0,0.0,
7,spmv,l2,ddr4_1x,Stride,stride,,deg1_dist1,spmv_stride_deg1_dist1_l2_ddr4_1x,low_unused,pf_accuracy,Prefetch accuracy,high_is_good,1.388394026722557,0.9208577663326196,0.9208577663326196,0.3397714263909028,4.136804111983288e-05,1.034201027995822e-05,1621293338.0998292,0.2188763749799928,0.4552052719711726,0.2051193440714446,6.29,49417.19,66909.19,29.644673,193386.0,178081.0,8.0,2.0,12376576.0,0.007634,0.010599,0.493084,7633767258.0,11279581.0,11329130.0,22924226.0,2197569.0,4827644.0,346039.0,1687013.0,44214950790.0,20119.937435,29301483519.0,84676.824055,21977.0,3438.0,6.392379,56.0,3.0,18.666667,510746.0,1686823.0,0.349409,21346.241993,15290.0,330749.0,0.196056,87510.693263,57.4,0.0,0.0,4394227760.198764,13950648.00913269,4394219376.0,13950648.0,4408170024.0,19207.0,4394.185841,13.422468,3332.0,4767008.0,81.165262,72919.0,2.0,1757.0,4862267.0,,,,,,,,,,,,,,,,,193386.0,178081.0,8.0,0.920858,0.349981,2.0,1.0,1.0,0.0,193386.0,0.0,0.0,0.0,0.0,6232.0,5753.0,,,,,12376576.0,1621293338.0998292,193384.0,78127.91,0.0,0.0,0.0,193386.0,0.0,0.0,0.0,
8,spmv,l2,ddr4_1x,IMP,imp,stage3,s32_sth8_pt8,spmv_imp3_s32_sth8_pt8_l2_ddr4_1x,top_speedup,pf_accuracy,Prefetch accuracy,high_is_good,1.7738912133891214,0.5754395555850065,0.5754395555850065,0.3776968313081614,0.0464460053453493,0.3749613456143838,2424510582.731124,0.3033261595806599,0.4678036411437771,0.2035458554628224,6.87,34717.29,52209.29,28.651945,362184.0,208415.0,16822.0,135805.0,14486848.0,0.005975,0.010599,0.629956,5975163855.0,11279576.0,11329125.0,17943435.0,2258345.0,4827549.0,343390.0,1687040.0,42620217453.0,18872.323517,22050971368.0,64215.531518,44477.0,6028.0,7.378401,378900.0,15974.0,23.719795,571490.0,1686855.0,0.349423,17463.944857,1085.0,342305.0,0.202903,63982.816062,57.28,0.0,0.0,6091176222.647705,17823109.5555454,6091165512.0,17823110.0,6108988621.0,19207.0,6091.122668,17.159027,3332.0,4767008.0,72.62592,41400.0,2.0,1936.0,4862035.0,,,,,,,,,,,,,,,,,362184.0,208415.0,16822.0,0.57544,0.378441,135805.0,133526.0,2271.0,8.0,381916.0,9300.0,0.0,238.0,3573.0,10596900.0,0.0,,,,,14486848.0,2424510582.731124,226357.0,75489.07,3573.0,238.0,9300.0,381916.0,0.0093554603630117,0.0006231736821709,0.0243509043873521,stage3: s32_sth8_pt8
9,spmv,l2,ddr4_1x,IMP,imp,stage3,s32_sth8_pt8,spmv_imp3_s32_sth8_pt8_l2_ddr4_1x,top_coverage,pf_accuracy,Prefetch accuracy,high_is_good,1.7738912133891214,0.5754395555850065,0.5754395555850065,0.3776968313081614,0.0464460053453493,0.3749613456143838,2424510582.731124,0.3033261595806599,0.4678036411437771,0.2035458554628224,6.87,34717.29,52209.29,28.651945,362184.0,208415.0,16822.0,135805.0,14486848.0,0.005975,0.010599,0.629956,5975163855.0,11279576.0,11329125.0,17943435.0,2258345.0,4827549.0,343390.0,1687040.0,42620217453.0,18872.323517,22050971368.0,64215.531518,44477.0,6028.0,7.378401,378900.0,15974.0,23.719795,571490.0,1686855.0,0.349423,17463.944857,1085.0,342305.0,0.202903,63982.816062,57.28,0.0,0.0,6091176222.647705,17823109.5555454,6091165512.0,17823110.0,6108988621.0,19207.0,6091.122668,17.159027,3332.0,4767008.0,72.62592,41400.0,2.0,1936.0,4862035.0,,,,,,,,,,,,,,,,,362184.0,208415.0,16822.0,0.57544,0.378441,135805.0,133526.0,2271.0,8.0,381916.0,9300.0,0.0,238.0,3573.0,10596900.0,0.0,,,,,14486848.0,2424510582.731124,226357.0,75489.07,3573.0,238.0,9300.0,381916.0,0.0093554603630117,0.0006231736821709,0.0243509043873521,stage3: s32_sth8_pt8
10,spmv,l2,ddr4_1x,IMP,imp,stage3,s32_sth8,spmv_imp3_s32_sth8_l2_ddr4_1x,top_coverage,pf_accuracy,Prefetch accuracy,high_is_good,1.7738912133891214,0.5754395555850065,0.5754395555850065,0.3776968313081614,0.0464460053453493,0.3749613456143838,2424510582.731124,0.3033261595806599,0.4678036411437771,0.2035458554628224,6.87,34717.29,52209.29,28.651945,362184.0,208415.0,16822.0,135805.0,14486848.0,0.005975,0.010599,0.629956,5975163855.0,11279576.0,11329125.0,17943435.0,2258345.0,4827549.0,343390.0,1687040.0,42620217453.0,18872.323517,22050971368.0,64215.531518,44477.0,6028.0,7.378401,378900.0,15974.0,23.719795,571490.0,1686855.0,0.349423,17463.944857,1085.0,342305.0,0.202903,63982.816062,57.28,0.0,0.0,6091176222.647705,17823109.5555454,6091165512.0,17823110.0,6108988621.0,19207.0,6091.122668,17.159027,3332.0,4767008.0,72.62592,41400.0,2.0,1936.0,4862035.0,,,,,,,,,,,,,,,,,362184.0,208415.0,16822.0,0.57544,0.378441,135805.0,133526.0,2271.0,8.0,381916.0,9300.0,0.0,238.0,3573.0,10596900.0,0.0,,,,,14486848.0,2424510582.731124,226357.0,75489.07,3573.0,238.0,9300.0,381916.0,0.0093554603630117,0.0006231736821709,0.0243509043873521,stage3: s32_sth8
11,spmv,l2,ddr4_1x,IMP,imp,stage3,s32_sth8,spmv_imp3_s32_sth8_l2_ddr4_1x,top_accuracy,pf_accuracy,Prefetch accuracy,high_is_good,1.7738912133891214,0.5754395555850065,0.5754395555850065,0.3776968313081614,0.0464460053453493,0.3749613456143838,2424510582.731124,0.3033261595806599,0.4678036411437771,0.2035458554628224,6.87,34717.29,52209.29,28.651945,362184.0,208415.0,16822.0,135805.0,14486848.0,0.005975,0.010599,0.629956,5975163855.0,11279576.0,11329125.0,17943435.0,2258345.0,4827549.0,343390.0,1687040.0,42620217453.0,18872.323517,22050971368.0,64215.531518,44477.0,6028.0,7.378401,378900.0,15974.0,23.719795,571490.0,1686855.0,0.349423,17463.944857,1085.0,342305.0,0.202903,63982.816062,57.28,0.0,0.0,6091176222.647705,17823109.5555454,6091165512.0,17823110.0,6108988621.0,19207.0,6091.122668,17.159027,3332.0,4767008.0,72.62592,41400.0,2.0,1936.0,4862035.0,,,,,,,,,,,,,,,,,362184.0,208415.0,16822.0,0.57544,0.378441,135805.0,133526.0,2271.0,8.0,381916.0,9300.0,0.0,238.0,3573.0,10596900.0,0.0,,,,,14486848.0,2424510582.731124,226357.0,75489.07,3573.0,238.0,9300.0,381916.0,0.0093554603630117,0.0006231736821709,0.0243509043873521,stage3: s32_sth8
12,spmv,l2,ddr4_1x,IMP,imp,stage3,s32_sth8_pt8,spmv_imp3_s32_sth8_pt8_l2_ddr4_1x,top_accuracy,pf_accuracy,Prefetch accuracy,high_is_good,1.7738912133891214,0.5754395555850065,0.5754395555850065,0.3776968313081614,0.0464460053453493,0.3749613456143838,2424510582.731124,0.3033261595806599,0.4678036411437771,0.2035458554628224,6.87,34717.29,52209.29,28.651945,362184.0,208415.0,16822.0,135805.0,14486848.0,0.005975,0.010599,0.629956,5975163855.0,11279576.0,11329125.0,17943435.0,2258345.0,4827549.0,343390.0,1687040.0,42620217453.0,18872.323517,22050971368.0,64215.531518,44477.0,6028.0,7.378401,378900.0,15974.0,23.719795,571490.0,1686855.0,0.349423,17463.944857,1085.0,342305.0,0.202903,63982.816062,57.28,0.0,0.0,6091176222.647705,17823109.5555454,6091165512.0,17823110.0,6108988621.0,19207.0,6091.122668,17.159027,3332.0,4767008.0,72.62592,41400.0,2.0,1936.0,4862035.0,,,,,,,,,,,,,,,,,362184.0,208415.0,16822.0,0.57544,0.378441,135805.0,133526.0,2271.0,8.0,381916.0,9300.0,0.0,238.0,3573.0,10596900.0,0.0,,,,,14486848.0,2424510582.731124,226357.0,75489.07,3573.0,238.0,9300.0,381916.0,0.0093554603630117,0.0006231736821709,0.0243509043873521,stage3: s32_sth8_pt8
13,spmv,l2,ddr4_1x,IMP,imp,stage3,s32_sth8,spmv_imp3_s32_sth8_l2_ddr4_1x,low_late,pf_accuracy,Prefetch accuracy,high_is_good,1.7738912133891214,0.5754395555850065,0.5754395555850065,0.3776968313081614,0.0464460053453493,0.3749613456143838,2424510582.731124,0.3033261595806599,0.4678036411437771,0.2035458554628224,6.87,34717.29,52209.29,28.651945,362184.0,208415.0,16822.0,135805.0,14486848.0,0.005975,0.010599,0.629956,5975163855.0,11279576.0,11329125.0,17943435.0,2258345.0,4827549.0,343390.0,1687040.0,42620217453.0,18872.323517,22050971368.0,64215.531518,44477.0,6028.0,7.378401,378900.0,15974.0,23.719795,571490.0,1686855.0,0.349423,17463.944857,1085.0,342305.0,0.202903,63982.816062,57.28,0.0,0.0,6091176222.647705,17823109.5555454,6091165512.0,17823110.0,6108988621.0,19207.0,6091.122668,17.159027,3332.0,4767008.0,72.62592,41400.0,2.0,1936.0,4862035.0,,,,,,,,,,,,,,,,,362184.0,208415.0,16822.0,0.57544,0.378441,135805.0,133526.0,2271.0,8.0,381916.0,9300.0,0.0,238.0,3573.0,10596900.0,0.0,,,,,14486848.0,2424510582.731124,226357.0,75489.07,3573.0,238.0,9300.0,381916.0,0.0093554603630117,0.0006231736821709,0.0243509043873521,stage3: s32_sth8
14,spmv,l2,ddr4_1x,IMP,imp,stage3,s32_sth8_pt8,spmv_imp3_s32_sth8_pt8_l2_ddr4_1x,low_late,pf_accuracy,Prefetch accuracy,high_is_good,1.7738912133891214,0.5754395555850065,0.5754395555850065,0.3776968313081614,0.0464460053453493,0.3749613456143838,2424510582.731124,0.3033261595806599,0.4678036411437771,0.2035458554628224,6.87,34717.29,52209.29,28.651945,362184.0,208415.0,16822.0,135805.0,14486848.0,0.005975,0.010599,0.629956,5975163855.0,11279576.0,11329125.0,17943435.0,2258345.0,4827549.0,343390.0,1687040.0,42620217453.0,18872.323517,22050971368.0,64215.531518,44477.0,6028.0,7.378401,378900.0,15974.0,23.719795,571490.0,1686855.0,0.349423,17463.944857,1085.0,342305.0,0.202903,63982.816062,57.28,0.0,0.0,6091176222.647705,17823109.5555454,6091165512.0,17823110.0,6108988621.0,19207.0,6091.122668,17.159027,3332.0,4767008.0,72.62592,41400.0,2.0,1936.0,4862035.0,,,,,,,,,,,,,,,,,362184.0,208415.0,16822.0,0.57544,0.378441,135805.0,133526.0,2271.0,8.0,381916.0,9300.0,0.0,238.0,3573.0,10596900.0,0.0,,,,,14486848.0,2424510582.731124,226357.0,75489.07,3573.0,238.0,9300.0,381916.0,0.0093554603630117,0.0006231736821709,0.0243509043873521,stage3: s32_sth8_pt8
15,spmv,l2,ddr4_1x,IMP,imp,stage3,s32_sth2_pt8,spmv_imp3_s32_sth2_pt8_l2_ddr4_1x,top_speedup,pf_accuracy,Prefetch accuracy,high_is_good,1.7738912133891214,0.5751398737478988,0.5751398737478988,0.3776041289125361,0.0465730586738284,0.3751818289717382,2424290703.1240425,0.3033456181712728,0.4677975974453178,0.2035810799195984,6.86,34712.75,52204.75,28.639881,362291.0,208368.0,16873.0,135925.0,14485824.0,0.005975,0.010599,0.629943,5975283402.0,11279576.0,11329125.0,17943794.0,2258306.0,4827528.0,343448.0,1687033.0,42600424266.0,18863.884817,22051272120.0,64205.562764,46123.0,6098.0,7.563627,383781.0,15936.0,24.082643,571458.0,1686848.0,0.349423,17468.390741,1082.0,342366.0,0.20294,63971.390012,57.33,0.0,0.0,6091568474.86378,17822752.97006908,6091557764.0,17822753.0,6109380517.0,19207.0,6091.514921,17.158684,3332.0,4767008.0,72.441296,41358.0,2.0,1936.0,4861970.0,,,,,,,,,,,,,,,,,362291.0,208368.0,16873.0,0.57514,0.378346,135925.0,133627.0,2288.0,10.0,382301.0,9366.0,0.0,241.0,3794.0,10599331.0,0.0,,,,,14485824.0,2424290703.1240425,226341.0,75501.66,3794.0,241.0,9366.0,382301.0,0.0099241173839461,0.0006303933288168,0.0244990204053873,stage3: s32_sth2_pt8
16,spmv,l2,ddr4_1x,IMP,imp,stage3,s32_sth2,spmv_imp3_s32_sth2_l2_ddr4_1x,top_speedup,pf_accuracy,Prefetch accuracy,high_is_good,1.7738912133891214,0.5751398737478988,0.5751398737478988,0.3776041289125361,0.0465730586738284,0.3751818289717382,2424290703.1240425,0.3033456181712728,0.4677975974453178,0.2035810799195984,6.86,34712.75,52204.75,28.639881,362291.0,208368.0,16873.0,135925.0,14485824.0,0.005975,0.010599,0.629943,5975283402.0,11279576.0,11329125.0,17943794.0,2258306.0,4827528.0,343448.0,1687033.0,42600424266.0,18863.884817,22051272120.0,64205.562764,46123.0,6098.0,7.563627,383781.0,15936.0,24.082643,571458.0,1686848.0,0.349423,17468.390741,1082.0,342366.0,0.20294,63971.390012,57.33,0.0,0.0,6091568474.86378,17822752.97006908,6091557764.0,17822753.0,6109380517.0,19207.0,6091.514921,17.158684,3332.0,4767008.0,72.441296,41358.0,2.0,1936.0,4861970.0,,,,,,,,,,,,,,,,,362291.0,208368.0,16873.0,0.57514,0.378346,135925.0,133627.0,2288.0,10.0,382301.0,9366.0,0.0,241.0,3794.0,10599331.0,0.0,,,,,14485824.0,2424290703.1240425,226341.0,75501.66,3794.0,241.0,9366.0,382301.0,0.0099241173839461,0.0006303933288168,0.0244990204053873,stage3: s32_sth2
17,spmv,l2,ddr4_1x,IMP,imp,stage3,s32_sth2_pt8,spmv_imp3_s32_sth2_pt8_l2_ddr4_1x,top_coverage,pf_accuracy,Prefetch accuracy,high_is_good,1.7738912133891214,0.5751398737478988,0.5751398737478988,0.3776041289125361,0.0465730586738284,0.3751818289717382,2424290703.1240425,0.3033456181712728,0.4677975974453178,0.2035810799195984,6.86,34712.75,52204.75,28.639881,362291.0,208368.0,16873.0,135925.0,14485824.0,0.005975,0.010599,0.629943,5975283402.0,11279576.0,11329125.0,17943794.0,2258306.0,4827528.0,343448.0,1687033.0,42600424266.0,18863.884817,22051272120.0,64205.562764,46123.0,6098.0,7.563627,383781.0,15936.0,24.082643,571458.0,1686848.0,0.349423,17468.390741,1082.0,342366.0,0.20294,63971.390012,57.33,0.0,0.0,6091568474.86378,17822752.97006908,6091557764.0,17822753.0,6109380517.0,19207.0,6091.514921,17.158684,3332.0,4767008.0,72.441296,41358.0,2.0,1936.0,4861970.0,,,,,,,,,,,,,,,,,362291.0,208368.0,16873.0,0.57514,0.378346,135925.0,133627.0,2288.0,10.0,382301.0,9366.0,0.0,241.0,3794.0,10599331.0,0.0,,,,,14485824.0,2424290703.1240425,226341.0,75501.66,3794.0,241.0,9366.0,382301.0,0.0099241173839461,0.0006303933288168,0.0244990204053873,stage3: s32_sth2_pt8
18,spmv,l2,ddr4_1x,IMP,imp,stage3,s32_sth2,spmv_imp3_s32_sth2_l2_ddr4_1x,top_accuracy,pf_accuracy,Prefetch accuracy,high_is_good,1.7738912133891214,0.5751398737478988,0.5751398737478988,0.3776041289125361,0.0465730586738284,0.3751818289717382,2424290703.1240425,0.3033456181712728,0.4677975974453178,0.2035810799195984,6.86,34712.75,52204.75,28.639881,362291.0,208368.0,16873.0,135925.0,14485824.0,0.005975,0.010599,0.629943,5975283402.0,11279576.0,11329125.0,17943794.0,2258306.0,4827528.0,343448.0,1687033.0,42600424266.0,18863.884817,22051272120.0,64205.562764,46123.0,6098.0,7.563627,383781.0,15936.0,24.082643,571458.0,1686848.0,0.349423,17468.390741,1082.0,342366.0,0.20294,63971.390012,57.33,0.0,0.0,6091568474.86378,17822752.97006908,6091557764.0,17822753.0,6109380517.0,19207.0,6091.514921,17.158684,3332.0,4767008.0,72.441296,41358.0,2.0,1936.0,4861970.0,,,,,,,,,,,,,,,,,362291.0,208368.0,16873.0,0.57514,0.378346,135925.0,133627.0,2288.0,10.0,382301.0,9366.0,0.0,241.0,3794.0,10599331.0,0.0,,,,,14485824.0,2424290703.1240425,226341.0,75501.66,3794.0,241.0,9366.0,382301.0,0.0099241173839461,0.0006303933288168,0.0244990204053873,stage3: s32_sth2
19,spmv,l2,ddr4_1x,IMP,imp,stage3,s32_sth2,spmv_imp3_s32_sth2_l2_ddr4_1x,low_late,pf_accuracy,Prefetch accuracy,high_is_good,1.7738912133891214,0.5751398737478988,0.5751398737478988,0.3776041289125361,0.0465730586738284,0.3751818289717382,2424290703.1240425,0.3033456181712728,0.4677975974453178,0.2035810799195984,6.86,34712.75,52204.75,28.639881,362291.0,208368.0,16873.0,135925.0,14485824.0,0.005975,0.010599,0.629943,5975283402.0,11279576.0,11329125.0,17943794.0,2258306.0,4827528.0,343448.0,1687033.0,42600424266.0,18863.884817,22051272120.0,64205.562764,46123.0,6098.0,7.563627,383781.0,15936.0,24.082643,571458.0,1686848.0,0.349423,17468.390741,1082.0,342366.0,0.20294,63971.390012,57.33,0.0,0.0,6091568474.86378,17822752.97006908,6091557764.0,17822753.0,6109380517.0,19207.0,6091.514921,17.158684,3332.0,4767008.0,72.441296,41358.0,2.0,1936.0,4861970.0,,,,,,,,,,,,,,,,,362291.0,208368.0,16873.0,0.57514,0.378346,135925.0,133627.0,2288.0,10.0,382301.0,9366.0,0.0,241.0,3794.0,10599331.0,0.0,,,,,14485824.0,2424290703.1240425,226341.0,75501.66,3794.0,241.0,9366.0,382301.0,0.0099241173839461,0.0006303933288168,0.0244990204053873,stage3: s32_sth2
20,spmv,l2,ddr4_1x,IMP,imp,stage1,default,spmv_imp_default_l2_ddr4_1x,default,pf_accuracy,Prefetch accuracy,high_is_good,1.5363096100884188,0.4920901605256591,0.4920901605256591,0.2766622461061346,0.0169641520419196,0.4815902852865341,1445474744.1048207,0.2493841624392769,0.573377358291214,0.2292550971529928,5.63,25812.25,43304.25,53.506138,300575.0,147910.0,5099.0,144754.0,9972160.0,0.006899,0.010599,0.545609,6898882212.0,11279576.0,11329125.0,20717364.0,2767669.0,4826959.0,386713.0,1686824.0,82312615323.0,29740.772948,25511205660.0,65969.351069,148441.0,34354.0,4.320923,7403.0,480.0,15.422917,1081030.0,1686639.0,0.349421,19712.030241,2786.0,383927.0,0.227603,65925.187012,57.26,0.0,0.0,5007169413.606448,15436703.61769035,5007160137.0,15436704.0,5022596840.0,19207.0,5007.123029,14.842984,3332.0,4767008.0,100.02579,80968.0,2.0,1689.0,4861171.0,,,,,,,,,,,,,,,,,300575.0,147910.0,5099.0,0.49209,0.278112,144754.0,131897.0,12853.0,4.0,301653.0,135.0,0.0,94.0,123.0,1244051.0,0.0,,,,,9972160.0,1445474744.1048207,155815.0,54447.52,123.0,94.0,135.0,301653.0,0.0004077532794303,0.0003116163273695,0.0004475340871796,IMP default
21,spmv,l2,ddr4_1x,AMPM,ampm,stage1,hz8k,spmv_ampm_hz8k_l2_ddr4_1x,top_accuracy,pf_accuracy,Prefetch accuracy,high_is_good,1.378283485045514,0.44265887329284,0.44265887329284,0.3427294216325441,0.0025359651563311,0.5139367289004005,1642862989.243274,0.2177998239955444,0.4522484588509421,0.204373881189762,6.29,49357.16,66849.16,28.294658,406157.0,179789.0,1030.0,208739.0,12634240.0,0.00769,0.010599,0.489454,7690379589.0,11279581.0,11329130.0,23094233.0,2183333.0,4827729.0,344791.0,1687060.0,42049479429.0,19259.306496,29140390607.0,84516.099919,22227.0,3845.0,5.780754,8049.0,455.0,17.69011,496464.0,1686869.0,0.349413,21275.687942,16779.0,328012.0,0.194428,87579.452285,57.4,0.0,0.0,4372648659.38466,13847951.03642575,4372640337.0,13847951.0,4386488288.0,19207.0,4372.590405,13.373592,3332.0,4767008.0,78.830617,69495.0,2.0,1774.0,4863993.0,,,,,,,,,,,,,,,,,406157.0,179789.0,1030.0,0.442659,0.354054,208739.0,72392.0,136347.0,0.0,406391.0,150.0,0.0,50.0,32.0,19941.0,9062.0,,,,,12634240.0,1642862989.243274,197414.0,77550.22,32.0,50.0,150.0,406391.0,7.87419012724199e-05,0.0001230342207381,0.0003691026622144,
22,spmv,l2,ddr4_1x,AMPM,ampm,stage1,hz8k,spmv_ampm_hz8k_l2_ddr4_1x,low_unused,pf_accuracy,Prefetch accuracy,high_is_good,1.378283485045514,0.44265887329284,0.44265887329284,0.3427294216325441,0.0025359651563311,0.5139367289004005,1642862989.243274,0.2177998239955444,0.4522484588509421,0.204373881189762,6.29,49357.16,66849.16,28.294658,406157.0,179789.0,1030.0,208739.0,12634240.0,0.00769,0.010599,0.489454,7690379589.0,11279581.0,11329130.0,23094233.0,2183333.0,4827729.0,344791.0,1687060.0,42049479429.0,19259.306496,29140390607.0,84516.099919,22227.0,3845.0,5.780754,8049.0,455.0,17.69011,496464.0,1686869.0,0.349413,21275.687942,16779.0,328012.0,0.194428,87579.452285,57.4,0.0,0.0,4372648659.38466,13847951.03642575,4372640337.0,13847951.0,4386488288.0,19207.0,4372.590405,13.373592,3332.0,4767008.0,78.830617,69495.0,2.0,1774.0,4863993.0,,,,,,,,,,,,,,,,,406157.0,179789.0,1030.0,0.442659,0.354054,208739.0,72392.0,136347.0,0.0,406391.0,150.0,0.0,50.0,32.0,19941.0,9062.0,,,,,12634240.0,1642862989.243274,197414.0,77550.22,32.0,50.0,150.0,406391.0,7.87419012724199e-05,0.0001230342207381,0.0003691026622144,
23,spmv,l2,ddr4_1x,AMPM,ampm,stage1,hz8k,spmv_ampm_hz8k_l2_ddr4_1x,low_late,pf_accuracy,Prefetch accuracy,high_is_good,1.378283485045514,0.44265887329284,0.44265887329284,0.3427294216325441,0.0025359651563311,0.5139367289004005,1642862989.243274,0.2177998239955444,0.4522484588509421,0.204373881189762,6.29,49357.16,66849.16,28.294658,406157.0,179789.0,1030.0,208739.0,12634240.0,0.00769,0.010599,0.489454,7690379589.0,11279581.0,11329130.0,23094233.0,2183333.0,4827729.0,344791.0,1687060.0,42049479429.0,19259.306496,29140390607.0,84516.099919,22227.0,3845.0,5.780754,8049.0,455.0,17.69011,496464.0,1686869.0,0.349413,21275.687942,16779.0,328012.0,0.194428,87579.452285,57.4,0.0,0.0,4372648659.38466,13847951.03642575,4372640337.0,13847951.0,4386488288.0,19207.0,4372.590405,13.373592,3332.0,4767008.0,78.830617,69495.0,2.0,1774.0,4863993.0,,,,,,,,,,,,,,,,,406157.0,179789.0,1030.0,0.442659,0.354054,208739.0,72392.0,136347.0,0.0,406391.0,150.0,0.0,50.0,32.0,19941.0,9062.0,,,,,12634240.0,1642862989.243274,197414.0,77550.22,32.0,50.0,150.0,406391.0,7.87419012724199e-05,0.0001230342207381,0.0003691026622144,
24,spmv,l2,ddr4_1x,AMPM,ampm,stage1,hz4k,spmv_ampm_hz4k_l2_ddr4_1x,top_accuracy,pf_accuracy,Prefetch accuracy,high_is_good,1.3773879142300196,0.3702347807711842,0.3702347807711842,0.3724488368840613,0.0129920924145754,0.5846775239952399,1863349724.082728,0.2249688563443933,0.453018144263872,0.199478394878786,6.51,49376.15,66868.15,28.010812,539482.0,199735.0,7009.0,315423.0,14339328.0,0.007695,0.010599,0.489131,7695457173.0,11279576.0,11329125.0,23109481.0,2187134.0,4827917.0,336540.0,1687100.0,41594185512.0,19017.666733,28611398691.0,85016.338893,21818.0,3931.0,5.550242,8626.0,652.0,13.230061,500223.0,1686911.0,0.349408,20992.575549,17461.0,319079.0,0.189129,88290.020265,57.52,0.0,0.0,4517042096.207115,13838813.93994992,4517033780.0,13838814.0,4530872594.0,19207.0,4516.98388,13.323185,3332.0,4767008.0,78.393075,71266.0,2.0,1716.0,4864214.0,,,,,,,,,,,,,,,,,539482.0,199735.0,7009.0,0.370235,0.384984,315423.0,178496.0,136916.0,11.0,540348.0,262.0,0.0,116.0,471.0,43938.0,11865.0,,,,,14339328.0,1863349724.082728,224056.0,75055.73,471.0,116.0,262.0,540348.0,0.0008716604854649,0.0002146764677578,0.0004848727116598,
25,spmv,l2,ddr4_1x,AMPM,ampm,stage1,hz4k,spmv_ampm_hz4k_l2_ddr4_1x,low_unused,pf_accuracy,Prefetch accuracy,high_is_good,1.3773879142300196,0.3702347807711842,0.3702347807711842,0.3724488368840613,0.0129920924145754,0.5846775239952399,1863349724.082728,0.2249688563443933,0.453018144263872,0.199478394878786,6.51,49376.15,66868.15,28.010812,539482.0,199735.0,7009.0,315423.0,14339328.0,0.007695,0.010599,0.489131,7695457173.0,11279576.0,11329125.0,23109481.0,2187134.0,4827917.0,336540.0,1687100.0,41594185512.0,19017.666733,28611398691.0,85016.338893,21818.0,3931.0,5.550242,8626.0,652.0,13.230061,500223.0,1686911.0,0.349408,20992.575549,17461.0,319079.0,0.189129,88290.020265,57.52,0.0,0.0,4517042096.207115,13838813.93994992,4517033780.0,13838814.0,4530872594.0,19207.0,4516.98388,13.323185,3332.0,4767008.0,78.393075,71266.0,2.0,1716.0,4864214.0,,,,,,,,,,,,,,,,,539482.0,199735.0,7009.0,0.370235,0.384984,315423.0,178496.0,136916.0,11.0,540348.0,262.0,0.0,116.0,471.0,43938.0,11865.0,,,,,14339328.0,1863349724.082728,224056.0,75055.73,471.0,116.0,262.0,540348.0,0.0008716604854649,0.0002146764677578,0.0004848727116598,
26,spmv,l2,ddr4_1x,AMPM,ampm,stage1,hz2k,spmv_ampm_hz2k_l2_ddr4_1x,top_accuracy,pf_accuracy,Prefetch accuracy,high_is_good,1.3777460028597428,0.3274089104889762,0.3274089104889762,0.3967068086484231,0.0196061557229411,0.6258358584600426,2061506702.820789,0.2318141689688819,0.4538096285589888,0.1954700935249709,6.71,49303.85,66795.85,27.762957,662343.0,216857.0,12986.0,414518.0,15859968.0,0.007693,0.010599,0.489263,7693386579.0,11279576.0,11329125.0,23103263.0,2190923.0,4827846.0,329786.0,1687143.0,41206478607.0,18807.816891,28094770834.0,85190.914211,20686.0,3851.0,5.371592,11219.0,651.0,17.233487,503967.0,1686956.0,0.349422,20712.588709,18048.0,311738.0,0.184773,88643.490768,57.36,0.0,0.0,4654902965.327774,13842538.51102365,4654894646.0,13842539.0,4668737185.0,19207.0,4654.844733,13.393322,3332.0,4767008.0,77.620869,72493.0,2.0,1741.0,4864245.0,,,,,,,,,,,,,,,,,662343.0,216857.0,12986.0,0.327409,0.410252,414518.0,277177.0,137323.0,18.0,663314.0,313.0,0.0,161.0,455.0,37002.0,12416.0,,,,,15859968.0,2061506702.820789,247816.0,73495.59,455.0,161.0,313.0,663314.0,0.0006859496407432,0.0002427206421091,0.0004718730495662,
27,spmv,l2,ddr4_1x,Stride,stride,,deg4_dist1,spmv_stride_deg4_dist1_l2_ddr4_1x,top_coverage,pf_accuracy,Prefetch accuracy,high_is_good,1.4118822432396432,0.2550884416465301,0.2550884416465301,0.3655192836655005,0.0011340031370554,0.7437616579761753,1649035642.3912373,0.2240724972734696,0.4511134085237692,0.1981225070937981,6.29,47235.18,64727.18,29.254005,754848.0,192553.0,856.0,561427.0,12378944.0,0.007507,0.010599,0.501425,7506777708.0,11279576.0,11329125.0,22542876.0,2177819.0,4827653.0,334240.0,1687037.0,43583125581.0,20012.280902,28671982649.0,85782.619223,21719.0,3200.0,6.787187,177.0,5.0,35.4,490967.0,1686852.0,0.349415,21007.615442,,334240.0,0.198123,85449.620219,57.31,0.0,0.0,4498641802.595388,14186646.27387419,4498633277.0,14186646.0,4512819923.0,19207.0,4498.599174,13.743314,3332.0,4767008.0,81.311818,72750.0,2.0,1763.0,4862679.0,,,,,,,,,,,,,,,,,754848.0,192553.0,856.0,0.255088,0.365519,561427.0,416808.0,144619.0,0.0,754848.0,0.0,0.0,0.0,0.0,43624.0,43449.0,,,,,12378944.0,1649035642.3912373,193421.0,75865.15,0.0,0.0,0.0,754848.0,0.0,0.0,0.0,
28,spmv,l2,ddr4_1x,Stride,stride,,deg4_dist1,spmv_stride_deg4_dist1_l2_ddr4_1x,low_unused,pf_accuracy,Prefetch accuracy,high_is_good,1.4118822432396432,0.2550884416465301,0.2550884416465301,0.3655192836655005,0.0011340031370554,0.7437616579761753,1649035642.3912373,0.2240724972734696,0.4511134085237692,0.1981225070937981,6.29,47235.18,64727.18,29.254005,754848.0,192553.0,856.0,561427.0,12378944.0,0.007507,0.010599,0.501425,7506777708.0,11279576.0,11329125.0,22542876.0,2177819.0,4827653.0,334240.0,1687037.0,43583125581.0,20012.280902,28671982649.0,85782.619223,21719.0,3200.0,6.787187,177.0,5.0,35.4,490967.0,1686852.0,0.349415,21007.615442,,334240.0,0.198123,85449.620219,57.31,0.0,0.0,4498641802.595388,14186646.27387419,4498633277.0,14186646.0,4512819923.0,19207.0,4498.599174,13.743314,3332.0,4767008.0,81.311818,72750.0,2.0,1763.0,4862679.0,,,,,,,,,,,,,,,,,754848.0,192553.0,856.0,0.255088,0.365519,561427.0,416808.0,144619.0,0.0,754848.0,0.0,0.0,0.0,0.0,43624.0,43449.0,,,,,12378944.0,1649035642.3912373,193421.0,75865.15,0.0,0.0,0.0,754848.0,0.0,0.0,0.0,
29,spmv,l2,ddr4_1x,Stride,stride,,default,spmv_stride_default_l2_ddr4_1x,default,pf_accuracy,Prefetch accuracy,high_is_good,1.4096289400186195,0.2532633400754843,0.2532633400754843,0.3695283442227681,0.0002932314364951,0.7438343203286277,1673002024.5453742,0.2230519699257156,0.445281696311224,0.1965350880572747,6.33,48121.98,65613.98,27.776219,767312.0,194332.0,225.0,570753.0,12579776.0,0.007519,0.010599,0.500592,7519283190.0,11279581.0,11329130.0,22580430.0,2149686.0,4827699.0,331560.0,1687027.0,41220077661.0,19174.929576,28581394661.0,86202.782787,20647.0,3060.0,6.747386,193.0,6.0,32.166667,462849.0,1686837.0,0.349408,20945.883533,1991.0,329569.0,0.195355,86205.590341,57.4,0.0,0.0,4478111962.158989,14163052.15657132,4478103451.0,14163052.0,4492266503.0,19207.0,4478.069405,13.652365,3332.0,4767008.0,78.672042,69453.0,2.0,1817.0,4862301.0,,,,,,,,,,,,,,,,,767312.0,194332.0,225.0,0.253263,0.370933,570753.0,420829.0,149924.0,0.0,767312.0,0.0,0.0,0.0,0.0,31160.0,31142.0,,,,,12579776.0,1673002024.5453742,196559.0,76641.84,0.0,0.0,0.0,767312.0,0.0,0.0,0.0,
30,spmv,l2,ddr4_1x,Stride,stride,,default,spmv_stride_default_l2_ddr4_1x,top_coverage,pf_accuracy,Prefetch accuracy,high_is_good,1.4096289400186195,0.2532633400754843,0.2532633400754843,0.3695283442227681,0.0002932314364951,0.7438343203286277,1673002024.5453742,0.2230519699257156,0.445281696311224,0.1965350880572747,6.33,48121.98,65613.98,27.776219,767312.0,194332.0,225.0,570753.0,12579776.0,0.007519,0.010599,0.500592,7519283190.0,11279581.0,11329130.0,22580430.0,2149686.0,4827699.0,331560.0,1687027.0,41220077661.0,19174.929576,28581394661.0,86202.782787,20647.0,3060.0,6.747386,193.0,6.0,32.166667,462849.0,1686837.0,0.349408,20945.883533,1991.0,329569.0,0.195355,86205.590341,57.4,0.0,0.0,4478111962.158989,14163052.15657132,4478103451.0,14163052.0,4492266503.0,19207.0,4478.069405,13.652365,3332.0,4767008.0,78.672042,69453.0,2.0,1817.0,4862301.0,,,,,,,,,,,,,,,,,767312.0,194332.0,225.0,0.253263,0.370933,570753.0,420829.0,149924.0,0.0,767312.0,0.0,0.0,0.0,0.0,31160.0,31142.0,,,,,12579776.0,1673002024.5453742,196559.0,76641.84,0.0,0.0,0.0,767312.0,0.0,0.0,0.0,
31,spmv,l2,ddr4_1x,Stride,stride,,default,spmv_stride_default_l2_ddr4_1x,low_unused,pf_accuracy,Prefetch accuracy,high_is_good,1.4096289400186195,0.2532633400754843,0.2532633400754843,0.3695283442227681,0.0002932314364951,0.7438343203286277,1673002024.5453742,0.2230519699257156,0.445281696311224,0.1965350880572747,6.33,48121.98,65613.98,27.776219,767312.0,194332.0,225.0,570753.0,12579776.0,0.007519,0.010599,0.500592,7519283190.0,11279581.0,11329130.0,22580430.0,2149686.0,4827699.0,331560.0,1687027.0,41220077661.0,19174.929576,28581394661.0,86202.782787,20647.0,3060.0,6.747386,193.0,6.0,32.166667,462849.0,1686837.0,0.349408,20945.883533,1991.0,329569.0,0.195355,86205.590341,57.4,0.0,0.0,4478111962.158989,14163052.15657132,4478103451.0,14163052.0,4492266503.0,19207.0,4478.069405,13.652365,3332.0,4767008.0,78.672042,69453.0,2.0,1817.0,4862301.0,,,,,,,,,,,,,,,,,767312.0,194332.0,225.0,0.253263,0.370933,570753.0,420829.0,149924.0,0.0,767312.0,0.0,0.0,0.0,0.0,31160.0,31142.0,,,,,12579776.0,1673002024.5453742,196559.0,76641.84,0.0,0.0,0.0,767312.0,0.0,0.0,0.0,
32,spmv,l2,ddr4_1x,Next-line,nextline,,default,spmv_nextline_default_l2_ddr4_1x,default,pf_accuracy,Prefetch accuracy,high_is_good,1.3842235862609378,0.2524042429349573,0.2524042429349573,0.4918437963420662,0.0358642677809728,0.6905168144975632,2976922511.93779,0.2630511051153549,0.456303572541942,0.1779188703322939,7.69,50127.76,67619.76,26.835726,1151090.0,290540.0,41283.0,794847.0,22794944.0,0.007657,0.010599,0.491574,7657217784.0,11279576.0,11329125.0,22994648.0,2202889.0,4827683.0,300176.0,1687151.0,39744938943.0,18042.188664,25874038593.0,86196.226857,19854.0,3582.0,5.542714,13349.0,903.0,14.782946,515925.0,1686964.0,0.349436,19488.354191,24219.0,275957.0,0.163564,91151.218784,57.47,0.0,0.0,5283949489.401123,13907923.6093463,5283941131.0,13907924.0,5297849055.0,19207.0,5283.907699,13.38972,3332.0,4767008.0,76.754092,76737.0,2.0,1785.0,4862746.0,,,,,,,,,,,,,,,,,1151090.0,290540.0,41283.0,0.252404,0.512871,794847.0,654908.0,139906.0,33.0,1153468.0,113.0,0.0,616.0,1316.0,27964.0,14285.0,,,,,22794944.0,2976922511.93779,356171.0,70458.06,1316.0,616.0,113.0,1153468.0,0.0011409072466683,0.0005340416899298,9.796543987349454e-05,
33,spmv,l2,ddr4_1x,Next-line,nextline,,default,spmv_nextline_default_l2_ddr4_1x,top_speedup,pf_accuracy,Prefetch accuracy,high_is_good,1.3842235862609378,0.2524042429349573,0.2524042429349573,0.4918437963420662,0.0358642677809728,0.6905168144975632,2976922511.93779,0.2630511051153549,0.456303572541942,0.1779188703322939,7.69,50127.76,67619.76,26.835726,1151090.0,290540.0,41283.0,794847.0,22794944.0,0.007657,0.010599,0.491574,7657217784.0,11279576.0,11329125.0,22994648.0,2202889.0,4827683.0,300176.0,1687151.0,39744938943.0,18042.188664,25874038593.0,86196.226857,19854.0,3582.0,5.542714,13349.0,903.0,14.782946,515925.0,1686964.0,0.349436,19488.354191,24219.0,275957.0,0.163564,91151.218784,57.47,0.0,0.0,5283949489.401123,13907923.6093463,5283941131.0,13907924.0,5297849055.0,19207.0,5283.907699,13.38972,3332.0,4767008.0,76.754092,76737.0,2.0,1785.0,4862746.0,,,,,,,,,,,,,,,,,1151090.0,290540.0,41283.0,0.252404,0.512871,794847.0,654908.0,139906.0,33.0,1153468.0,113.0,0.0,616.0,1316.0,27964.0,14285.0,,,,,22794944.0,2976922511.93779,356171.0,70458.06,1316.0,616.0,113.0,1153468.0,0.0011409072466683,0.0005340416899298,9.796543987349454e-05,
34,spmv,l2,ddr4_1x,Next-line,nextline,,default,spmv_nextline_default_l2_ddr4_1x,top_accuracy,pf_accuracy,Prefetch accuracy,high_is_good,1.3842235862609378,0.2524042429349573,0.2524042429349573,0.4918437963420662,0.0358642677809728,0.6905168144975632,2976922511.93779,0.2630511051153549,0.456303572541942,0.1779188703322939,7.69,50127.76,67619.76,26.835726,1151090.0,290540.0,41283.0,794847.0,22794944.0,0.007657,0.010599,0.491574,7657217784.0,11279576.0,11329125.0,22994648.0,2202889.0,4827683.0,300176.0,1687151.0,39744938943.0,18042.188664,25874038593.0,86196.226857,19854.0,3582.0,5.542714,13349.0,903.0,14.782946,515925.0,1686964.0,0.349436,19488.354191,24219.0,275957.0,0.163564,91151.218784,57.47,0.0,0.0,5283949489.401123,13907923.6093463,5283941131.0,13907924.0,5297849055.0,19207.0,5283.907699,13.38972,3332.0,4767008.0,76.754092,76737.0,2.0,1785.0,4862746.0,,,,,,,,,,,,,,,,,1151090.0,290540.0,41283.0,0.252404,0.512871,794847.0,654908.0,139906.0,33.0,1153468.0,113.0,0.0,616.0,1316.0,27964.0,14285.0,,,,,22794944.0,2976922511.93779,356171.0,70458.06,1316.0,616.0,113.0,1153468.0,0.0011409072466683,0.0005340416899298,9.796543987349454e-05,
35,spmv,l2,ddr4_1x,Next-line,nextline,,default,spmv_nextline_default_l2_ddr4_1x,low_unused,pf_accuracy,Prefetch accuracy,high_is_good,1.3842235862609378,0.2524042429349573,0.2524042429349573,0.4918437963420662,0.0358642677809728,0.6905168144975632,2976922511.93779,0.2630511051153549,0.456303572541942,0.1779188703322939,7.69,50127.76,67619.76,26.835726,1151090.0,290540.0,41283.0,794847.0,22794944.0,0.007657,0.010599,0.491574,7657217784.0,11279576.0,11329125.0,22994648.0,2202889.0,4827683.0,300176.0,1687151.0,39744938943.0,18042.188664,25874038593.0,86196.226857,19854.0,3582.0,5.542714,13349.0,903.0,14.782946,515925.0,1686964.0,0.349436,19488.354191,24219.0,275957.0,0.163564,91151.218784,57.47,0.0,0.0,5283949489.401123,13907923.6093463,5283941131.0,13907924.0,5297849055.0,19207.0,5283.907699,13.38972,3332.0,4767008.0,76.754092,76737.0,2.0,1785.0,4862746.0,,,,,,,,,,,,,,,,,1151090.0,290540.0,41283.0,0.252404,0.512871,794847.0,654908.0,139906.0,33.0,1153468.0,113.0,0.0,616.0,1316.0,27964.0,14285.0,,,,,22794944.0,2976922511.93779,356171.0,70458.06,1316.0,616.0,113.0,1153468.0,0.0011409072466683,0.0005340416899298,9.796543987349454e-05,
36,spmv,l2,ddr4_1x,Next-line,nextline,,default,spmv_nextline_default_l2_ddr4_1x,low_late,pf_accuracy,Prefetch accuracy,high_is_good,1.3842235862609378,0.2524042429349573,0.2524042429349573,0.4918437963420662,0.0358642677809728,0.6905168144975632,2976922511.93779,0.2630511051153549,0.456303572541942,0.1779188703322939,7.69,50127.76,67619.76,26.835726,1151090.0,290540.0,41283.0,794847.0,22794944.0,0.007657,0.010599,0.491574,7657217784.0,11279576.0,11329125.0,22994648.0,2202889.0,4827683.0,300176.0,1687151.0,39744938943.0,18042.188664,25874038593.0,86196.226857,19854.0,3582.0,5.542714,13349.0,903.0,14.782946,515925.0,1686964.0,0.349436,19488.354191,24219.0,275957.0,0.163564,91151.218784,57.47,0.0,0.0,5283949489.401123,13907923.6093463,5283941131.0,13907924.0,5297849055.0,19207.0,5283.907699,13.38972,3332.0,4767008.0,76.754092,76737.0,2.0,1785.0,4862746.0,,,,,,,,,,,,,,,,,1151090.0,290540.0,41283.0,0.252404,0.512871,794847.0,654908.0,139906.0,33.0,1153468.0,113.0,0.0,616.0,1316.0,27964.0,14285.0,,,,,22794944.0,2976922511.93779,356171.0,70458.06,1316.0,616.0,113.0,1153468.0,0.0011409072466683,0.0005340416899298,9.796543987349454e-05,
37,spmv,l2,ddr4_1x,AMPM,ampm,stage1,hz256,spmv_ampm_hz256_l2_ddr4_1x,low_late,pf_accuracy,Prefetch accuracy,high_is_good,1.3273638071383844,0.2500276588447453,0.2500276588447453,0.1677164755365157,0.0225032360848352,0.35502063349818,1869014664.1790168,0.21841704889495,0.5589059830617915,0.265918253507668,6.24,49017.3,66509.3,46.047675,361548.0,90397.0,8136.0,128357.0,14923840.0,0.007985,0.010599,0.471403,7984870470.0,11279576.0,11329125.0,23978590.0,2698013.0,4827311.0,448590.0,1686947.0,70477910541.0,26122.1538,32945707274.0,73442.803616,65712.0,14531.0,4.522194,2739.0,150.0,18.26,1011252.0,1686761.0,0.34942,23559.320069,134618.0,313972.0,0.186118,87405.336568,57.46,0.0,0.0,4385589989.414067,13337223.23989058,4385581974.0,13337223.0,4398919197.0,19207.0,4385.541898,12.89639,3332.0,4767008.0,90.279252,87446.0,2.0,1794.0,4861878.0,,,,,,,,,,,,,,,,,361548.0,90397.0,8136.0,0.250028,0.223551,128357.0,127942.0,408.0,7.0,361642.0,0.0,0.0,86.0,0.0,5821.0,1458.0,,,,,14923840.0,1869014664.1790168,233188.0,74940.97,0.0,86.0,0.0,361642.0,0.0,0.0002378042373396,0.0,
38,spmv,l2,ddr4_1x,AMPM,ampm,stage1,assoc2,spmv_ampm_assoc2_l2_ddr4_1x,low_late,pf_accuracy,Prefetch accuracy,high_is_good,1.3025685141944203,0.2284054826117141,0.2284054826117141,0.2169883571530256,0.0334355095088335,0.5123180461082637,2022148669.3123407,0.2242413123245942,0.5689050028266371,0.2575689048198549,6.35,46808.79,64300.79,50.887981,527194.0,120414.0,17627.0,270091.0,16454080.0,0.008137,0.010599,0.462603,8136928926.0,11279800.0,11329349.0,24435222.0,2746270.0,4827291.0,434519.0,1687001.0,78145935507.0,28455.299554,32127095033.0,73937.146668,103585.0,25067.0,4.132325,11634.0,752.0,15.470745,1059474.0,1686796.0,0.349429,23282.074958,119093.0,315426.0,0.186974,87304.018813,57.33,0.0,0.0,4503139738.989038,13087984.54165089,4503131874.0,13087985.0,4516219858.0,19207.0,4503.092547,12.68685,3332.0,4767049.0,97.760118,125796.0,2.0,1742.0,4861664.0,,,,,,,,,,,,,,,,,527194.0,120414.0,17627.0,0.228405,0.27628,270091.0,267151.0,2915.0,25.0,528127.0,77.0,0.0,257.0,504.0,12706.0,2731.0,,,,,16454080.0,2022148669.3123407,257098.0,69391.83,504.0,257.0,77.0,528127.0,0.0009543159126497,0.0004866253760932,0.0001457982644326,
39,spmv,l2,ddr4_1x,Next-line,nextline,,deg1,spmv_nextline_deg1_l2_ddr4_1x,top_accuracy,pf_accuracy,Prefetch accuracy,high_is_good,1.322890664003994,0.2256442901727166,0.2256442901727166,0.2219433385781,0.0351653202344233,0.4913313354212305,2227723128.693889,0.2294347534362408,0.5630408137604833,0.257064358856567,6.55,49077.41,66569.41,45.737961,548239.0,123707.0,19279.0,269367.0,17847488.0,0.008012,0.010599,0.469843,8011537776.0,11279795.0,11329344.0,24058672.0,2718115.0,4827563.0,433674.0,1687025.0,69976696590.0,25744.568052,31910307648.0,73581.325254,69900.0,15508.0,4.507351,9959.0,696.0,14.308908,1031295.0,1686820.0,0.349414,23029.347777,135772.0,297902.0,0.176584,88431.544411,57.38,0.0,0.0,4607530917.545036,13292828.78987701,4607522929.0,13292829.0,4620815758.0,19207.0,4607.490975,12.81352,3332.0,4767049.0,89.667123,92843.0,2.0,1756.0,4862032.0,,,,,,,,,,,,,,,,,548239.0,123707.0,19279.0,0.225644,0.293416,269367.0,269346.0,11.0,10.0,548667.0,0.0,0.0,374.0,54.0,8714.0,2139.0,,,,,17847488.0,2227723128.693889,278867.0,72228.31,54.0,374.0,0.0,548667.0,9.842035332906845e-05,0.0006816520767605,0.0,
40,spmv,l2,ddr4_1x,Next-line,nextline,,deg1,spmv_nextline_deg1_l2_ddr4_1x,low_unused,pf_accuracy,Prefetch accuracy,high_is_good,1.322890664003994,0.2256442901727166,0.2256442901727166,0.2219433385781,0.0351653202344233,0.4913313354212305,2227723128.693889,0.2294347534362408,0.5630408137604833,0.257064358856567,6.55,49077.41,66569.41,45.737961,548239.0,123707.0,19279.0,269367.0,17847488.0,0.008012,0.010599,0.469843,8011537776.0,11279795.0,11329344.0,24058672.0,2718115.0,4827563.0,433674.0,1687025.0,69976696590.0,25744.568052,31910307648.0,73581.325254,69900.0,15508.0,4.507351,9959.0,696.0,14.308908,1031295.0,1686820.0,0.349414,23029.347777,135772.0,297902.0,0.176584,88431.544411,57.38,0.0,0.0,4607530917.545036,13292828.78987701,4607522929.0,13292829.0,4620815758.0,19207.0,4607.490975,12.81352,3332.0,4767049.0,89.667123,92843.0,2.0,1756.0,4862032.0,,,,,,,,,,,,,,,,,548239.0,123707.0,19279.0,0.225644,0.293416,269367.0,269346.0,11.0,10.0,548667.0,0.0,0.0,374.0,54.0,8714.0,2139.0,,,,,17847488.0,2227723128.693889,278867.0,72228.31,54.0,374.0,0.0,548667.0,9.842035332906845e-05,0.0006816520767605,0.0,
41,spmv,l2,ddr4_1x,Next-line,nextline,,deg1,spmv_nextline_deg1_l2_ddr4_1x,low_late,pf_accuracy,Prefetch accuracy,high_is_good,1.322890664003994,0.2256442901727166,0.2256442901727166,0.2219433385781,0.0351653202344233,0.4913313354212305,2227723128.693889,0.2294347534362408,0.5630408137604833,0.257064358856567,6.55,49077.41,66569.41,45.737961,548239.0,123707.0,19279.0,269367.0,17847488.0,0.008012,0.010599,0.469843,8011537776.0,11279795.0,11329344.0,24058672.0,2718115.0,4827563.0,433674.0,1687025.0,69976696590.0,25744.568052,31910307648.0,73581.325254,69900.0,15508.0,4.507351,9959.0,696.0,14.308908,1031295.0,1686820.0,0.349414,23029.347777,135772.0,297902.0,0.176584,88431.544411,57.38,0.0,0.0,4607530917.545036,13292828.78987701,4607522929.0,13292829.0,4620815758.0,19207.0,4607.490975,12.81352,3332.0,4767049.0,89.667123,92843.0,2.0,1756.0,4862032.0,,,,,,,,,,,,,,,,,548239.0,123707.0,19279.0,0.225644,0.293416,269367.0,269346.0,11.0,10.0,548667.0,0.0,0.0,374.0,54.0,8714.0,2139.0,,,,,17847488.0,2227723128.693889,278867.0,72228.31,54.0,374.0,0.0,548667.0,9.842035332906845e-05,0.0006816520767605,0.0,
42,spmv,l2,ddr4_1x,Next-line,nextline,,deg4,spmv_nextline_deg4_l2_ddr4_1x,top_speedup,pf_accuracy,Prefetch accuracy,high_is_good,1.3727496438285196,0.1604603105147671,0.1604603105147671,0.6142240819389279,0.0384945527367267,0.798107511186772,4189394154.121305,0.3098371800374853,0.4524757815684728,0.1496132668725292,9.12,50321.86,67813.86,25.168824,2504744.0,401912.0,96419.0,1999055.0,32345408.0,0.007721,0.010599,0.487527,7720784154.0,11279576.0,11329125.0,23185538.0,2184430.0,4827728.0,252429.0,1687210.0,37074858696.0,16972.32628,23578350833.0,93405.871881,18295.0,3111.0,5.880746,41071.0,1514.0,27.127477,497406.0,1687024.0,0.349445,18293.197594,6974.0,245455.0,0.14548,93942.938388,57.6,0.0,0.0,6226318861.031069,13801706.90884982,6226318861.0,13801707.0,6240120568.0,19207.0,6226.260836,13.312637,3332.0,4767008.0,75.46625,85272.0,2.0,1844.0,4864034.0,,,,,,,,,,,,,,,,,2504744.0,401912.0,96419.0,0.16046,0.620841,1999055.0,1841129.0,157831.0,95.0,2514157.0,1599.0,0.0,1698.0,4732.0,103207.0,65641.0,,,,,32345408.0,4189394154.121305,505397.0,68372.69,4732.0,1698.0,1599.0,2514157.0,0.0018821418073732,0.0006753754837108,0.0006359984678761,
43,spmv,l2,ddr4_1x,Next-line,nextline,,deg4,spmv_nextline_deg4_l2_ddr4_1x,top_accuracy,pf_accuracy,Prefetch accuracy,high_is_good,1.3727496438285196,0.1604603105147671,0.1604603105147671,0.6142240819389279,0.0384945527367267,0.798107511186772,4189394154.121305,0.3098371800374853,0.4524757815684728,0.1496132668725292,9.12,50321.86,67813.86,25.168824,2504744.0,401912.0,96419.0,1999055.0,32345408.0,0.007721,0.010599,0.487527,7720784154.0,11279576.0,11329125.0,23185538.0,2184430.0,4827728.0,252429.0,1687210.0,37074858696.0,16972.32628,23578350833.0,93405.871881,18295.0,3111.0,5.880746,41071.0,1514.0,27.127477,497406.0,1687024.0,0.349445,18293.197594,6974.0,245455.0,0.14548,93942.938388,57.6,0.0,0.0,6226318861.031069,13801706.90884982,6226318861.0,13801707.0,6240120568.0,19207.0,6226.260836,13.312637,3332.0,4767008.0,75.46625,85272.0,2.0,1844.0,4864034.0,,,,,,,,,,,,,,,,,2504744.0,401912.0,96419.0,0.16046,0.620841,1999055.0,1841129.0,157831.0,95.0,2514157.0,1599.0,0.0,1698.0,4732.0,103207.0,65641.0,,,,,32345408.0,4189394154.121305,505397.0,68372.69,4732.0,1698.0,1599.0,2514157.0,0.0018821418073732,0.0006753754837108,0.0006359984678761,
44,spmv,l2,ddr4_1x,Next-line,nextline,,deg4,spmv_nextline_deg4_l2_ddr4_1x,low_unused,pf_accuracy,Prefetch accuracy,high_is_good,1.3727496438285196,0.1604603105147671,0.1604603105147671,0.6142240819389279,0.0384945527367267,0.798107511186772,4189394154.121305,0.3098371800374853,0.4524757815684728,0.1496132668725292,9.12,50321.86,67813.86,25.168824,2504744.0,401912.0,96419.0,1999055.0,32345408.0,0.007721,0.010599,0.487527,7720784154.0,11279576.0,11329125.0,23185538.0,2184430.0,4827728.0,252429.0,1687210.0,37074858696.0,16972.32628,23578350833.0,93405.871881,18295.0,3111.0,5.880746,41071.0,1514.0,27.127477,497406.0,1687024.0,0.349445,18293.197594,6974.0,245455.0,0.14548,93942.938388,57.6,0.0,0.0,6226318861.031069,13801706.90884982,6226318861.0,13801707.0,6240120568.0,19207.0,6226.260836,13.312637,3332.0,4767008.0,75.46625,85272.0,2.0,1844.0,4864034.0,,,,,,,,,,,,,,,,,2504744.0,401912.0,96419.0,0.16046,0.620841,1999055.0,1841129.0,157831.0,95.0,2514157.0,1599.0,0.0,1698.0,4732.0,103207.0,65641.0,,,,,32345408.0,4189394154.121305,505397.0,68372.69,4732.0,1698.0,1599.0,2514157.0,0.0018821418073732,0.0006753754837108,0.0006359984678761,
45,spmv,l2,ddr4_1x,Next-line,nextline,,deg4,spmv_nextline_deg4_l2_ddr4_1x,low_late,pf_accuracy,Prefetch accuracy,high_is_good,1.3727496438285196,0.1604603105147671,0.1604603105147671,0.6142240819389279,0.0384945527367267,0.798107511186772,4189394154.121305,0.3098371800374853,0.4524757815684728,0.1496132668725292,9.12,50321.86,67813.86,25.168824,2504744.0,401912.0,96419.0,1999055.0,32345408.0,0.007721,0.010599,0.487527,7720784154.0,11279576.0,11329125.0,23185538.0,2184430.0,4827728.0,252429.0,1687210.0,37074858696.0,16972.32628,23578350833.0,93405.871881,18295.0,3111.0,5.880746,41071.0,1514.0,27.127477,497406.0,1687024.0,0.349445,18293.197594,6974.0,245455.0,0.14548,93942.938388,57.6,0.0,0.0,6226318861.031069,13801706.90884982,6226318861.0,13801707.0,6240120568.0,19207.0,6226.260836,13.312637,3332.0,4767008.0,75.46625,85272.0,2.0,1844.0,4864034.0,,,,,,,,,,,,,,,,,2504744.0,401912.0,96419.0,0.16046,0.620841,1999055.0,1841129.0,157831.0,95.0,2514157.0,1599.0,0.0,1698.0,4732.0,103207.0,65641.0,,,,,32345408.0,4189394154.121305,505397.0,68372.69,4732.0,1698.0,1599.0,2514157.0,0.0018821418073732,0.0006753754837108,0.0006359984678761,
46,spmv,l2,ddr4_1x,Stride,stride,,deg8_dist1,spmv_stride_deg8_dist1_l2_ddr4_1x,top_coverage,pf_accuracy,Prefetch accuracy,high_is_good,1.4507254311524775,0.1320181636716975,0.1320181636716975,0.3635243899448654,0.0019796730730896,0.8659870930795699,1713819643.536632,0.2325898971017398,0.4498666705886276,0.2000158859436665,6.38,44785.28,62277.28,28.987824,1459837.0,192725.0,2890.0,1264200.0,12520768.0,0.007306,0.010599,0.515222,7305767586.0,11279581.0,11329130.0,21939242.0,2171739.0,4827517.0,337432.0,1687026.0,43166101023.0,19876.283947,27967568420.0,82883.568897,21432.0,3170.0,6.760883,3245.0,81.0,40.061728,484903.0,1686836.0,0.349421,20581.362108,,337432.0,0.200016,82550.569884,57.37,0.0,0.0,4669792133.187633,14576976.16935935,4669783373.0,14576976.0,4684360349.0,19207.0,4669.748332,14.051364,3332.0,4767008.0,80.910656,85610.0,2.0,1778.0,4862421.0,,,,,,,,,,,,,,,,,1459837.0,192725.0,2890.0,0.132018,0.363524,1264200.0,1122383.0,141813.0,4.0,1459837.0,0.0,0.0,0.0,0.0,137107.0,136762.0,,,,,12520768.0,1713819643.536632,195637.0,74167.7,0.0,0.0,0.0,1459837.0,0.0,0.0,0.0,
47,spmv,l2,ddr4_1x,Next-line,nextline,,deg8,spmv_nextline_deg8_l2_ddr4_1x,top_speedup,pf_accuracy,Prefetch accuracy,high_is_good,1.338426569011239,0.0982537498986905,0.0982537498986905,0.7081385691170123,0.0422788051847306,0.857541479002883,6358807133.472075,0.4024542169853445,0.4568866640847156,0.1326678721778798,11.6,51654.86,69146.86,24.858841,5527616.0,543109.0,233701.0,4740160.0,50352832.0,0.007919,0.010599,0.475348,7918597143.0,11279581.0,11329130.0,23779571.0,2206027.0,4828390.0,223844.0,1687251.0,36577298088.0,16580.62122,21823634595.0,97494.838347,20033.0,3191.0,6.277969,254821.0,7020.0,36.299288,518965.0,1687062.0,0.349405,17487.49758,10049.0,213795.0,0.126712,98573.607662,57.66,0.0,0.0,8092019185.070443,13456929.05898092,8091970692.0,13456929.0,8105427621.0,19207.0,8091.962609,12.996241,3332.0,4767008.0,76.531592,106105.0,2.0,1900.0,4864506.0,,,,,,,,,,,,,,,,,5527616.0,543109.0,233701.0,0.098254,0.71754,4740160.0,4578326.0,161415.0,419.0,5690836.0,25538.0,0.0,7982.0,122376.0,444788.0,325596.0,,,,,50352832.0,6358807133.472075,786763.0,68614.49,122376.0,7982.0,25538.0,5690836.0,0.021504046154203,0.001402605873724,0.0044875656230472,
48,spmv,l2,ddr4_1x,Next-line,nextline,,deg8,spmv_nextline_deg8_l2_ddr4_1x,top_coverage,pf_accuracy,Prefetch accuracy,high_is_good,1.338426569011239,0.0982537498986905,0.0982537498986905,0.7081385691170123,0.0422788051847306,0.857541479002883,6358807133.472075,0.4024542169853445,0.4568866640847156,0.1326678721778798,11.6,51654.86,69146.86,24.858841,5527616.0,543109.0,233701.0,4740160.0,50352832.0,0.007919,0.010599,0.475348,7918597143.0,11279581.0,11329130.0,23779571.0,2206027.0,4828390.0,223844.0,1687251.0,36577298088.0,16580.62122,21823634595.0,97494.838347,20033.0,3191.0,6.277969,254821.0,7020.0,36.299288,518965.0,1687062.0,0.349405,17487.49758,10049.0,213795.0,0.126712,98573.607662,57.66,0.0,0.0,8092019185.070443,13456929.05898092,8091970692.0,13456929.0,8105427621.0,19207.0,8091.962609,12.996241,3332.0,4767008.0,76.531592,106105.0,2.0,1900.0,4864506.0,,,,,,,,,,,,,,,,,5527616.0,543109.0,233701.0,0.098254,0.71754,4740160.0,4578326.0,161415.0,419.0,5690836.0,25538.0,0.0,7982.0,122376.0,444788.0,325596.0,,,,,50352832.0,6358807133.472075,786763.0,68614.49,122376.0,7982.0,25538.0,5690836.0,0.021504046154203,0.001402605873724,0.0044875656230472,
49,spmv,l2,ddr4_1x,AMPM,ampm,stage1,assoc4,spmv_ampm_assoc4_l2_ddr4_1x,top_speedup,pf_accuracy,Prefetch accuracy,high_is_good,1.451321374777489,0.0924280199035558,0.0924280199035558,0.5646498542579207,0.0184355543464265,0.8876292256636249,3792899919.809318,0.3061407845638591,0.4509645156666476,0.1627035446432064,8.41,45765.47,63257.47,25.952972,3852176.0,356049.0,71017.0,3419304.0,27699456.0,0.007303,0.010599,0.515419,7302975714.0,11279581.0,11329130.0,21930858.0,2177125.0,4827708.0,274517.0,1687222.0,38333992968.0,17607.621505,23539661595.0,85749.376523,18247.0,3114.0,5.859666,79767.0,2243.0,35.562639,490093.0,1687032.0,0.349448,18209.376654,5493.0,269024.0,0.159448,86217.615068,57.37,0.0,0.0,6151092617.477106,14582548.83633863,6151092617.0,14582549.0,6165675166.0,19207.0,6151.031273,14.047972,3332.0,4767008.0,76.476772,92821.0,2.0,1798.0,4863056.0,,,,,,,,,,,,,,,,,3852176.0,356049.0,71017.0,0.092428,0.569612,3419304.0,3266076.0,153158.0,70.0,3868899.0,1591.0,0.0,609.0,14353.0,532316.0,421651.0,,,,,27699456.0,3792899919.809318,432809.0,65890.24,14353.0,609.0,1591.0,3868899.0,0.0037098409650911,0.0001574091233707,0.0004112281039127,
50,spmv,l2,ddr4_1x,AMPM,ampm,stage1,default,spmv_ampm_default_l2_ddr4_1x,default,pf_accuracy,Prefetch accuracy,high_is_good,1.448742482230727,0.0920354072379478,0.0920354072379478,0.5687551993156167,0.0198019953151699,0.8870167099057054,3883137167.809943,0.3108372830051158,0.4497997948961835,0.1625378592554396,8.55,45984.67,63476.67,25.885709,3929705.0,361672.0,77816.0,3485714.0,28410688.0,0.007316,0.010599,0.514471,7316426583.0,11279581.0,11329130.0,21971251.0,2171543.0,4827799.0,274229.0,1687170.0,38226449619.0,17603.358358,23650517926.0,86243.679283,17426.0,2961.0,5.885174,81277.0,2331.0,34.867868,484563.0,1686980.0,0.34943,18273.006959,4216.0,270013.0,0.160039,86506.480129,57.41,0.0,0.0,6245698153.546278,14564487.01987884,6245698154.0,14564487.0,6260262641.0,19207.0,6245.628174,14.100873,3332.0,4767008.0,76.891447,94408.0,2.0,1769.0,4863134.0,,,,,,,,,,,,,,,,,3929705.0,361672.0,77816.0,0.092035,0.572551,3485714.0,3330661.0,154964.0,89.0,3947318.0,1700.0,0.0,642.0,15118.0,545230.0,430533.0,,,,,28410688.0,3883137167.809943,443922.0,66011.81,15118.0,642.0,1700.0,3947318.0,0.0038299422544623,0.0001626420774814,0.0004306721677858,
51,spmv,l2,ddr4_1x,AMPM,ampm,stage1,epoch128k,spmv_ampm_epoch128k_l2_ddr4_1x,top_coverage,pf_accuracy,Prefetch accuracy,high_is_good,1.4491386382280558,0.091671610046969,0.091671610046969,0.5701288033585307,0.0197260445558293,0.8875070994012133,3897325170.4482665,0.3114224326798623,0.4496858127204784,0.1622207905434919,8.56,45884.38,63376.38,25.836455,3959841.0,363005.0,78112.0,3514387.0,28505536.0,0.007314,0.010599,0.514633,7314128217.0,11279576.0,11329125.0,21964349.0,2171017.0,4827853.0,273702.0,1687219.0,38151346131.0,17573.029659,23592656521.0,86198.334397,17583.0,2957.0,5.946229,81632.0,2293.0,35.600523,483985.0,1687032.0,0.349437,18238.531662,4030.0,269672.0,0.159832,86371.959532,57.5,0.0,0.0,6257478491.233291,14569063.71320179,6257478491.0,14569064.0,6272047555.0,19207.0,6257.40849,14.017802,3332.0,4767008.0,76.633301,94187.0,2.0,1803.0,4862864.0,,,,,,,,,,,,,,,,,3959841.0,363005.0,78112.0,0.091672,0.57376,3514387.0,3359360.0,154935.0,92.0,3977017.0,1762.0,0.0,606.0,14630.0,549790.0,434600.0,,,,,28505536.0,3897325170.4482665,445404.0,65917.09,14630.0,606.0,1762.0,3977017.0,0.0036786365258182,0.0001523755115957,0.0004430456294252,
52,spmv,l2,ddr4_1x,AMPM,ampm,stage1,ls16,spmv_ampm_ls16_l2_ddr4_1x,top_speedup,pf_accuracy,Prefetch accuracy,high_is_good,1.451122672508215,0.0889591410269668,0.0889591410269668,0.5712956610812995,0.0194268407610254,0.8904818650625635,3934290345.937296,0.3133204313123183,0.4498598980263103,0.162226558147364,8.61,45977.76,63469.76,25.802488,4100152.0,364746.0,79653.0,3651111.0,28734144.0,0.007304,0.010599,0.515381,7303513842.0,11279590.0,11329140.0,21932474.0,2171884.0,4827912.0,273708.0,1687196.0,38099613915.0,17542.195585,23546592941.0,86028.150222,18706.0,3021.0,6.191989,85121.0,2409.0,35.334579,484878.0,1687006.0,0.349428,18216.812131,4301.0,269407.0,0.159677,86257.012427,57.25,0.0,0.0,6295683008.852713,14590237.28923604,6295683009.0,14590237.0,6310273246.0,19207.0,6295.612906,14.108277,3332.0,4767009.0,76.389697,93549.0,2.0,1838.0,4862871.0,,,,,,,,,,,,,,,,,4100152.0,364746.0,79653.0,0.088959,0.57517,3651111.0,3495019.0,156012.0,80.0,4122163.0,1879.0,0.0,612.0,19345.0,612778.0,487309.0,,,,,28734144.0,3934290345.937296,448976.0,66115.4,19345.0,612.0,1879.0,4122163.0,0.0046929245641184,0.0001484657448043,0.0004558286511232,
53,spmv,l2,ddr4_1x,AMPM,ampm,stage1,ls16,spmv_ampm_ls16_l2_ddr4_1x,top_coverage,pf_accuracy,Prefetch accuracy,high_is_good,1.451122672508215,0.0889591410269668,0.0889591410269668,0.5712956610812995,0.0194268407610254,0.8904818650625635,3934290345.937296,0.3133204313123183,0.4498598980263103,0.162226558147364,8.61,45977.76,63469.76,25.802488,4100152.0,364746.0,79653.0,3651111.0,28734144.0,0.007304,0.010599,0.515381,7303513842.0,11279590.0,11329140.0,21932474.0,2171884.0,4827912.0,273708.0,1687196.0,38099613915.0,17542.195585,23546592941.0,86028.150222,18706.0,3021.0,6.191989,85121.0,2409.0,35.334579,484878.0,1687006.0,0.349428,18216.812131,4301.0,269407.0,0.159677,86257.012427,57.25,0.0,0.0,6295683008.852713,14590237.28923604,6295683009.0,14590237.0,6310273246.0,19207.0,6295.612906,14.108277,3332.0,4767009.0,76.389697,93549.0,2.0,1838.0,4862871.0,,,,,,,,,,,,,,,,,4100152.0,364746.0,79653.0,0.088959,0.57517,3651111.0,3495019.0,156012.0,80.0,4122163.0,1879.0,0.0,612.0,19345.0,612778.0,487309.0,,,,,28734144.0,3934290345.937296,448976.0,66115.4,19345.0,612.0,1879.0,4122163.0,0.0046929245641184,0.0001484657448043,0.0004558286511232,
54,spmv,l2,ddr4_1x,AMPM,ampm,stage1,ls32,spmv_ampm_ls32_l2_ddr4_1x,top_speedup,pf_accuracy,Prefetch accuracy,high_is_good,1.5607421587395085,0.0734904801278696,0.0734904801278696,0.5741625095147442,0.0172354506346844,0.9083401051984208,4370417245.604829,0.3448250490975987,0.4494641660946327,0.1634715916499721,8.8,41288.02,58780.02,24.723285,5060152.0,371873.0,87214.0,4596339.0,29678784.0,0.006791,0.010599,0.55429,6790835367.0,11279576.0,11329125.0,20392899.0,2169924.0,4827802.0,275806.0,1687180.0,36381510072.0,16766.26005,21846227580.0,79208.674141,20000.0,3051.0,6.555228,115940.0,3175.0,36.516535,482929.0,1686995.0,0.349433,17217.151016,4392.0,271414.0,0.160868,79395.868695,57.34,0.0,0.0,6929084487.699376,15691736.61871223,6929084488.0,15691737.0,6944776224.0,19207.0,6929.009092,15.116844,3332.0,4767008.0,72.830586,78062.0,2.0,1943.0,4862953.0,,,,,,,,,,,,,,,,,5060152.0,371873.0,87214.0,0.07349,0.578083,4596339.0,4443309.0,152938.0,92.0,5105130.0,2145.0,0.0,667.0,42000.0,1482131.0,1227158.0,,,,,29678784.0,4370417245.604829,463736.0,62631.32,42000.0,667.0,2145.0,5105130.0,0.0082270187047146,0.0001306528922867,0.0004201655981336,
55,spmv,l2,ddr4_1x,AMPM,ampm,stage1,ls32,spmv_ampm_ls32_l2_ddr4_1x,top_coverage,pf_accuracy,Prefetch accuracy,high_is_good,1.5607421587395085,0.0734904801278696,0.0734904801278696,0.5741625095147442,0.0172354506346844,0.9083401051984208,4370417245.604829,0.3448250490975987,0.4494641660946327,0.1634715916499721,8.8,41288.02,58780.02,24.723285,5060152.0,371873.0,87214.0,4596339.0,29678784.0,0.006791,0.010599,0.55429,6790835367.0,11279576.0,11329125.0,20392899.0,2169924.0,4827802.0,275806.0,1687180.0,36381510072.0,16766.26005,21846227580.0,79208.674141,20000.0,3051.0,6.555228,115940.0,3175.0,36.516535,482929.0,1686995.0,0.349433,17217.151016,4392.0,271414.0,0.160868,79395.868695,57.34,0.0,0.0,6929084487.699376,15691736.61871223,6929084488.0,15691737.0,6944776224.0,19207.0,6929.009092,15.116844,3332.0,4767008.0,72.830586,78062.0,2.0,1943.0,4862953.0,,,,,,,,,,,,,,,,,5060152.0,371873.0,87214.0,0.07349,0.578083,4596339.0,4443309.0,152938.0,92.0,5105130.0,2145.0,0.0,667.0,42000.0,1482131.0,1227158.0,,,,,29678784.0,4370417245.604829,463736.0,62631.32,42000.0,667.0,2145.0,5105130.0,0.0082270187047146,0.0001306528922867,0.0004201655981336,
56,spmv,l2,ddr4_1x,AMPM,ampm,stage1,ls32,spmv_ampm_ls32_l2_ddr4_1x,low_unused,pf_accuracy,Prefetch accuracy,high_is_good,1.5607421587395085,0.0734904801278696,0.0734904801278696,0.5741625095147442,0.0172354506346844,0.9083401051984208,4370417245.604829,0.3448250490975987,0.4494641660946327,0.1634715916499721,8.8,41288.02,58780.02,24.723285,5060152.0,371873.0,87214.0,4596339.0,29678784.0,0.006791,0.010599,0.55429,6790835367.0,11279576.0,11329125.0,20392899.0,2169924.0,4827802.0,275806.0,1687180.0,36381510072.0,16766.26005,21846227580.0,79208.674141,20000.0,3051.0,6.555228,115940.0,3175.0,36.516535,482929.0,1686995.0,0.349433,17217.151016,4392.0,271414.0,0.160868,79395.868695,57.34,0.0,0.0,6929084487.699376,15691736.61871223,6929084488.0,15691737.0,6944776224.0,19207.0,6929.009092,15.116844,3332.0,4767008.0,72.830586,78062.0,2.0,1943.0,4862953.0,,,,,,,,,,,,,,,,,5060152.0,371873.0,87214.0,0.07349,0.578083,4596339.0,4443309.0,152938.0,92.0,5105130.0,2145.0,0.0,667.0,42000.0,1482131.0,1227158.0,,,,,29678784.0,4370417245.604829,463736.0,62631.32,42000.0,667.0,2145.0,5105130.0,0.0082270187047146,0.0001306528922867,0.0004201655981336,
57,spmv,l2,ddr4_1x,Next-line,nextline,,deg16,spmv_nextline_deg16_l2_ddr4_1x,top_coverage,pf_accuracy,Prefetch accuracy,high_is_good,1.309488510007413,0.0700159582213919,0.0700159582213919,0.7481211108214255,0.0419657881492908,0.886608274632489,8039428549.70788,0.4785327399956874,0.4625397877297437,0.125394272221781,13.32,52272.14,69764.14,25.186486,8975311.0,628415.0,376656.0,7957585.0,65073728.0,0.008094,0.010599,0.465038,8094322575.0,11279800.0,11329349.0,24307275.0,2233489.0,4828750.0,211576.0,1687286.0,37087323885.0,16605.107025,21024058785.0,99368.826261,29035.0,3354.0,8.656828,704106.0,20248.0,34.774101,546404.0,1687085.0,0.349383,17434.553278,12005.0,199571.0,0.118279,100979.32165,57.49,0.0,0.0,9624539580.447842,13172689.7479126,9624476326.0,13172690.0,9637649016.0,19207.0,9624.452606,12.674563,3332.0,4767049.0,77.667953,106375.0,2.0,1779.0,4865546.0,,,,,,,,,,,,,,,,,8975311.0,628415.0,376656.0,0.070016,0.758968,7957585.0,7802637.0,153914.0,1034.0,11522017.0,233754.0,0.0,32275.0,2252151.0,1917839.0,1520624.0,,,,,65073728.0,8039428549.70788,1016780.0,69055.89,2252151.0,32275.0,233754.0,11522017.0,0.195464995408356,0.0028011588595989,0.0202875937433524,
58,spmv,l2,ddr4_1x,Next-line,nextline,,deg32,spmv_nextline_deg32_l2_ddr4_1x,top_coverage,pf_accuracy,Prefetch accuracy,high_is_good,1.300331247699669,0.056987067158751,0.056987067158751,0.7394779873252699,0.0386891790514406,0.9030424187662676,8394899040.205026,0.4989693650550383,0.4667829589971163,0.1313437400174123,13.74,51458.53,68950.53,26.864886,11038487.0,629051.0,427070.0,9968222.0,68430016.0,0.008151,0.010599,0.461782,8151380460.0,11279795.0,11329344.0,24478620.0,2253925.0,4828636.0,221618.0,1687313.0,39745420794.0,17633.870157,21770494230.0,98234.32316,37994.0,4115.0,9.23305,951867.0,30129.0,31.59305,566816.0,1687109.0,0.349397,18085.806586,13551.0,208067.0,0.123313,100014.517732,57.49,0.0,0.0,10036272064.76877,13080483.79329358,10036162145.0,13080484.0,10049242629.0,19207.0,10036.146442,12.664358,3332.0,4767049.0,80.162217,112529.0,2.0,1877.0,4865223.0,,,,,,,,,,,,,,,,,11038487.0,629051.0,427070.0,0.056987,0.751448,9968222.0,9821507.0,145306.0,1409.0,19204069.0,845449.0,0.0,60678.0,7201470.0,8017339.0,6489921.0,,,,,68430016.0,8394899040.205026,1069226.0,68280.72,7201470.0,60678.0,845449.0,19204069.0,0.3749970904603602,0.0031596428860987,0.0440244721053647,
59,spmv,l2,ddr4_1x,Stride,stride,,deg32_dist16,spmv_stride_deg32_dist16_l2_ddr4_1x,top_speedup,pf_accuracy,Prefetch accuracy,high_is_good,1.6000905797101452,0.0471105447677961,0.0471105447677961,0.2652088110777915,0.002973520004674,0.9499051639695546,1482753600.4244685,0.2662455720693445,0.5508489429699766,0.2370921496364386,6.26,34946.29,52438.29,49.450766,3063709.0,144333.0,9110.0,2910233.0,9822464.0,0.006624,0.010599,0.56821,6624474894.0,11279590.0,11329140.0,19893318.0,2658852.0,4826826.0,399891.0,1686648.0,75625838127.0,28443.041631,26236211288.0,65608.406511,158258.0,27065.0,5.847331,405815.0,12048.0,33.683184,972394.0,1686458.0,0.349393,20274.244074,,399891.0,0.237092,65275.407344,57.58,0.0,0.0,5346157781.060798,16037497.56772797,5346148120.0,16037498.0,5362185617.0,19207.0,5346.119136,15.457829,3332.0,4767009.0,105.391832,140885.0,2.0,1953.0,4862281.0,,,,,,,,,,,,,,,,,3063709.0,144333.0,9110.0,0.047111,0.265209,2910233.0,2863436.0,46791.0,6.0,3144608.0,20239.0,0.0,0.0,60636.0,3243072.0,3190088.0,,,,,9822464.0,1482753600.4244685,153476.0,89742.89,60636.0,0.0,20239.0,3144608.0,0.0192825306047685,0.0,0.0064360963274277,
60,spmv,l2,ddr4_1x,Stride,stride,,deg32_dist4,spmv_stride_deg32_dist4_l2_ddr4_1x,top_speedup,pf_accuracy,Prefetch accuracy,high_is_good,1.6017832854768024,0.0430426301430065,0.0430426301430065,0.3331286893192318,0.0027571757844004,0.9541916696541596,1871053383.4391053,0.2684465870490059,0.4708819204312626,0.2157168915502234,6.69,40790.88,58282.88,33.592352,4223162.0,181776.0,11644.0,4029706.0,12381184.0,0.006617,0.010599,0.568832,6617226483.0,11279576.0,11329125.0,19871551.0,2273182.0,4827499.0,363887.0,1686873.0,50530050702.0,22228.774776,25811433198.0,70932.551034,42996.0,7213.0,5.960904,376816.0,11616.0,32.439394,586494.0,1686688.0,0.349392,19592.962088,,363887.0,0.215717,70599.551949,57.37,0.0,0.0,5390468664.12053,16055064.80289531,5390458992.0,16055065.0,5406514057.0,19207.0,5390.429977,15.46509,3332.0,4767008.0,88.390436,116323.0,2.0,1861.0,4862756.0,,,,,,,,,,,,,,,,,4223162.0,181776.0,11644.0,0.043043,0.333129,4029706.0,3907733.0,121968.0,5.0,4342507.0,136.0,0.0,0.0,119200.0,2045173.0,2019084.0,,,,,12381184.0,1871053383.4391053,193456.0,86207.55,119200.0,0.0,136.0,4342507.0,0.0274495815435645,0.0,3.13183145127918e-05,
61,spmv,l2,ddr4_1x,Stride,stride,,deg32_dist1,spmv_stride_deg32_dist1_l2_ddr4_1x,top_speedup,pf_accuracy,Prefetch accuracy,high_is_good,1.6191567369385886,0.0426051845175191,0.0426051845175191,0.3530729598614342,0.0024343732169793,0.954952250195558,1989145945.0794995,0.2707254006413658,0.4499523243016385,0.2090105310581742,6.81,42295.25,59787.25,28.518001,4516563.0,192429.0,10995.0,4313102.0,13021504.0,0.006546,0.010599,0.574997,6546278835.0,11279576.0,11329125.0,19658495.0,2172103.0,4827407.0,352583.0,1686915.0,42432287571.0,19535.117612,25398836914.0,72036.476274,25592.0,3234.0,7.91342,318187.0,10297.0,30.900942,485373.0,1686730.0,0.349407,19218.9272,,352583.0,0.209011,71703.477218,57.43,0.0,0.0,5436190070.263024,16229067.33394591,5436180294.0,16229067.0,5452409361.0,19207.0,5436.150964,15.662028,3332.0,4767008.0,79.53153,92658.0,2.0,1946.0,4862067.0,,,,,,,,,,,,,,,,,4516563.0,192429.0,10995.0,0.042605,0.353073,4313102.0,4176534.0,136561.0,7.0,4641901.0,117.0,0.0,0.0,125215.0,1745779.0,1736158.0,,,,,13021504.0,1989145945.0794995,203461.0,86208.95,125215.0,0.0,117.0,4641901.0,0.0269749397929856,0.0,2.520519071819929e-05,
62,spmv,l2,ddr4_1x,IMP,imp,stage3,s64_sth2,spmv_imp3_s64_sth2_l2_ddr4_1x,low_unused,pf_accuracy,Prefetch accuracy,high_is_good,1.3306967984934088,0.0388796791317086,0.0388796791317086,0.2204512178293587,0.006198649458029,0.9547563698771931,1149919081.063557,0.2311262836397709,0.6478536319947222,0.2578987185370429,6.05,39328.9,56820.9,74.674775,3163915.0,123012.0,19612.0,3020768.0,9159552.0,0.007965,0.010599,0.472556,7965388305.0,11279581.0,11329130.0,23920085.0,3126701.0,4826246.0,434989.0,1686666.0,115709805702.0,37006.994178,32838388180.0,75492.456545,252873.0,53673.0,4.711363,417442.0,11816.0,35.328538,1440225.0,1686476.0,0.349438,24505.479707,456.0,434533.0,0.257628,75179.737776,57.35,0.0,0.0,4641521365.22866,13369844.12086361,4641513330.0,13369844.0,4654883175.0,19207.0,4641.481191,12.855619,3332.0,4767008.0,122.287893,213546.0,2.0,1942.0,4861345.0,,,,,,,,,,,,,,,,,3163915.0,123012.0,19612.0,0.03888,0.220632,3020768.0,2975931.0,44820.0,17.0,4698706.0,1011.0,0.0,274.0,1521574.0,23122798.0,0.0,,,,,9159552.0,1149919081.063557,143118.0,83552.94,1521574.0,274.0,1011.0,4698706.0,0.3238283050695233,5.831392728125573e-05,0.0002151656221947,stage3: s64_sth2
63,spmv,l2,ddr4_1x,IMP,imp,stage3,s64_sth8,spmv_imp3_s64_sth8_l2_ddr4_1x,low_unused,pf_accuracy,Prefetch accuracy,high_is_good,1.3301957831325304,0.0388591794724344,0.0388591794724344,0.2204200286040984,0.0061815246223042,0.9547896231020422,1149010764.4150696,0.2310122830395945,0.6479348778306645,0.2578916226250428,6.06,39377.82,56869.82,74.681008,3164915.0,122986.0,19564.0,3021828.0,9155648.0,0.007968,0.010599,0.472384,7968287403.0,11279576.0,11329125.0,23928791.0,3127097.0,4826252.0,434976.0,1686662.0,115720513983.0,37005.732148,32823392509.0,75460.238057,254681.0,53537.0,4.757103,427275.0,11829.0,36.120974,1440620.0,1686477.0,0.349438,24509.735888,458.0,434518.0,0.25762,75149.875105,57.41,0.0,0.0,4639230254.933112,13364979.77719843,4639222223.0,13364980.0,4652587203.0,19207.0,4639.190096,12.850942,3332.0,4767008.0,122.278103,213818.0,2.0,1993.0,4861407.0,,,,,,,,,,,,,,,,,3164915.0,122986.0,19564.0,0.038859,0.220601,3021828.0,2977019.0,44790.0,19.0,4700287.0,1014.0,0.0,270.0,1522185.0,23118849.0,0.0,,,,,9155648.0,1149010764.4150696,143057.0,83852.06,1522185.0,270.0,1014.0,4700287.0,0.3238493734531529,5.7443300802695664e-05,0.000215731507459,stage3: s64_sth8
64,spmv,l2,ddr4_1x,IMP,imp,stage3,s64_sth8_pt8,spmv_imp3_s64_sth8_pt8_l2_ddr4_1x,low_unused,pf_accuracy,Prefetch accuracy,high_is_good,1.3301957831325304,0.0388591794724344,0.0388591794724344,0.2204200286040984,0.0061815246223042,0.9547896231020422,1149010764.4150696,0.2310122830395945,0.6479348778306645,0.2578916226250428,6.06,39377.82,56869.82,74.681008,3164915.0,122986.0,19564.0,3021828.0,9155648.0,0.007968,0.010599,0.472384,7968287403.0,11279576.0,11329125.0,23928791.0,3127097.0,4826252.0,434976.0,1686662.0,115720513983.0,37005.732148,32823392509.0,75460.238057,254681.0,53537.0,4.757103,427275.0,11829.0,36.120974,1440620.0,1686477.0,0.349438,24509.735888,458.0,434518.0,0.25762,75149.875105,57.41,0.0,0.0,4639230254.933112,13364979.77719843,4639222223.0,13364980.0,4652587203.0,19207.0,4639.190096,12.850942,3332.0,4767008.0,122.278103,213818.0,2.0,1993.0,4861407.0,,,,,,,,,,,,,,,,,3164915.0,122986.0,19564.0,0.038859,0.220601,3021828.0,2977019.0,44790.0,19.0,4700287.0,1014.0,0.0,270.0,1522185.0,23118849.0,0.0,,,,,9155648.0,1149010764.4150696,143057.0,83852.06,1522185.0,270.0,1014.0,4700287.0,0.3238493734531529,5.7443300802695664e-05,0.000215731507459,stage3: s64_sth8_pt8
