rank,benchmark,pf_level,memory,family,prefetcher,stage,config,run,selection_reason,ranked_by,ranked_by_label,rank_direction,speedup_vs_nopf,pf_unused_ratio,pf_accuracy,pf_coverage,pf_unused_ratio,pf_late_ratio,prefetcher_read_rate,dram_bw_utilization,l1d_miss_rate,l2_miss_rate,mem_avg_rdq_len,dram_avg_q_lat,dram_avg_mem_acc_lat,load_to_use_mean,pf_issued,pf_useful,pf_unused,pf_late,prefetcher_read_bytes,simSeconds,nopf_simSeconds,ipc,simTicks,simInsts,simOps,numCycles,l1d_demand_misses,l1d_demand_accesses,l2_demand_misses,l2_demand_accesses,l1d_demand_miss_latency,l1d_demand_avg_miss_latency,l2_demand_miss_latency,l2_demand_avg_miss_latency,l1d_blocked_cycles_no_mshrs,l1d_blocked_causes_no_mshrs,l1d_avg_blocked_no_mshrs,l2_blocked_cycles_no_mshrs,l2_blocked_causes_no_mshrs,l2_avg_blocked_no_mshrs,l1d_demand_mshr_hits,l1d_demand_mshr_misses,l1d_demand_mshr_miss_rate,l1d_demand_avg_mshr_miss_latency,l2_demand_mshr_hits,l2_demand_mshr_misses,l2_demand_mshr_miss_rate,l2_demand_avg_mshr_miss_latency,mem_avg_wrq_len,mem_num_rd_retry,mem_num_wr_retry,mem_avg_read_bw_sys,mem_avg_write_bw_sys,dram_bw_read_total,dram_bw_write_total,dram_bw_total,dram_peak_bw,dram_avg_rd_bw,dram_avg_wr_bw,dram_avg_bus_lat,load_to_use_samples,load_to_use_stdev,load_to_use_overflows,load_to_use_min,load_to_use_max,added_loads_and_stores,l1d_pf_issued,l1d_pf_useful,l1d_pf_unused,l1d_prefetcher_accuracy,l1d_prefetcher_coverage,l1d_pf_late,l1d_pf_hit_in_cache,l1d_pf_hit_in_mshr,l1d_pf_hit_in_wb,l1d_pf_identified,l1d_pf_buffer_hit,l1d_pf_in_cache,l1d_pf_removed_demand,l1d_pf_removed_full,l1d_pf_span_page,l1d_pf_useful_span_page,l2_pf_issued,l2_pf_useful,l2_pf_unused,l2_prefetcher_accuracy,l2_prefetcher_coverage,l2_pf_late,l2_pf_hit_in_cache,l2_pf_hit_in_mshr,l2_pf_hit_in_wb,l2_pf_identified,l2_pf_buffer_hit,l2_pf_in_cache,l2_pf_removed_demand,l2_pf_removed_full,l2_pf_span_page,l2_pf_useful_span_page,l1d_prefetcher_read_bytes,l1d_prefetcher_read_rate,l1d_prefetcher_read_accesses,l1d_prefetcher_read_avg_lat,l2_prefetcher_read_bytes,l2_prefetcher_read_rate,l2_prefetcher_read_accesses,l2_prefetcher_read_avg_lat,pf_removed_full,pf_removed_demand,pf_buffer_hit,pf_identified,pf_removed_full_ratio,pf_removed_demand_ratio,pf_buffer_hit_ratio,label
1,spmv,l2,ddr4_2x,Stride,stride,,deg1_dist1,spmv_stride_deg1_dist1_l2_ddr4_2x,low_unused,pf_unused_ratio,Unused prefetch ratio,low_is_good,1.2544370493621742,4.136804111983288e-05,0.9326114610157924,0.3440511095807572,4.136804111983288e-05,1.034201027995822e-05,1716164782.893939,0.1158612295671015,0.455816148181106,0.203812206339017,3.45,38438.87,55930.87,25.693471,193386.0,180354.0,8.0,2.0,12376576.0,0.007212,0.009047,0.521938,7211764350.0,11279581.0,11329130.0,21656950.0,2200550.0,4827714.0,343853.0,1687107.0,37920096612.0,17232.099526,25106041161.0,73013.878492,15229.0,3046.0,4.999672,1.0,1.0,1.0,513629.0,1686921.0,0.349424,18891.326421,13017.0,330836.0,0.196097,74891.189281,56.75,0.0,0.0,4652132040.337674,14766982.78417818,4652123166.0,14766982.0,4666890149.0,38414.0,4652.078794,13.897293,3332.0,4767008.0,70.432875,64511.0,2.0,1679.0,4862507.0,,,,,,,,,,,,,,,,,193386.0,180354.0,8.0,0.932611,0.352812,2.0,1.0,1.0,0.0,193386.0,0.0,0.0,0.0,0.0,6232.0,5845.0,,,,,12376576.0,1716164782.893939,193384.0,69930.51999999999,0.0,0.0,0.0,193386.0,0.0,0.0,0.0,
2,spmv,l2,ddr4_2x,Stride,stride,,default,spmv_stride_default_l2_ddr4_2x,default,pf_unused_ratio,Unused prefetch ratio,low_is_good,1.2772836368770295,0.0002958379381529,0.2533285026169277,0.369596011644113,0.0002958379381529,0.7438343203286277,1776159364.5049102,0.1184118773058749,0.4488190590998627,0.1965155212463229,3.465,37105.335,54597.335,24.856265,767312.0,194382.0,227.0,570753.0,12579776.0,0.007083,0.009047,0.531458,7082571672.0,11279576.0,11329125.0,21268984.0,2166867.0,4827930.0,331549.0,1687139.0,36578255796.0,16880.711089,24539071698.0,74013.408872,14474.0,2911.0,4.972175,73.0,2.0,36.5,479910.0,1686957.0,0.349416,18580.33078,1939.0,329610.0,0.195366,73940.3612,57.010000000000005,0.0,0.0,4754602926.664178,15036346.24991056,4754593890.0,15036346.0,4769630236.0,38414.0,4754.548709000001,14.033321,3332.0,4767008.0,69.31765,60490.0,2.0,1726.0,4863054.0,,,,,,,,,,,,,,,,,767312.0,194382.0,227.0,0.253329,0.370964,570753.0,427766.0,142987.0,0.0,767312.0,0.0,0.0,0.0,0.0,31160.0,31136.0,,,,,12579776.0,1776159364.5049102,196559.0,67723.73000000001,0.0,0.0,0.0,767312.0,0.0,0.0,0.0,
3,spmv,l2,ddr4_2x,Stride,stride,,default,spmv_stride_default_l2_ddr4_2x,top_coverage,pf_unused_ratio,Unused prefetch ratio,low_is_good,1.2772836368770295,0.0002958379381529,0.2533285026169277,0.369596011644113,0.0002958379381529,0.7438343203286277,1776159364.5049102,0.1184118773058749,0.4488190590998627,0.1965155212463229,3.465,37105.335,54597.335,24.856265,767312.0,194382.0,227.0,570753.0,12579776.0,0.007083,0.009047,0.531458,7082571672.0,11279576.0,11329125.0,21268984.0,2166867.0,4827930.0,331549.0,1687139.0,36578255796.0,16880.711089,24539071698.0,74013.408872,14474.0,2911.0,4.972175,73.0,2.0,36.5,479910.0,1686957.0,0.349416,18580.33078,1939.0,329610.0,0.195366,73940.3612,57.010000000000005,0.0,0.0,4754602926.664178,15036346.24991056,4754593890.0,15036346.0,4769630236.0,38414.0,4754.548709000001,14.033321,3332.0,4767008.0,69.31765,60490.0,2.0,1726.0,4863054.0,,,,,,,,,,,,,,,,,767312.0,194382.0,227.0,0.253329,0.370964,570753.0,427766.0,142987.0,0.0,767312.0,0.0,0.0,0.0,0.0,31160.0,31136.0,,,,,12579776.0,1776159364.5049102,196559.0,67723.73000000001,0.0,0.0,0.0,767312.0,0.0,0.0,0.0,
4,spmv,l2,ddr4_2x,Stride,stride,,default,spmv_stride_default_l2_ddr4_2x,low_unused,pf_unused_ratio,Unused prefetch ratio,low_is_good,1.2772836368770295,0.0002958379381529,0.2533285026169277,0.369596011644113,0.0002958379381529,0.7438343203286277,1776159364.5049102,0.1184118773058749,0.4488190590998627,0.1965155212463229,3.465,37105.335,54597.335,24.856265,767312.0,194382.0,227.0,570753.0,12579776.0,0.007083,0.009047,0.531458,7082571672.0,11279576.0,11329125.0,21268984.0,2166867.0,4827930.0,331549.0,1687139.0,36578255796.0,16880.711089,24539071698.0,74013.408872,14474.0,2911.0,4.972175,73.0,2.0,36.5,479910.0,1686957.0,0.349416,18580.33078,1939.0,329610.0,0.195366,73940.3612,57.010000000000005,0.0,0.0,4754602926.664178,15036346.24991056,4754593890.0,15036346.0,4769630236.0,38414.0,4754.548709000001,14.033321,3332.0,4767008.0,69.31765,60490.0,2.0,1726.0,4863054.0,,,,,,,,,,,,,,,,,767312.0,194382.0,227.0,0.253329,0.370964,570753.0,427766.0,142987.0,0.0,767312.0,0.0,0.0,0.0,0.0,31160.0,31136.0,,,,,12579776.0,1776159364.5049102,196559.0,67723.73000000001,0.0,0.0,0.0,767312.0,0.0,0.0,0.0,
5,spmv,l2,ddr4_2x,Stride,stride,,deg4_dist1,spmv_stride_deg4_dist1_l2_ddr4_2x,top_coverage,pf_unused_ratio,Unused prefetch ratio,low_is_good,1.2801754634215363,0.0011313535970155,0.25509109118657,0.3654779845802854,0.0011313535970155,0.7437616579761753,1751604569.513397,0.1190189931929784,0.4535983436235472,0.1981516287941429,3.435,36346.905,53838.905,25.641508,754848.0,192555.0,854.0,561427.0,12378944.0,0.007067,0.009047,0.532614,7067202390.0,11279576.0,11329125.0,21222830.0,2189922.0,4827888.0,334303.0,1687107.0,37832380083.0,17275.674697,24614627067.0,73629.692426,17295.0,3305.0,5.23298,73.0,1.0,73.0,502996.0,1686926.0,0.349413,18636.584528,,334303.0,0.198152,73296.693422,56.95,0.0,0.0,4779024872.386597,15069046.29626718,4779015817.0,15069046.0,4794084863.0,38414.0,4778.970537,13.928,3332.0,4767008.0,70.741372,61909.0,2.0,1682.0,4863110.0,,,,,,,,,,,,,,,,,754848.0,192555.0,854.0,0.255091,0.365478,561427.0,421963.0,139464.0,0.0,754848.0,0.0,0.0,0.0,0.0,43624.0,43461.0,,,,,12378944.0,1751604569.513397,193421.0,67142.16,0.0,0.0,0.0,754848.0,0.0,0.0,0.0,
6,spmv,l2,ddr4_2x,Stride,stride,,deg4_dist1,spmv_stride_deg4_dist1_l2_ddr4_2x,low_unused,pf_unused_ratio,Unused prefetch ratio,low_is_good,1.2801754634215363,0.0011313535970155,0.25509109118657,0.3654779845802854,0.0011313535970155,0.7437616579761753,1751604569.513397,0.1190189931929784,0.4535983436235472,0.1981516287941429,3.435,36346.905,53838.905,25.641508,754848.0,192555.0,854.0,561427.0,12378944.0,0.007067,0.009047,0.532614,7067202390.0,11279576.0,11329125.0,21222830.0,2189922.0,4827888.0,334303.0,1687107.0,37832380083.0,17275.674697,24614627067.0,73629.692426,17295.0,3305.0,5.23298,73.0,1.0,73.0,502996.0,1686926.0,0.349413,18636.584528,,334303.0,0.198152,73296.693422,56.95,0.0,0.0,4779024872.386597,15069046.29626718,4779015817.0,15069046.0,4794084863.0,38414.0,4778.970537,13.928,3332.0,4767008.0,70.741372,61909.0,2.0,1682.0,4863110.0,,,,,,,,,,,,,,,,,754848.0,192555.0,854.0,0.255091,0.365478,561427.0,421963.0,139464.0,0.0,754848.0,0.0,0.0,0.0,0.0,43624.0,43461.0,,,,,12378944.0,1751604569.513397,193421.0,67142.16,0.0,0.0,0.0,754848.0,0.0,0.0,0.0,
7,spmv,l2,ddr4_2x,Stride,stride,,deg8_dist1,spmv_stride_deg8_dist1_l2_ddr4_2x,top_coverage,pf_unused_ratio,Unused prefetch ratio,low_is_good,1.3209227624470723,0.0019920359662504,0.1320155389765675,0.3634796483610994,0.0019920359662504,0.8659773546337785,1828094891.7999964,0.1240560551775099,0.4511131636833365,0.2000540614557825,3.46,34025.695,51517.695,25.280512,1459813.0,192718.0,2908.0,1264165.0,12521472.0,0.006849,0.009047,0.549545,6849465012.0,11279581.0,11329130.0,20568964.0,2177770.0,4827547.0,337485.0,1686969.0,37260189513.0,17109.3318,24098355845.0,71405.709424,16248.0,4361.0,3.725751,2069.0,52.0,39.788462,490986.0,1686784.0,0.349408,18318.298247,1.0,337484.0,0.200053,71072.767079,56.92,0.0,0.0,4981476354.755048,15510700.44359255,4981467011.0,15510701.0,4996977712.0,38414.0,4981.429636,14.436164,3332.0,4767008.0,69.658358,55723.0,2.0,1651.0,4862703.0,,,,,,,,,,,,,,,,,1459813.0,192718.0,2908.0,0.132016,0.36348,1264165.0,1128041.0,136122.0,2.0,1459813.0,0.0,0.0,0.0,0.0,137107.0,136702.0,,,,,12521472.0,1828094891.7999964,195648.0,64636.875,0.0,0.0,0.0,1459813.0,0.0,0.0,0.0,
8,spmv,l2,ddr4_2x,Stride,stride,,deg32_dist1,spmv_stride_deg32_dist1_l2_ddr4_2x,top_speedup,pf_unused_ratio,Unused prefetch ratio,low_is_good,1.5210154673839944,0.0024188272807935,0.0424112213491362,0.3531088681716619,0.0024188272807935,0.9551604770056072,2189774906.086977,0.1490083975143222,0.4509469514142851,0.2090296651738742,3.3,24185.245,41677.245,24.229457,4538563.0,192486.0,10978.0,4335056.0,13024448.0,0.005948,0.009047,0.632849,5947847865.0,11279576.0,11329125.0,17861405.0,2176895.0,4827386.0,352632.0,1686995.0,35591568471.0,16349.694621,21864922724.0,62004.930704,17606.0,2916.0,6.037723,170939.0,7488.0,22.828392,490082.0,1686813.0,0.349426,17047.492688,,352632.0,0.20903,61671.931648,57.17,0.0,0.0,5984163819.899587,17904963.68050598,5984153060.0,17904964.0,6002058023.0,38414.0,5984.099258,16.818184000000002,3332.0,4767008.0,64.507238,34826.0,2.0,1680.0,4862382.0,,,,,,,,,,,,,,,,,4538563.0,192486.0,10978.0,0.042411,0.353109,4335056.0,4216070.0,118977.0,9.0,4641932.0,23.0,0.0,0.0,103346.0,1745844.0,1737394.0,,,,,13024448.0,2189774906.086977,203507.0,54059.015,103346.0,0.0,23.0,4641932.0,0.0222635747356919,0.0,4.9548334615845295e-06,
9,spmv,l2,ddr4_2x,AMPM,ampm,stage1,hz8k,spmv_ampm_hz8k_l2_ddr4_2x,top_accuracy,pf_unused_ratio,Unused prefetch ratio,low_is_good,1.2454570484581498,0.002545348228698,0.4473277528948422,0.3470082049229537,0.002545348228698,0.5149318087450893,1739368492.2456346,0.1153134802165219,0.4545501996286633,0.2030713041870213,3.465,38634.35,56126.35,25.373702,407017.0,182070.0,1036.0,209586.0,12635136.0,0.007264,0.009047,0.51817,7264208853.0,11279590.0,11329140.0,21814441.0,2194552.0,4827964.0,342615.0,1687166.0,37399492071.0,17041.971241,25067568566.0,73165.414725,16645.0,3482.0,4.780299,3968.0,291.0,13.635739,507575.0,1686977.0,0.349418,18892.099434,14503.0,328112.0,0.194475,75247.381821,56.965,0.0,0.0,4630175244.219399,14660371.43962606,4630166434.0,14660372.0,4644826806.0,38414.0,4630.104762,13.576703,3332.0,4767009.0,69.786813,64392.0,2.0,1798.0,4864186.0,,,,,,,,,,,,,,,,,407017.0,182070.0,1036.0,0.447328,0.356873,209586.0,76752.0,132834.0,0.0,407064.0,31.0,0.0,10.0,5.0,19981.0,9087.0,,,,,12635136.0,1739368492.2456346,197428.0,69485.765,5.0,10.0,31.0,407064.0,1.2283080793192226e-05,2.456616158638445e-05,7.61551009177918e-05,
10,spmv,l2,ddr4_2x,AMPM,ampm,stage1,hz8k,spmv_ampm_hz8k_l2_ddr4_2x,low_unused,pf_unused_ratio,Unused prefetch ratio,low_is_good,1.2454570484581498,0.002545348228698,0.4473277528948422,0.3470082049229537,0.002545348228698,0.5149318087450893,1739368492.2456346,0.1153134802165219,0.4545501996286633,0.2030713041870213,3.465,38634.35,56126.35,25.373702,407017.0,182070.0,1036.0,209586.0,12635136.0,0.007264,0.009047,0.51817,7264208853.0,11279590.0,11329140.0,21814441.0,2194552.0,4827964.0,342615.0,1687166.0,37399492071.0,17041.971241,25067568566.0,73165.414725,16645.0,3482.0,4.780299,3968.0,291.0,13.635739,507575.0,1686977.0,0.349418,18892.099434,14503.0,328112.0,0.194475,75247.381821,56.965,0.0,0.0,4630175244.219399,14660371.43962606,4630166434.0,14660372.0,4644826806.0,38414.0,4630.104762,13.576703,3332.0,4767009.0,69.786813,64392.0,2.0,1798.0,4864186.0,,,,,,,,,,,,,,,,,407017.0,182070.0,1036.0,0.447328,0.356873,209586.0,76752.0,132834.0,0.0,407064.0,31.0,0.0,10.0,5.0,19981.0,9087.0,,,,,12635136.0,1739368492.2456346,197428.0,69485.765,5.0,10.0,31.0,407064.0,1.2283080793192226e-05,2.456616158638445e-05,7.61551009177918e-05,
11,spmv,l2,ddr4_2x,AMPM,ampm,stage1,hz8k,spmv_ampm_hz8k_l2_ddr4_2x,low_late,pf_unused_ratio,Unused prefetch ratio,low_is_good,1.2454570484581498,0.002545348228698,0.4473277528948422,0.3470082049229537,0.002545348228698,0.5149318087450893,1739368492.2456346,0.1153134802165219,0.4545501996286633,0.2030713041870213,3.465,38634.35,56126.35,25.373702,407017.0,182070.0,1036.0,209586.0,12635136.0,0.007264,0.009047,0.51817,7264208853.0,11279590.0,11329140.0,21814441.0,2194552.0,4827964.0,342615.0,1687166.0,37399492071.0,17041.971241,25067568566.0,73165.414725,16645.0,3482.0,4.780299,3968.0,291.0,13.635739,507575.0,1686977.0,0.349418,18892.099434,14503.0,328112.0,0.194475,75247.381821,56.965,0.0,0.0,4630175244.219399,14660371.43962606,4630166434.0,14660372.0,4644826806.0,38414.0,4630.104762,13.576703,3332.0,4767009.0,69.786813,64392.0,2.0,1798.0,4864186.0,,,,,,,,,,,,,,,,,407017.0,182070.0,1036.0,0.447328,0.356873,209586.0,76752.0,132834.0,0.0,407064.0,31.0,0.0,10.0,5.0,19981.0,9087.0,,,,,12635136.0,1739368492.2456346,197428.0,69485.765,5.0,10.0,31.0,407064.0,1.2283080793192226e-05,2.456616158638445e-05,7.61551009177918e-05,
12,spmv,l2,ddr4_2x,Stride,stride,,deg32_dist8,spmv_stride_deg32_dist8_l2_ddr4_2x,top_speedup,pf_unused_ratio,Unused prefetch ratio,low_is_good,1.5043232457598934,0.0029017360993411,0.043707691101472,0.3096337086313659,0.0029017360993411,0.953380998674372,1917266753.1663773,0.1475369831583119,0.4973745261718831,0.2232560731330958,3.215,21687.025,39179.025,34.709716,3864583.0,168912.0,11214.0,3684420.0,11530432.0,0.006014,0.009047,0.625888,6013994652.0,11279576.0,11329125.0,18060044.0,2401175.0,4827700.0,376610.0,1686897.0,52260497856.0,21764.551878,22681100373.0,60224.371028,79794.0,10827.0,7.369909,224634.0,9417.0,23.854094,714458.0,1686717.0,0.349383,17829.856643,,376610.0,0.223256,59891.371913,56.915,0.0,0.0,5925092066.410438,17708030.37953882,5925081425.0,17708030.0,5942789455.0,38414.0,5925.028215,16.49486,3332.0,4767008.0,80.67563,61166.0,2.0,1734.0,4862926.0,,,,,,,,,,,,,,,,,3864583.0,168912.0,11214.0,0.043708,0.309634,3684420.0,3616115.0,68298.0,7.0,3943270.0,18585.0,0.0,0.0,60102.0,2444506.0,2406847.0,,,,,11530432.0,1917266753.1663773,180163.0,52732.83,60102.0,0.0,18585.0,3943270.0,0.0152416649126232,0.0,0.0047130934478237,
13,spmv,l2,ddr4_2x,Stride,stride,,deg32_dist16,spmv_stride_deg32_dist16_l2_ddr4_2x,top_speedup,pf_unused_ratio,Unused prefetch ratio,low_is_good,1.5407016348773843,0.0029722649368438,0.0469823584634194,0.2651941924175109,0.0029722649368438,0.9500346346500144,1672893221.491826,0.1501869219386075,0.5480966241622557,0.2371069842393498,3.1100000000000003,17894.275,35386.275,42.190709,3072068.0,144333.0,9131.0,2918571.0,9823808.0,0.005872,0.009047,0.640986,5872346109.0,11279581.0,11329130.0,17634673.0,2645635.0,4826950.0,399921.0,1686669.0,64071773424.0,24217.918732,22802526679.0,57017.577669,136018.0,24468.0,5.559016,209668.0,9217.0,22.747966,959152.0,1686483.0,0.349389,18036.371856,,399921.0,0.237107,56684.578502,56.98,0.0,0.0,6031448307.468964,18091576.69320203,6031437409.0,18091576.0,6049528985.0,38414.0,6031.393814,16.849144,3332.0,4767008.0,86.375915,52596.0,2.0,1744.0,4862722.0,,,,,,,,,,,,,,,,,3072068.0,144333.0,9131.0,0.046982,0.265194,2918571.0,2878097.0,40469.0,5.0,3144608.0,18665.0,0.0,0.0,53864.0,3243072.0,3190088.0,,,,,9823808.0,1672893221.491826,153497.0,50798.47,53864.0,0.0,18665.0,3144608.0,0.0171290030426685,0.0,0.0059355569915232,
14,spmv,l2,ddr4_2x,Stride,stride,,deg1_dist4,spmv_stride_deg1_dist4_l2_ddr4_2x,top_accuracy,pf_unused_ratio,Unused prefetch ratio,low_is_good,1.25617883921133,0.0046077440528586,0.9953379193427444,0.3477683063429081,0.0046077440528586,5.433660439691803e-06,1635513465.013959,0.1167670746860533,0.4722880086828462,0.2036321261612306,3.365,35759.48,53251.48,30.426756,184038.0,183180.0,848.0,1.0,11778368.0,0.007202,0.009047,0.522672,7201633158.0,11279581.0,11329130.0,21626526.0,2280164.0,4827910.0,343550.0,1687111.0,45482668803.0,19947.104157,25242256809.0,73474.768764,32814.0,6668.0,4.921116,1.0,1.0,1.0,593242.0,1686922.0,0.34941,19080.568248,,343550.0,0.203632,73141.769734,56.895,0.0,0.0,4688598719.096267,14787756.84119622,4688589833.0,14787756.0,4703377589.0,38414.0,4688.545398,13.747992,3332.0,4767008.0,78.975615,84003.0,2.0,1680.0,4863143.0,,,,,,,,,,,,,,,,,184038.0,183180.0,848.0,0.995338,0.347768,1.0,1.0,0.0,0.0,184038.0,0.0,0.0,0.0,0.0,15580.0,15523.0,,,,,11778368.0,1635513465.013959,184037.0,66820.905,0.0,0.0,0.0,184038.0,0.0,0.0,0.0,
15,spmv,l2,ddr4_2x,IMP,imp,stage3,s64,spmv_imp3_s64_l2_ddr4_2x,low_unused,pf_unused_ratio,Unused prefetch ratio,low_is_good,1.3119199535962875,0.0061532418559153,0.0388531560150547,0.220866239801011,0.0061532418559153,0.9548340888148696,1329513912.889019,0.1334621339622104,0.646502425452457,0.2577666817652541,3.115,21255.185,38747.185,65.546373,3172149.0,123248.0,19519.0,3028876.0,9168576.0,0.006896,0.009047,0.545822,6896186577.0,11279576.0,11329125.0,20709269.0,3120225.0,4826316.0,434773.0,1686692.0,101150908506.0,32417.825159,27457134757.0,63152.805618,231331.0,51245.0,4.514216,206159.0,8906.0,23.148327,1433713.0,1686512.0,0.349441,21097.783898,445.0,434328.0,0.257503,62838.478935,57.125,0.0,0.0,5360421094.651018,15442737.63636022,5360411815.0,15442738.0,5375854551.0,38414.0,5360.365412,14.375481,3332.0,4767008.0,104.235653,103461.0,2.0,1761.0,4861847.0,,,,,,,,,,,,,,,,,3172149.0,123248.0,19519.0,0.038853,0.221043,3028876.0,2988524.0,40338.0,14.0,4698294.0,987.0,0.0,256.0,1512918.0,23109578.0,0.0,,,,,9168576.0,1329513912.889019,143259.0,48087.97,1512918.0,256.0,987.0,4698294.0,0.3220143311593527,5.448786304135076e-05,0.0002100762532102,stage3: s64
16,spmv,l2,ddr4_2x,IMP,imp,stage3,s64_dist32_addr16,spmv_imp3_s64_dist32_addr16_l2_ddr4_2x,low_unused,pf_unused_ratio,Unused prefetch ratio,low_is_good,1.3119199535962875,0.0061532418559153,0.0388531560150547,0.220866239801011,0.0061532418559153,0.9548340888148696,1329513912.889019,0.1334621339622104,0.646502425452457,0.2577666817652541,3.115,21255.185,38747.185,65.546373,3172149.0,123248.0,19519.0,3028876.0,9168576.0,0.006896,0.009047,0.545822,6896186577.0,11279576.0,11329125.0,20709269.0,3120225.0,4826316.0,434773.0,1686692.0,101150908506.0,32417.825159,27457134757.0,63152.805618,231331.0,51245.0,4.514216,206159.0,8906.0,23.148327,1433713.0,1686512.0,0.349441,21097.783898,445.0,434328.0,0.257503,62838.478935,57.125,0.0,0.0,5360421094.651018,15442737.63636022,5360411815.0,15442738.0,5375854551.0,38414.0,5360.365412,14.375481,3332.0,4767008.0,104.235653,103461.0,2.0,1761.0,4861847.0,,,,,,,,,,,,,,,,,3172149.0,123248.0,19519.0,0.038853,0.221043,3028876.0,2988524.0,40338.0,14.0,4698294.0,987.0,0.0,256.0,1512918.0,23109578.0,0.0,,,,,9168576.0,1329513912.889019,143259.0,48087.97,1512918.0,256.0,987.0,4698294.0,0.3220143311593527,5.448786304135076e-05,0.0002100762532102,stage3: s64_dist32_addr16
17,spmv,l2,ddr4_2x,IMP,imp,stage3,s64_dist8_addr16,spmv_imp3_s64_dist8_addr16_l2_ddr4_2x,low_unused,pf_unused_ratio,Unused prefetch ratio,low_is_good,1.3119199535962875,0.0061532418559153,0.0388531560150547,0.220866239801011,0.0061532418559153,0.9548340888148696,1329513912.889019,0.1334621339622104,0.646502425452457,0.2577666817652541,3.115,21255.185,38747.185,65.546373,3172149.0,123248.0,19519.0,3028876.0,9168576.0,0.006896,0.009047,0.545822,6896186577.0,11279576.0,11329125.0,20709269.0,3120225.0,4826316.0,434773.0,1686692.0,101150908506.0,32417.825159,27457134757.0,63152.805618,231331.0,51245.0,4.514216,206159.0,8906.0,23.148327,1433713.0,1686512.0,0.349441,21097.783898,445.0,434328.0,0.257503,62838.478935,57.125,0.0,0.0,5360421094.651018,15442737.63636022,5360411815.0,15442738.0,5375854551.0,38414.0,5360.365412,14.375481,3332.0,4767008.0,104.235653,103461.0,2.0,1761.0,4861847.0,,,,,,,,,,,,,,,,,3172149.0,123248.0,19519.0,0.038853,0.221043,3028876.0,2988524.0,40338.0,14.0,4698294.0,987.0,0.0,256.0,1512918.0,23109578.0,0.0,,,,,9168576.0,1329513912.889019,143259.0,48087.97,1512918.0,256.0,987.0,4698294.0,0.3220143311593527,5.448786304135076e-05,0.0002100762532102,stage3: s64_dist8_addr16
18,spmv,l2,ddr4_2x,AMPM,ampm,stage1,hz4k,spmv_ampm_hz4k_l2_ddr4_2x,top_accuracy,pf_unused_ratio,Unused prefetch ratio,low_is_good,1.2483786394370084,0.0129238282395729,0.3700852789347099,0.3764058141789598,0.0129238282395729,0.5891175866721418,1979351462.7014625,0.1194687371277055,0.4556859853502083,0.1982395226049043,3.565,38410.48,55902.48,25.126222,545504.0,201883.0,7050.0,321366.0,14344320.0,0.007247,0.009047,0.519401,7246979766.0,11279581.0,11329130.0,21762702.0,2200077.0,4828055.0,334461.0,1687156.0,37007237385.0,16820.882808,24500890049.0,73254.848993,16288.0,3451.0,4.719791,5912.0,514.0,11.501946,513109.0,1686968.0,0.349409,18586.15518,15354.0,319107.0,0.189139,75513.452036,56.965,0.0,0.0,4797514153.843161,14695225.2439889,4797505322.0,14695226.0,4812200548.0,38414.0,4797.452335,13.670798,3332.0,4767008.0,69.557676,63270.0,2.0,1771.0,4864430.0,,,,,,,,,,,,,,,,,545504.0,201883.0,7050.0,0.370085,0.387499,321366.0,187849.0,133507.0,10.0,545954.0,143.0,0.0,81.0,214.0,44408.0,12246.0,,,,,14344320.0,1979351462.7014625,224134.0,66650.78,214.0,81.0,143.0,545954.0,0.0003919744154269,0.0001483641478952,0.0002619268290002,
19,spmv,l2,ddr4_2x,AMPM,ampm,stage1,hz4k,spmv_ampm_hz4k_l2_ddr4_2x,low_unused,pf_unused_ratio,Unused prefetch ratio,low_is_good,1.2483786394370084,0.0129238282395729,0.3700852789347099,0.3764058141789598,0.0129238282395729,0.5891175866721418,1979351462.7014625,0.1194687371277055,0.4556859853502083,0.1982395226049043,3.565,38410.48,55902.48,25.126222,545504.0,201883.0,7050.0,321366.0,14344320.0,0.007247,0.009047,0.519401,7246979766.0,11279581.0,11329130.0,21762702.0,2200077.0,4828055.0,334461.0,1687156.0,37007237385.0,16820.882808,24500890049.0,73254.848993,16288.0,3451.0,4.719791,5912.0,514.0,11.501946,513109.0,1686968.0,0.349409,18586.15518,15354.0,319107.0,0.189139,75513.452036,56.965,0.0,0.0,4797514153.843161,14695225.2439889,4797505322.0,14695226.0,4812200548.0,38414.0,4797.452335,13.670798,3332.0,4767008.0,69.557676,63270.0,2.0,1771.0,4864430.0,,,,,,,,,,,,,,,,,545504.0,201883.0,7050.0,0.370085,0.387499,321366.0,187849.0,133507.0,10.0,545954.0,143.0,0.0,81.0,214.0,44408.0,12246.0,,,,,14344320.0,1979351462.7014625,224134.0,66650.78,214.0,81.0,143.0,545954.0,0.0003919744154269,0.0001483641478952,0.0002619268290002,
20,spmv,l2,ddr4_2x,Stride,stride,,deg1_dist8,spmv_stride_deg1_dist8_l2_ddr4_2x,top_accuracy,pf_unused_ratio,Unused prefetch ratio,low_is_good,1.2688639551192145,0.0152310005945511,0.9846990522155772,0.3195047036884331,0.0152310005945511,0.0,1539879157.7165153,0.1187767274439189,0.4934379118977243,0.2132798653222603,3.285,32712.885,50204.885,34.547624,171558.0,168933.0,2613.0,0.0,10979712.0,0.00713,0.009047,0.527905,7130242620.0,11279576.0,11329125.0,21412140.0,2382073.0,4827503.0,359801.0,1686990.0,52044524046.0,21848.416923,25453952901.0,70744.530729,49548.0,10751.0,4.608688,6.0,1.0,6.0,695263.0,1686810.0,0.349417,19276.841345,,359801.0,0.21328,70411.531655,56.7,0.0,0.0,4769399557.9634285,14935817.14895418,4769390582.0,14935818.0,4784326399.0,38414.0,4769.345703,14.002329,3332.0,4767008.0,84.292137,96476.0,2.0,1749.0,4863520.0,,,,,,,,,,,,,,,,,171558.0,168933.0,2613.0,0.984699,0.319505,0.0,0.0,0.0,0.0,171558.0,0.0,0.0,0.0,0.0,28046.0,27620.0,,,,,10979712.0,1539879157.7165153,171558.0,64796.285,0.0,0.0,0.0,171558.0,0.0,0.0,0.0,
21,spmv,l2,ddr4_2x,Stride,stride,,deg1_dist8,spmv_stride_deg1_dist8_l2_ddr4_2x,low_late,pf_unused_ratio,Unused prefetch ratio,low_is_good,1.2688639551192145,0.0152310005945511,0.9846990522155772,0.3195047036884331,0.0152310005945511,0.0,1539879157.7165153,0.1187767274439189,0.4934379118977243,0.2132798653222603,3.285,32712.885,50204.885,34.547624,171558.0,168933.0,2613.0,0.0,10979712.0,0.00713,0.009047,0.527905,7130242620.0,11279576.0,11329125.0,21412140.0,2382073.0,4827503.0,359801.0,1686990.0,52044524046.0,21848.416923,25453952901.0,70744.530729,49548.0,10751.0,4.608688,6.0,1.0,6.0,695263.0,1686810.0,0.349417,19276.841345,,359801.0,0.21328,70411.531655,56.7,0.0,0.0,4769399557.9634285,14935817.14895418,4769390582.0,14935818.0,4784326399.0,38414.0,4769.345703,14.002329,3332.0,4767008.0,84.292137,96476.0,2.0,1749.0,4863520.0,,,,,,,,,,,,,,,,,171558.0,168933.0,2613.0,0.984699,0.319505,0.0,0.0,0.0,0.0,171558.0,0.0,0.0,0.0,0.0,28046.0,27620.0,,,,,10979712.0,1539879157.7165153,171558.0,64796.285,0.0,0.0,0.0,171558.0,0.0,0.0,0.0,
22,spmv,l2,ddr4_2x,Stride,stride,,deg1_dist16,spmv_stride_deg1_dist16_l2_ddr4_2x,top_accuracy,pf_unused_ratio,Unused prefetch ratio,low_is_good,1.269932622122403,0.0156381070593129,0.984341433140784,0.2718386442440074,0.0156381070593129,0.0,1317195518.234198,0.1192948356811536,0.5480845822111026,0.2292012240886029,3.16,29564.08,47056.08,47.214562,146629.0,144333.0,2293.0,0.0,9384256.0,0.007124,0.009047,0.528336,7124421447.0,11279576.0,11329125.0,21394659.0,2645641.0,4827067.0,386618.0,1686806.0,72164768328.0,27276.855903,26610417612.0,68828.708472,111853.0,25932.0,4.313319,0.0,0.0,,959017.0,1686624.0,0.34941,20149.664699,,386618.0,0.229201,68495.709333,56.92,0.0,0.0,4790256760.339574,14948020.80312698,4790247777.0,14948020.0,4805195798.0,38414.0,4790.202861,13.941904,3332.0,4767008.0,97.208133,111286.0,2.0,1698.0,4863228.0,,,,,,,,,,,,,,,,,146629.0,144333.0,2293.0,0.984341,0.271839,0.0,0.0,0.0,0.0,146629.0,0.0,0.0,0.0,0.0,52989.0,52172.0,,,,,9384256.0,1317195518.234198,146629.0,62139.545,0.0,0.0,0.0,146629.0,0.0,0.0,0.0,
23,spmv,l2,ddr4_2x,Stride,stride,,deg1_dist16,spmv_stride_deg1_dist16_l2_ddr4_2x,low_late,pf_unused_ratio,Unused prefetch ratio,low_is_good,1.269932622122403,0.0156381070593129,0.984341433140784,0.2718386442440074,0.0156381070593129,0.0,1317195518.234198,0.1192948356811536,0.5480845822111026,0.2292012240886029,3.16,29564.08,47056.08,47.214562,146629.0,144333.0,2293.0,0.0,9384256.0,0.007124,0.009047,0.528336,7124421447.0,11279576.0,11329125.0,21394659.0,2645641.0,4827067.0,386618.0,1686806.0,72164768328.0,27276.855903,26610417612.0,68828.708472,111853.0,25932.0,4.313319,0.0,0.0,,959017.0,1686624.0,0.34941,20149.664699,,386618.0,0.229201,68495.709333,56.92,0.0,0.0,4790256760.339574,14948020.80312698,4790247777.0,14948020.0,4805195798.0,38414.0,4790.202861,13.941904,3332.0,4767008.0,97.208133,111286.0,2.0,1698.0,4863228.0,,,,,,,,,,,,,,,,,146629.0,144333.0,2293.0,0.984341,0.271839,0.0,0.0,0.0,0.0,146629.0,0.0,0.0,0.0,0.0,52989.0,52172.0,,,,,9384256.0,1317195518.234198,146629.0,62139.545,0.0,0.0,0.0,146629.0,0.0,0.0,0.0,
24,spmv,l2,ddr4_2x,Stride,stride,,deg1_dist32,spmv_stride_deg1_dist32_l2_ddr4_2x,low_late,pf_unused_ratio,Unused prefetch ratio,low_is_good,1.278185928228313,0.0157792966528451,0.9842000227486584,0.1787826080423153,0.0157792966528451,0.0,874486664.154314,0.1202311910793224,0.6607905874435429,0.2592218181214492,2.915,23096.255,40588.255000000005,68.587034,96709.0,95181.0,1526.0,0.0,6189376.0,0.007078,0.009047,0.531822,7077724857.0,11279581.0,11329130.0,21254429.0,3189130.0,4826234.0,437203.0,1686598.0,106040637216.0,33250.647423,28429967574.0,65026.92702,238291.0,56807.0,4.194747,0.0,0.0,,1502719.0,1686411.0,0.349426,21598.158161,,437203.0,0.259222,64693.927782,57.055,0.0,0.0,4827874591.113113,15046643.11649152,4827865549.0,15046644.0,4842912192.0,38414.0,4827.820336,14.11527,3332.0,4767008.0,107.627198,103438.0,2.0,1707.0,4862279.0,,,,,,,,,,,,,,,,,96709.0,95181.0,1526.0,0.9842,0.178783,0.0,0.0,0.0,0.0,96709.0,0.0,0.0,0.0,0.0,102909.0,95170.0,,,,,6189376.0,874486664.154314,96709.0,54411.65,0.0,0.0,0.0,96709.0,0.0,0.0,0.0,
25,spmv,l2,ddr4_2x,IMP,imp,stage1,default,spmv_imp_default_l2_ddr4_2x,default,pf_unused_ratio,Unused prefetch ratio,low_is_good,1.406779661016949,0.0168712674187126,0.4903583278035833,0.2763625620111334,0.0168712674187126,0.4824751161247511,1552255940.009531,0.1337977220087711,0.5702616352477465,0.2294123261351935,3.035,19112.35,36604.35,47.976249,301400.0,147794.0,5085.0,145418.0,9982656.0,0.006431,0.009047,0.585298,6431063166.0,11279576.0,11329125.0,19312502.0,2752820.0,4827293.0,386989.0,1686871.0,73462737726.0,26686.357163,23135961342.0,59784.545147,140315.0,33032.0,4.247851,5792.0,451.0,12.842572,1066131.0,1686689.0,0.349407,18289.856924,3081.0,383908.0,0.227586,59730.805407,57.075,0.0,0.0,5372822363.598598,16559625.8738411,5372812411.0,16559626.0,5389372037.0,38414.0,5372.762654,15.574408,3332.0,4767008.0,89.872244,44042.0,2.0,1760.0,4861899.0,,,,,,,,,,,,,,,,,301400.0,147794.0,5085.0,0.490358,0.277964,145418.0,133125.0,12287.0,6.0,302396.0,107.0,0.0,85.0,83.0,1244412.0,0.0,,,,,9982656.0,1552255940.009531,155979.0,46558.28,83.0,85.0,107.0,302396.0,0.0002744745300863,0.0002810883741848,0.0003538406592679,IMP default
26,spmv,l2,ddr4_2x,AMPM,ampm,stage1,hz2k,spmv_ampm_hz2k_l2_ddr4_2x,low_unused,pf_unused_ratio,Unused prefetch ratio,low_is_good,1.264607212748113,0.0169619063616512,0.2694054650365682,0.4310976717155206,0.0169619063616512,0.7092619158952754,2291662916.8270884,0.1259709625246126,0.4526671859831765,0.1856568718154485,3.695,37514.455,55006.455,24.196959,881092.0,237371.0,14945.0,624925.0,16394112.0,0.007154,0.009047,0.526166,7153806033.0,11279576.0,11329125.0,21482901.0,2185541.0,4828141.0,313249.0,1687247.0,35520923853.0,16252.6916,23483040249.0,74966.050168,15216.0,3153.0,4.82588,7054.0,530.0,13.309434,498478.0,1687063.0,0.349423,18041.932235,3903.0,309346.0,0.183344,75196.624718,56.855,0.0,0.0,5059232502.676943,14886621.12290178,5059223556.0,14886622.0,5074110177.0,38414.0,5059.169879,13.929368,3332.0,4767008.0,68.351457,60593.0,2.0,1807.0,4864615.0,,,,,,,,,,,,,,,,,881092.0,237371.0,14945.0,0.269405,0.434175,624925.0,478489.0,146427.0,9.0,881710.0,226.0,0.0,143.0,208.0,54652.0,23569.0,,,,,16394112.0,2291662916.8270884,256162.0,63435.265,208.0,143.0,226.0,881710.0,0.0002359052296106,0.0001621848453573,0.00025632010525,
27,spmv,l2,ddr4_2x,AMPM,ampm,stage1,ls32,spmv_ampm_ls32_l2_ddr4_2x,top_speedup,pf_unused_ratio,Unused prefetch ratio,low_is_good,1.3909901599015988,0.0188093724982049,0.0829432679317431,0.4696827095393422,0.0188093724982049,0.8841423935325653,4005589312.171935,0.1681256748322005,0.497815655898744,0.1950437696228326,4.12,30159.705,47651.705,29.405494,3513727.0,291440.0,66091.0,3106635.0,26051904.0,0.006504,0.009047,0.578744,6503887935.0,11279576.0,11329125.0,19531195.0,2403337.0,4827765.0,329064.0,1687129.0,43867077678.0,18252.570354,21457746617.0,65208.429415,37424.0,8539.0,4.382715,74212.0,2420.0,30.666116,716391.0,1686946.0,0.349426,16981.058589,49614.0,279450.0,0.165636,69518.499939,57.1,0.0,0.0,6755737558.6915,16374205.86952348,6755727719.0,16374206.0,6772101924.0,38414.0,6755.678517,15.262256,3332.0,4767008.0,69.675296,41047.0,2.0,1742.0,4863139.0,,,,,,,,,,,,,,,,,3513727.0,291440.0,66091.0,0.082943,0.510501,3106635.0,3017162.0,89384.0,89.0,3563901.0,2220.0,0.0,588.0,47203.0,976341.0,794682.0,,,,,26051904.0,4005589312.171935,407064.0,51304.41,47203.0,588.0,2220.0,3563901.0,0.0132447562376171,0.0001649877479761,0.0006229129260324,
28,spmv,l2,ddr4_2x,AMPM,ampm,stage1,ls16,spmv_ampm_ls16_l2_ddr4_2x,top_speedup,pf_unused_ratio,Unused prefetch ratio,low_is_good,1.3755511631442905,0.0195007207881757,0.089116672442252,0.571693333479553,0.0195007207881757,0.8902545970851488,4372255336.930412,0.1739673362764108,0.4529990986259016,0.1620362879446571,4.415,31762.915,49254.915,22.616044,4094823.0,364917.0,79852.0,3645435.0,28756992.0,0.006577,0.009047,0.572298,6577152930.0,11279581.0,11329130.0,19751210.0,2187163.0,4828184.0,273392.0,1687227.0,33021254691.0,15097.756633,19716270811.0,72117.219271,14657.0,2848.0,5.146419,77979.0,2337.0,33.367137,500122.0,1687041.0,0.349415,15969.753197,4307.0,269085.0,0.159484,72252.569411,57.05,0.0,0.0,6991202498.92076,16201539.04494965,6991202499.0,16201539.0,7007404038.0,38414.0,6991.124653,15.121436,3332.0,4767008.0,64.537858,46921.0,2.0,1690.0,4863564.0,,,,,,,,,,,,,,,,,4094823.0,364917.0,79852.0,0.089117,0.575577,3645435.0,3497882.0,147470.0,83.0,4114570.0,1765.0,0.0,573.0,17228.0,610200.0,486025.0,,,,,28756992.0,4372255336.930412,449335.0,51770.495,17228.0,573.0,1765.0,4114570.0,0.0041870717960807,0.0001392612107705,0.0004289634153751,
29,spmv,l2,ddr4_2x,AMPM,ampm,stage1,ls16,spmv_ampm_ls16_l2_ddr4_2x,top_coverage,pf_unused_ratio,Unused prefetch ratio,low_is_good,1.3755511631442905,0.0195007207881757,0.089116672442252,0.571693333479553,0.0195007207881757,0.8902545970851488,4372255336.930412,0.1739673362764108,0.4529990986259016,0.1620362879446571,4.415,31762.915,49254.915,22.616044,4094823.0,364917.0,79852.0,3645435.0,28756992.0,0.006577,0.009047,0.572298,6577152930.0,11279581.0,11329130.0,19751210.0,2187163.0,4828184.0,273392.0,1687227.0,33021254691.0,15097.756633,19716270811.0,72117.219271,14657.0,2848.0,5.146419,77979.0,2337.0,33.367137,500122.0,1687041.0,0.349415,15969.753197,4307.0,269085.0,0.159484,72252.569411,57.05,0.0,0.0,6991202498.92076,16201539.04494965,6991202499.0,16201539.0,7007404038.0,38414.0,6991.124653,15.121436,3332.0,4767008.0,64.537858,46921.0,2.0,1690.0,4863564.0,,,,,,,,,,,,,,,,,4094823.0,364917.0,79852.0,0.089117,0.575577,3645435.0,3497882.0,147470.0,83.0,4114570.0,1765.0,0.0,573.0,17228.0,610200.0,486025.0,,,,,28756992.0,4372255336.930412,449335.0,51770.495,17228.0,573.0,1765.0,4114570.0,0.0041870717960807,0.0001392612107705,0.0004289634153751,
30,spmv,l2,ddr4_2x,AMPM,ampm,stage1,epoch64k,spmv_ampm_epoch64k_l2_ddr4_2x,top_speedup,pf_unused_ratio,Unused prefetch ratio,low_is_good,1.374506229109693,0.0196238643672945,0.0914887888325634,0.5697612106830522,0.0196238643672945,0.8878217074000998,4321757188.089964,0.1728431227777317,0.4527598660439576,0.1622659961296937,4.4,31749.845,49241.845,22.482322,3962879.0,362559.0,77767.0,3518330.0,28447808.0,0.006582,0.009047,0.571837,6582463281.0,11279590.0,11329140.0,19767157.0,2185993.0,4828151.0,273776.0,1687205.0,32807301192.0,15007.962602,19700231599.0,71957.482025,14194.0,2814.0,5.044065,67525.0,2090.0,32.308612,498976.0,1687017.0,0.349413,15957.830056,3927.0,269849.0,0.159938,72028.397296,57.105,0.0,0.0,6945941974.636288,16188468.57947251,6945932252.0,16188469.0,6962120720.0,38414.0,6945.864192,15.128682,3332.0,4767009.0,64.093738,43850.0,2.0,1801.0,4863619.0,,,,,,,,,,,,,,,,,3962879.0,362559.0,77767.0,0.091489,0.573299,3518330.0,3369535.0,148720.0,75.0,3978672.0,1674.0,0.0,586.0,13364.0,551465.0,435270.0,,,,,28447808.0,4321757188.089964,444504.0,51917.2,13364.0,586.0,1674.0,3978672.0,0.0033589097065553,0.0001472853253547,0.0004207434038292,
31,spmv,l2,ddr4_2x,AMPM,ampm,stage1,epoch64k,spmv_ampm_epoch64k_l2_ddr4_2x,top_coverage,pf_unused_ratio,Unused prefetch ratio,low_is_good,1.374506229109693,0.0196238643672945,0.0914887888325634,0.5697612106830522,0.0196238643672945,0.8878217074000998,4321757188.089964,0.1728431227777317,0.4527598660439576,0.1622659961296937,4.4,31749.845,49241.845,22.482322,3962879.0,362559.0,77767.0,3518330.0,28447808.0,0.006582,0.009047,0.571837,6582463281.0,11279590.0,11329140.0,19767157.0,2185993.0,4828151.0,273776.0,1687205.0,32807301192.0,15007.962602,19700231599.0,71957.482025,14194.0,2814.0,5.044065,67525.0,2090.0,32.308612,498976.0,1687017.0,0.349413,15957.830056,3927.0,269849.0,0.159938,72028.397296,57.105,0.0,0.0,6945941974.636288,16188468.57947251,6945932252.0,16188469.0,6962120720.0,38414.0,6945.864192,15.128682,3332.0,4767009.0,64.093738,43850.0,2.0,1801.0,4863619.0,,,,,,,,,,,,,,,,,3962879.0,362559.0,77767.0,0.091489,0.573299,3518330.0,3369535.0,148720.0,75.0,3978672.0,1674.0,0.0,586.0,13364.0,551465.0,435270.0,,,,,28447808.0,4321757188.089964,444504.0,51917.2,13364.0,586.0,1674.0,3978672.0,0.0033589097065553,0.0001472853253547,0.0004207434038292,
32,spmv,l2,ddr4_2x,AMPM,ampm,stage1,epoch128k,spmv_ampm_epoch128k_l2_ddr4_2x,top_coverage,pf_unused_ratio,Unused prefetch ratio,low_is_good,1.3732544019429265,0.0197548782657971,0.0916653309623003,0.5701951203427913,0.0197548782657971,0.8875251943292093,4328111813.16692,0.1729505017540211,0.4528926540707416,0.1622401081055451,4.405,31806.81,49298.81,22.522403,3961705.0,363151.0,78263.0,3516113.0,28514176.0,0.006588,0.009047,0.571344,6588132939.0,11279576.0,11329125.0,19784183.0,2186717.0,4828334.0,273738.0,1687240.0,32870963466.0,15032.106791,19713632173.0,72016.425096,14582.0,2847.0,5.121883,73455.0,2180.0,33.694954,499660.0,1687057.0,0.349408,15965.777403,3871.0,269867.0,0.159946,72090.389925,57.145,0.0,0.0,6950271408.298307,16174537.00261467,6950271408.0,16174537.0,6966445945.0,38414.0,6950.193693,15.096235,3332.0,4767008.0,64.357621,44058.0,2.0,1759.0,4863588.0,,,,,,,,,,,,,,,,,3961705.0,363151.0,78263.0,0.091665,0.573682,3516113.0,3367547.0,148477.0,89.0,3977171.0,1662.0,0.0,591.0,13033.0,550817.0,434518.0,,,,,28514176.0,4328111813.16692,445541.0,51965.73,13033.0,591.0,1662.0,3977171.0,0.0032769523865078,0.0001485980864287,0.0004178849740179,
33,spmv,l2,ddr4_2x,AMPM,ampm,stage1,default,spmv_ampm_default_l2_ddr4_2x,default,pf_unused_ratio,Unused prefetch ratio,low_is_good,1.3734628814331258,0.0198220506843469,0.0921825859334696,0.5688257422723035,0.0198220506843469,0.8868499659259542,4314839549.312799,0.1726875610538255,0.4530358978862591,0.1625683618812905,4.4,31916.195,49408.195,22.562228,3925275.0,361842.0,77807.0,3481130.0,28421824.0,0.006587,0.009047,0.571443,6586994412.0,11279576.0,11329125.0,19780764.0,2187270.0,4828028.0,274279.0,1687161.0,32934442590.0,15057.328355,19748498916.0,72001.498168,14367.0,2815.0,5.10373,72226.0,2200.0,32.83,500292.0,1686978.0,0.349413,15986.942361,4179.0,270100.0,0.160091,72095.885243,57.0,0.0,0.0,6939677361.305161,16177332.68543116,6939677361.0,16177332.0,6955854694.0,38414.0,6939.599632,15.10856,3332.0,4767008.0,64.583177,44249.0,2.0,1689.0,4863398.0,,,,,,,,,,,,,,,,,3925275.0,361842.0,77807.0,0.092183,0.572587,3481130.0,3332582.0,148474.0,74.0,3940382.0,1660.0,0.0,586.0,12680.0,544174.0,429363.0,,,,,28421824.0,4314839549.312799,444098.0,52148.41,12680.0,586.0,1660.0,3940382.0,0.0032179621163633,0.0001487165457562,0.0004212789521422,
34,spmv,l2,ddr4_2x,AMPM,ampm,stage1,hz512,spmv_ampm_hz512_l2_ddr4_2x,top_accuracy,pf_unused_ratio,Unused prefetch ratio,low_is_good,1.2640771272879696,0.0202581934986655,0.3208436008309741,0.4103433288293285,0.0202581934986655,0.6338054604839386,2302733561.869664,0.1256063538215332,0.455117867225641,0.1921752710828199,3.7,38337.005,55829.005,24.795133,703271.0,225640.0,14247.0,445737.0,16481600.0,0.007157,0.009047,0.525901,7157406429.0,11279581.0,11329130.0,21493713.0,2197259.0,4827890.0,324241.0,1687215.0,36493757379.0,16608.764547,23755476666.0,73264.876021,16815.0,3150.0,5.338095,5273.0,276.0,19.105072,510234.0,1687025.0,0.349433,18159.991883,17619.0,306622.0,0.181733,75941.648783,56.76,0.0,0.0,5044553548.574236,14879132.6937234,5044544607.0,14879132.0,5059423739.0,38414.0,5044.490956,13.841885,3332.0,4767008.0,69.044166,61846.0,2.0,1650.0,4863168.0,,,,,,,,,,,,,,,,,703271.0,225640.0,14247.0,0.320844,0.423927,445737.0,310018.0,135713.0,6.0,703427.0,36.0,0.0,89.0,0.0,17937.0,9931.0,,,,,16481600.0,2302733561.869664,257530.0,64217.735,0.0,89.0,36.0,703427.0,0.0,0.0001265234345568,5.1178018472421445e-05,
35,spmv,l2,ddr4_2x,AMPM,ampm,stage1,hz256,spmv_ampm_hz256_l2_ddr4_2x,low_late,pf_unused_ratio,Unused prefetch ratio,low_is_good,1.2350853242320818,0.0223591558351378,0.2305868313984888,0.1660720967018963,0.0223591558351378,0.3956212676874964,2053149335.928355,0.1193573251820469,0.5821563985754981,0.2668752385852517,3.47,36458.07,53950.07,43.878547,388834.0,89660.0,8694.0,153831.0,15039872.0,0.007325,0.009047,0.51385,7325269398.0,11279576.0,11329125.0,21997806.0,2810367.0,4827512.0,450226.0,1687028.0,66976505784.0,23831.942869,28050230672.0,62302.55621,79922.0,18644.0,4.286741,1378.0,81.0,17.012346,1123524.0,1686843.0,0.349423,20734.071793,136613.0,313613.0,0.185897,72306.654951,57.08,0.0,0.0,4793183443.817966,14538168.38860238,4793174707.0,14538168.0,4807712875.0,38414.0,4793.122285,13.577111,3332.0,4767008.0,80.739089,52339.0,2.0,1739.0,4862352.0,,,,,,,,,,,,,,,,,388834.0,89660.0,8694.0,0.230587,0.222331,153831.0,153437.0,388.0,6.0,388948.0,0.0,0.0,94.0,0.0,6214.0,983.0,,,,,15039872.0,2053149335.928355,235001.0,65703.605,0.0,94.0,0.0,388948.0,0.0,0.0002416775507265,0.0,
36,spmv,l2,ddr4_2x,AMPM,ampm,stage1,assoc2,spmv_ampm_assoc2_l2_ddr4_2x,low_late,pf_unused_ratio,Unused prefetch ratio,low_is_good,1.2265455531453362,0.0333591068532418,0.2229774073096217,0.2129860304250317,0.0333591068532418,0.5146418737977596,2233146786.9465504,0.1237468264169594,0.592994367555529,0.2589902853227042,3.505,34116.134999999995,51608.135,48.819318,530260.0,118236.0,17689.0,272894.0,16470912.0,0.007376,0.009047,0.51034,7375651299.0,11279576.0,11329125.0,22149103.0,2862825.0,4827744.0,436899.0,1686932.0,74824063704.0,26136.443444,27217144338.0,62296.1928,117238.0,29047.0,4.036148,6952.0,674.0,10.31454,1176076.0,1686749.0,0.349387,20462.178561,121487.0,315412.0,0.186974,71567.209386,57.155,0.0,0.0,4970091794.465675,14438860.47248992,4970083117.0,14438860.0,4984521978.0,38414.0,4970.039731999999,13.406273,3332.0,4767008.0,87.727808,79979.0,2.0,1654.0,4862302.0,,,,,,,,,,,,,,,,,530260.0,118236.0,17689.0,0.222977,0.272654,272894.0,269730.0,3154.0,10.0,531059.0,57.0,0.0,230.0,404.0,12919.0,2443.0,,,,,16470912.0,2233146786.9465504,257361.0,60439.36,404.0,230.0,57.0,531059.0,0.0007607440981133,0.0004330968875398,0.000107332706912,
37,spmv,l2,ddr4_2x,Next-line,nextline,,deg1,spmv_nextline_deg1_l2_ddr4_2x,top_accuracy,pf_unused_ratio,Unused prefetch ratio,low_is_good,1.2369428493300518,0.0351844488784968,0.2217216687762866,0.2180966818862745,0.0351844488784968,0.4913548137637201,2440333453.6221657,0.125665473014453,0.5863935356959916,0.2583452775989596,3.62,36203.33,53695.33,43.869964,548282.0,121566.0,19291.0,269401.0,17848000.0,0.007314,0.009047,0.514659,7313754591.0,11279581.0,11329130.0,21963227.0,2831030.0,4827867.0,435829.0,1687002.0,66958150158.0,23651.515582,27166729082.0,62333.458953,81217.0,19201.0,4.229832,7561.0,582.0,12.991409,1144218.0,1686812.0,0.349391,20288.983227,137919.0,297910.0,0.176591,72864.384972,57.0,0.0,0.0,5047252753.794238,14561057.34406914,5047244003.0,14561058.0,5061805060.0,38414.0,5047.209000000001,13.510981,3332.0,4767008.0,79.978048,52927.0,2.0,1664.0,4862572.0,,,,,,,,,,,,,,,,,548282.0,121566.0,19291.0,0.221722,0.289804,269401.0,269375.0,8.0,18.0,548676.0,0.0,0.0,381.0,13.0,8719.0,1652.0,,,,,17848000.0,2440333453.6221657,278876.0,62235.4,13.0,381.0,0.0,548676.0,2.3693400112270262e-05,0.0006943988802134,0.0,
38,spmv,l2,ddr4_2x,Next-line,nextline,,deg1,spmv_nextline_deg1_l2_ddr4_2x,low_unused,pf_unused_ratio,Unused prefetch ratio,low_is_good,1.2369428493300518,0.0351844488784968,0.2217216687762866,0.2180966818862745,0.0351844488784968,0.4913548137637201,2440333453.6221657,0.125665473014453,0.5863935356959916,0.2583452775989596,3.62,36203.33,53695.33,43.869964,548282.0,121566.0,19291.0,269401.0,17848000.0,0.007314,0.009047,0.514659,7313754591.0,11279581.0,11329130.0,21963227.0,2831030.0,4827867.0,435829.0,1687002.0,66958150158.0,23651.515582,27166729082.0,62333.458953,81217.0,19201.0,4.229832,7561.0,582.0,12.991409,1144218.0,1686812.0,0.349391,20288.983227,137919.0,297910.0,0.176591,72864.384972,57.0,0.0,0.0,5047252753.794238,14561057.34406914,5047244003.0,14561058.0,5061805060.0,38414.0,5047.209000000001,13.510981,3332.0,4767008.0,79.978048,52927.0,2.0,1664.0,4862572.0,,,,,,,,,,,,,,,,,548282.0,121566.0,19291.0,0.221722,0.289804,269401.0,269375.0,8.0,18.0,548676.0,0.0,0.0,381.0,13.0,8719.0,1652.0,,,,,17848000.0,2440333453.6221657,278876.0,62235.4,13.0,381.0,0.0,548676.0,2.3693400112270262e-05,0.0006943988802134,0.0,
39,spmv,l2,ddr4_2x,Next-line,nextline,,deg1,spmv_nextline_deg1_l2_ddr4_2x,low_late,pf_unused_ratio,Unused prefetch ratio,low_is_good,1.2369428493300518,0.0351844488784968,0.2217216687762866,0.2180966818862745,0.0351844488784968,0.4913548137637201,2440333453.6221657,0.125665473014453,0.5863935356959916,0.2583452775989596,3.62,36203.33,53695.33,43.869964,548282.0,121566.0,19291.0,269401.0,17848000.0,0.007314,0.009047,0.514659,7313754591.0,11279581.0,11329130.0,21963227.0,2831030.0,4827867.0,435829.0,1687002.0,66958150158.0,23651.515582,27166729082.0,62333.458953,81217.0,19201.0,4.229832,7561.0,582.0,12.991409,1144218.0,1686812.0,0.349391,20288.983227,137919.0,297910.0,0.176591,72864.384972,57.0,0.0,0.0,5047252753.794238,14561057.34406914,5047244003.0,14561058.0,5061805060.0,38414.0,5047.209000000001,13.510981,3332.0,4767008.0,79.978048,52927.0,2.0,1664.0,4862572.0,,,,,,,,,,,,,,,,,548282.0,121566.0,19291.0,0.221722,0.289804,269401.0,269375.0,8.0,18.0,548676.0,0.0,0.0,381.0,13.0,8719.0,1652.0,,,,,17848000.0,2440333453.6221657,278876.0,62235.4,13.0,381.0,0.0,548676.0,2.3693400112270262e-05,0.0006943988802134,0.0,
40,spmv,l2,ddr4_2x,Next-line,nextline,,default,spmv_nextline_default_l2_ddr4_2x,default,pf_unused_ratio,Unused prefetch ratio,low_is_good,1.2772836368770295,0.0359695738251536,0.253013962696676,0.4931547886015256,0.0359695738251536,0.6904918203605294,3220555718.30598,0.1422566608119719,0.4595597920909047,0.1774906296896003,4.074999999999999,37870.11,55362.11,24.065563,1151640.0,291381.0,41424.0,795198.0,22809984.0,0.007083,0.009047,0.531454,7082623620.0,11279581.0,11329130.0,21269140.0,2218876.0,4828264.0,299470.0,1687244.0,35335561734.0,15924.982619,21944955347.0,73279.311273,15674.0,3222.0,4.86468,13465.0,836.0,16.106459,531825.0,1687051.0,0.349412,17187.819601,23439.0,276031.0,0.163599,77027.849256,57.21,0.0,0.0,5715070879.341743,15036235.96477374,5715061843.0,15036236.0,5730098079.0,38414.0,5715.025698,14.024182,3332.0,4767008.0,67.090615,57808.0,2.0,1703.0,4863416.0,,,,,,,,,,,,,,,,,1151640.0,291381.0,41424.0,0.253014,0.513526,795198.0,658418.0,136757.0,23.0,1153732.0,90.0,0.0,619.0,1052.0,27970.0,14101.0,,,,,22809984.0,3220555718.30598,356406.0,59620.42,1052.0,619.0,90.0,1153732.0,0.0009118235430758,0.0005365197463535,7.800771756352428e-05,
41,spmv,l2,ddr4_2x,Next-line,nextline,,default,spmv_nextline_default_l2_ddr4_2x,top_accuracy,pf_unused_ratio,Unused prefetch ratio,low_is_good,1.2772836368770295,0.0359695738251536,0.253013962696676,0.4931547886015256,0.0359695738251536,0.6904918203605294,3220555718.30598,0.1422566608119719,0.4595597920909047,0.1774906296896003,4.074999999999999,37870.11,55362.11,24.065563,1151640.0,291381.0,41424.0,795198.0,22809984.0,0.007083,0.009047,0.531454,7082623620.0,11279581.0,11329130.0,21269140.0,2218876.0,4828264.0,299470.0,1687244.0,35335561734.0,15924.982619,21944955347.0,73279.311273,15674.0,3222.0,4.86468,13465.0,836.0,16.106459,531825.0,1687051.0,0.349412,17187.819601,23439.0,276031.0,0.163599,77027.849256,57.21,0.0,0.0,5715070879.341743,15036235.96477374,5715061843.0,15036236.0,5730098079.0,38414.0,5715.025698,14.024182,3332.0,4767008.0,67.090615,57808.0,2.0,1703.0,4863416.0,,,,,,,,,,,,,,,,,1151640.0,291381.0,41424.0,0.253014,0.513526,795198.0,658418.0,136757.0,23.0,1153732.0,90.0,0.0,619.0,1052.0,27970.0,14101.0,,,,,22809984.0,3220555718.30598,356406.0,59620.42,1052.0,619.0,90.0,1153732.0,0.0009118235430758,0.0005365197463535,7.800771756352428e-05,
42,spmv,l2,ddr4_2x,Next-line,nextline,,default,spmv_nextline_default_l2_ddr4_2x,low_unused,pf_unused_ratio,Unused prefetch ratio,low_is_good,1.2772836368770295,0.0359695738251536,0.253013962696676,0.4931547886015256,0.0359695738251536,0.6904918203605294,3220555718.30598,0.1422566608119719,0.4595597920909047,0.1774906296896003,4.074999999999999,37870.11,55362.11,24.065563,1151640.0,291381.0,41424.0,795198.0,22809984.0,0.007083,0.009047,0.531454,7082623620.0,11279581.0,11329130.0,21269140.0,2218876.0,4828264.0,299470.0,1687244.0,35335561734.0,15924.982619,21944955347.0,73279.311273,15674.0,3222.0,4.86468,13465.0,836.0,16.106459,531825.0,1687051.0,0.349412,17187.819601,23439.0,276031.0,0.163599,77027.849256,57.21,0.0,0.0,5715070879.341743,15036235.96477374,5715061843.0,15036236.0,5730098079.0,38414.0,5715.025698,14.024182,3332.0,4767008.0,67.090615,57808.0,2.0,1703.0,4863416.0,,,,,,,,,,,,,,,,,1151640.0,291381.0,41424.0,0.253014,0.513526,795198.0,658418.0,136757.0,23.0,1153732.0,90.0,0.0,619.0,1052.0,27970.0,14101.0,,,,,22809984.0,3220555718.30598,356406.0,59620.42,1052.0,619.0,90.0,1153732.0,0.0009118235430758,0.0005365197463535,7.800771756352428e-05,
43,spmv,l2,ddr4_2x,Next-line,nextline,,default,spmv_nextline_default_l2_ddr4_2x,low_late,pf_unused_ratio,Unused prefetch ratio,low_is_good,1.2772836368770295,0.0359695738251536,0.253013962696676,0.4931547886015256,0.0359695738251536,0.6904918203605294,3220555718.30598,0.1422566608119719,0.4595597920909047,0.1774906296896003,4.074999999999999,37870.11,55362.11,24.065563,1151640.0,291381.0,41424.0,795198.0,22809984.0,0.007083,0.009047,0.531454,7082623620.0,11279581.0,11329130.0,21269140.0,2218876.0,4828264.0,299470.0,1687244.0,35335561734.0,15924.982619,21944955347.0,73279.311273,15674.0,3222.0,4.86468,13465.0,836.0,16.106459,531825.0,1687051.0,0.349412,17187.819601,23439.0,276031.0,0.163599,77027.849256,57.21,0.0,0.0,5715070879.341743,15036235.96477374,5715061843.0,15036236.0,5730098079.0,38414.0,5715.025698,14.024182,3332.0,4767008.0,67.090615,57808.0,2.0,1703.0,4863416.0,,,,,,,,,,,,,,,,,1151640.0,291381.0,41424.0,0.253014,0.513526,795198.0,658418.0,136757.0,23.0,1153732.0,90.0,0.0,619.0,1052.0,27970.0,14101.0,,,,,22809984.0,3220555718.30598,356406.0,59620.42,1052.0,619.0,90.0,1153732.0,0.0009118235430758,0.0005365197463535,7.800771756352428e-05,
44,spmv,l2,ddr4_2x,Next-line,nextline,,deg4,spmv_nextline_deg4_l2_ddr4_2x,top_accuracy,pf_unused_ratio,Unused prefetch ratio,low_is_good,1.2970609318996416,0.0385242813908646,0.160453193038015,0.6143099844775536,0.0385242813908646,0.79811943724381,4640310149.36779,0.171542498423269,0.4556903899930013,0.1496238186173926,4.74,36568.31,54060.31,22.337764,2505952.0,402088.0,96540.0,2000049.0,32368064.0,0.006975,0.009047,0.539623,6975409608.0,11279576.0,11329125.0,20947176.0,2200101.0,4828061.0,252448.0,1687218.0,32569485246.0,14803.631854,19722946261.0,78126.767734,14596.0,3138.0,4.65137,23530.0,1377.0,17.087872,513068.0,1687033.0,0.349422,16029.878686,6901.0,245547.0,0.145534,78439.222735,57.23,0.0,0.0,6894455050.330572,15276522.238606287,6894455050.0,15276523.0,6909731573.0,38414.0,6894.390825,14.230562,3332.0,4767008.0,64.768465,53922.0,2.0,1677.0,4864635.0,,,,,,,,,,,,,,,,,2505952.0,402088.0,96540.0,0.160453,0.620856,2000049.0,1842616.0,157322.0,111.0,2514820.0,1486.0,0.0,1739.0,4262.0,103324.0,65673.0,,,,,32368064.0,4640310149.36779,505751.0,55440.58,4262.0,1739.0,1486.0,2514820.0,0.0016947535012446,0.0006915007833562,0.0005908971616258,
45,spmv,l2,ddr4_2x,Next-line,nextline,,deg4,spmv_nextline_deg4_l2_ddr4_2x,low_unused,pf_unused_ratio,Unused prefetch ratio,low_is_good,1.2970609318996416,0.0385242813908646,0.160453193038015,0.6143099844775536,0.0385242813908646,0.79811943724381,4640310149.36779,0.171542498423269,0.4556903899930013,0.1496238186173926,4.74,36568.31,54060.31,22.337764,2505952.0,402088.0,96540.0,2000049.0,32368064.0,0.006975,0.009047,0.539623,6975409608.0,11279576.0,11329125.0,20947176.0,2200101.0,4828061.0,252448.0,1687218.0,32569485246.0,14803.631854,19722946261.0,78126.767734,14596.0,3138.0,4.65137,23530.0,1377.0,17.087872,513068.0,1687033.0,0.349422,16029.878686,6901.0,245547.0,0.145534,78439.222735,57.23,0.0,0.0,6894455050.330572,15276522.238606287,6894455050.0,15276523.0,6909731573.0,38414.0,6894.390825,14.230562,3332.0,4767008.0,64.768465,53922.0,2.0,1677.0,4864635.0,,,,,,,,,,,,,,,,,2505952.0,402088.0,96540.0,0.160453,0.620856,2000049.0,1842616.0,157322.0,111.0,2514820.0,1486.0,0.0,1739.0,4262.0,103324.0,65673.0,,,,,32368064.0,4640310149.36779,505751.0,55440.58,4262.0,1739.0,1486.0,2514820.0,0.0016947535012446,0.0006915007833562,0.0005908971616258,
46,spmv,l2,ddr4_2x,Next-line,nextline,,deg4,spmv_nextline_deg4_l2_ddr4_2x,low_late,pf_unused_ratio,Unused prefetch ratio,low_is_good,1.2970609318996416,0.0385242813908646,0.160453193038015,0.6143099844775536,0.0385242813908646,0.79811943724381,4640310149.36779,0.171542498423269,0.4556903899930013,0.1496238186173926,4.74,36568.31,54060.31,22.337764,2505952.0,402088.0,96540.0,2000049.0,32368064.0,0.006975,0.009047,0.539623,6975409608.0,11279576.0,11329125.0,20947176.0,2200101.0,4828061.0,252448.0,1687218.0,32569485246.0,14803.631854,19722946261.0,78126.767734,14596.0,3138.0,4.65137,23530.0,1377.0,17.087872,513068.0,1687033.0,0.349422,16029.878686,6901.0,245547.0,0.145534,78439.222735,57.23,0.0,0.0,6894455050.330572,15276522.238606287,6894455050.0,15276523.0,6909731573.0,38414.0,6894.390825,14.230562,3332.0,4767008.0,64.768465,53922.0,2.0,1677.0,4864635.0,,,,,,,,,,,,,,,,,2505952.0,402088.0,96540.0,0.160453,0.620856,2000049.0,1842616.0,157322.0,111.0,2514820.0,1486.0,0.0,1739.0,4262.0,103324.0,65673.0,,,,,32368064.0,4640310149.36779,505751.0,55440.58,4262.0,1739.0,1486.0,2514820.0,0.0016947535012446,0.0006915007833562,0.0005908971616258,
47,spmv,l2,ddr4_2x,Next-line,nextline,,deg32,spmv_nextline_deg32_l2_ddr4_2x,top_speedup,pf_unused_ratio,Unused prefetch ratio,low_is_good,1.397867737948084,0.0391109485475768,0.0545827144049874,0.7497893003849164,0.0391109485475768,0.905028922731016,11165023180.47208,0.3273987962483751,0.4663274835076917,0.1284511279621527,6.565,27306.96,44798.96,22.120624,11898254.0,649439.0,465352.0,10768264.0,72264832.0,0.006472,0.009047,0.581557,6472430091.0,11279576.0,11329125.0,19436727.0,2251645.0,4828463.0,216723.0,1687202.0,32211300456.0,14305.674498,16227539790.0,74876.869506,26514.0,3641.0,7.282065,716863.0,25634.0,27.965319,564637.0,1687008.0,0.349388,14631.33199,14618.0,202105.0,0.119787,76123.980871,57.2,0.0,0.0,13171268101.997952,16473565.338042373,13171149445.0,16473566.0,13187623010.0,38414.0,13171.188998,15.326546,3332.0,4767008.0,63.555468,37424.0,2.0,1667.0,4864910.0,,,,,,,,,,,,,,,,,11898254.0,649439.0,465352.0,0.054583,0.762661,10768264.0,10620730.0,145550.0,1984.0,19558616.0,824228.0,0.0,58801.0,6721088.0,8158568.0,6672151.0,,,,,72264832.0,11165023180.47208,1129138.0,44109.435,6721088.0,58801.0,824228.0,19558616.0,0.3436382206184732,0.0030063988167669,0.0421414275938542,
48,spmv,l2,ddr4_2x,Next-line,nextline,,deg32,spmv_nextline_deg32_l2_ddr4_2x,top_coverage,pf_unused_ratio,Unused prefetch ratio,low_is_good,1.397867737948084,0.0391109485475768,0.0545827144049874,0.7497893003849164,0.0391109485475768,0.905028922731016,11165023180.47208,0.3273987962483751,0.4663274835076917,0.1284511279621527,6.565,27306.96,44798.96,22.120624,11898254.0,649439.0,465352.0,10768264.0,72264832.0,0.006472,0.009047,0.581557,6472430091.0,11279576.0,11329125.0,19436727.0,2251645.0,4828463.0,216723.0,1687202.0,32211300456.0,14305.674498,16227539790.0,74876.869506,26514.0,3641.0,7.282065,716863.0,25634.0,27.965319,564637.0,1687008.0,0.349388,14631.33199,14618.0,202105.0,0.119787,76123.980871,57.2,0.0,0.0,13171268101.997952,16473565.338042373,13171149445.0,16473566.0,13187623010.0,38414.0,13171.188998,15.326546,3332.0,4767008.0,63.555468,37424.0,2.0,1667.0,4864910.0,,,,,,,,,,,,,,,,,11898254.0,649439.0,465352.0,0.054583,0.762661,10768264.0,10620730.0,145550.0,1984.0,19558616.0,824228.0,0.0,58801.0,6721088.0,8158568.0,6672151.0,,,,,72264832.0,11165023180.47208,1129138.0,44109.435,6721088.0,58801.0,824228.0,19558616.0,0.3436382206184732,0.0030063988167669,0.0421414275938542,
49,spmv,l2,ddr4_2x,Next-line,nextline,,deg16,spmv_nextline_deg16_l2_ddr4_2x,top_speedup,pf_unused_ratio,Unused prefetch ratio,low_is_good,1.3598376672177963,0.0421297881330523,0.0682807566543854,0.7526761486082849,0.0421297881330523,0.8881343670697937,10060476457.021824,0.2973450392433461,0.4629408839745824,0.1244053224786473,6.48,31250.685,48742.685,21.261016,9355447.0,638797.0,394143.0,8308894.0,66933824.0,0.006653,0.009047,0.565761,6653146527.0,11279581.0,11329130.0,19979419.0,2235367.0,4828623.0,209904.0,1687259.0,30844745379.0,13798.515134,16311421035.0,77708.957595,16593.0,3194.0,5.195053,470915.0,17711.0,26.588843,548297.0,1687070.0,0.349389,14482.239617,12992.0,196912.0,0.116705,78874.687977,57.03,0.0,0.0,11961079720.257303,16026101.2691206,11961031622.0,16026101.0,11977057724.0,38414.0,11961.002764,14.919858,3332.0,4767008.0,61.946071,39873.0,2.0,1707.0,4865212.0,,,,,,,,,,,,,,,,,9355447.0,638797.0,394143.0,0.068281,0.764377,8308894.0,8154117.0,153522.0,1255.0,11641201.0,217758.0,0.0,30474.0,2010528.0,1938015.0,1544917.0,,,,,66933824.0,10060476457.021824,1045841.0,48236.895,2010528.0,30474.0,217758.0,11641201.0,0.1727079534147722,0.0026177711389056,0.0187058019185477,
50,spmv,l2,ddr4_2x,Next-line,nextline,,deg16,spmv_nextline_deg16_l2_ddr4_2x,top_coverage,pf_unused_ratio,Unused prefetch ratio,low_is_good,1.3598376672177963,0.0421297881330523,0.0682807566543854,0.7526761486082849,0.0421297881330523,0.8881343670697937,10060476457.021824,0.2973450392433461,0.4629408839745824,0.1244053224786473,6.48,31250.685,48742.685,21.261016,9355447.0,638797.0,394143.0,8308894.0,66933824.0,0.006653,0.009047,0.565761,6653146527.0,11279581.0,11329130.0,19979419.0,2235367.0,4828623.0,209904.0,1687259.0,30844745379.0,13798.515134,16311421035.0,77708.957595,16593.0,3194.0,5.195053,470915.0,17711.0,26.588843,548297.0,1687070.0,0.349389,14482.239617,12992.0,196912.0,0.116705,78874.687977,57.03,0.0,0.0,11961079720.257303,16026101.2691206,11961031622.0,16026101.0,11977057724.0,38414.0,11961.002764,14.919858,3332.0,4767008.0,61.946071,39873.0,2.0,1707.0,4865212.0,,,,,,,,,,,,,,,,,9355447.0,638797.0,394143.0,0.068281,0.764377,8308894.0,8154117.0,153522.0,1255.0,11641201.0,217758.0,0.0,30474.0,2010528.0,1938015.0,1544917.0,,,,,66933824.0,10060476457.021824,1045841.0,48236.895,2010528.0,30474.0,217758.0,11641201.0,0.1727079534147722,0.0026177711389056,0.0187058019185477,
51,spmv,l2,ddr4_2x,Next-line,nextline,,deg8,spmv_nextline_deg8_l2_ddr4_2x,top_speedup,pf_unused_ratio,Unused prefetch ratio,low_is_good,1.327123368050462,0.0423926762443587,0.0980658045254126,0.7086370656270102,0.0423926762443587,0.8575661292519899,7415917027.596665,0.2343307396706061,0.4589584749853938,0.1326083516514777,5.785,34457.325,51949.325,21.53876,5549284.0,544195.0,235249.0,4758878.0,50555456.0,0.006817,0.009047,0.55215,6817155021.0,11279581.0,11329130.0,20471937.0,2216053.0,4828439.0,223751.0,1687307.0,31303509489.0,14125.794595,17595321897.0,78637.9587,14487.0,3041.0,4.763893,162059.0,6141.0,26.389676,528935.0,1687118.0,0.349413,14955.520212,10370.0,213381.0,0.126462,79403.867322,57.105,0.0,0.0,9423220067.91871,15631154.003648989,9423210680.0,15631154.0,9438841834.0,38414.0,9423.154351,14.560913,3332.0,4767008.0,63.587707,47683.0,2.0,1802.0,4864569.0,,,,,,,,,,,,,,,,,5549284.0,544195.0,235249.0,0.098066,0.718337,4758878.0,4597754.0,160619.0,505.0,5697657.0,23314.0,0.0,7458.0,110867.0,445911.0,326820.0,,,,,50555456.0,7415917027.596665,789929.0,51917.825,110867.0,7458.0,23314.0,5697657.0,0.0194583492828718,0.0013089591037157,0.0040918574073518,
52,spmv,l2,ddr4_2x,Next-line,nextline,,deg8,spmv_nextline_deg8_l2_ddr4_2x,top_coverage,pf_unused_ratio,Unused prefetch ratio,low_is_good,1.327123368050462,0.0423926762443587,0.0980658045254126,0.7086370656270102,0.0423926762443587,0.8575661292519899,7415917027.596665,0.2343307396706061,0.4589584749853938,0.1326083516514777,5.785,34457.325,51949.325,21.53876,5549284.0,544195.0,235249.0,4758878.0,50555456.0,0.006817,0.009047,0.55215,6817155021.0,11279581.0,11329130.0,20471937.0,2216053.0,4828439.0,223751.0,1687307.0,31303509489.0,14125.794595,17595321897.0,78637.9587,14487.0,3041.0,4.763893,162059.0,6141.0,26.389676,528935.0,1687118.0,0.349413,14955.520212,10370.0,213381.0,0.126462,79403.867322,57.105,0.0,0.0,9423220067.91871,15631154.003648989,9423210680.0,15631154.0,9438841834.0,38414.0,9423.154351,14.560913,3332.0,4767008.0,63.587707,47683.0,2.0,1802.0,4864569.0,,,,,,,,,,,,,,,,,5549284.0,544195.0,235249.0,0.098066,0.718337,4758878.0,4597754.0,160619.0,505.0,5697657.0,23314.0,0.0,7458.0,110867.0,445911.0,326820.0,,,,,50555456.0,7415917027.596665,789929.0,51917.825,110867.0,7458.0,23314.0,5697657.0,0.0194583492828718,0.0013089591037157,0.0040918574073518,
53,spmv,l2,ddr4_2x,IMP,imp,stage3,s32_sth2_dist32_ipd16_addr16,spmv_imp3_s32_sth2_dist32_ipd16_addr16_l2_ddr4_2x,top_speedup,pf_unused_ratio,Unused prefetch ratio,low_is_good,1.7056938159879336,0.0445726646023338,0.5481120874529641,0.375556461475744,0.0445726646023338,0.4017040000634637,2729736298.368088,0.1708879017250202,0.4677728937425428,0.2042920500336094,3.075,14863.325,32355.325,25.04168,378169.0,207279.0,16856.0,151912.0,14479744.0,0.005304,0.009047,0.70961,5304447909.0,11279581.0,11329130.0,15929273.0,2258183.0,4827520.0,344646.0,1687026.0,36887322420.0,16334.957096,18980039794.0,55071.115852,36495.0,5718.0,6.382476,217364.0,11616.0,18.712466,571341.0,1686842.0,0.349422,15535.437979,2059.0,342587.0,0.203072,54906.019942,57.095,0.0,0.0,6863299748.543161,20076735.94443436,6863287683.0,20076736.0,6883364419.0,38414.0,6863.239422000001,18.689221,3332.0,4767008.0,60.554092,8543.0,2.0,1591.0,4862394.0,,,,,,,,,,,,,,,,,378169.0,207279.0,16856.0,0.548112,0.376963,151912.0,145083.0,6814.0,15.0,409410.0,18313.0,0.0,200.0,6091.0,10610654.0,0.0,,,,,14479744.0,2729736298.368088,226246.0,39392.535,6091.0,200.0,18313.0,409410.0,0.0148775066559194,0.0004885078527637,0.0447302215383112,stage3: s32_sth2_dist32_ipd16_addr16
54,spmv,l2,ddr4_2x,IMP,imp,stage3,s32_sth2_dist32_ipd16,spmv_imp3_s32_sth2_dist32_ipd16_l2_ddr4_2x,top_speedup,pf_unused_ratio,Unused prefetch ratio,low_is_good,1.7056938159879336,0.0445726646023338,0.5481120874529641,0.375556461475744,0.0445726646023338,0.4017040000634637,2729736298.368088,0.1708879017250202,0.4677728937425428,0.2042920500336094,3.075,14863.325,32355.325,25.04168,378169.0,207279.0,16856.0,151912.0,14479744.0,0.005304,0.009047,0.70961,5304447909.0,11279581.0,11329130.0,15929273.0,2258183.0,4827520.0,344646.0,1687026.0,36887322420.0,16334.957096,18980039794.0,55071.115852,36495.0,5718.0,6.382476,217364.0,11616.0,18.712466,571341.0,1686842.0,0.349422,15535.437979,2059.0,342587.0,0.203072,54906.019942,57.095,0.0,0.0,6863299748.543161,20076735.94443436,6863287683.0,20076736.0,6883364419.0,38414.0,6863.239422000001,18.689221,3332.0,4767008.0,60.554092,8543.0,2.0,1591.0,4862394.0,,,,,,,,,,,,,,,,,378169.0,207279.0,16856.0,0.548112,0.376963,151912.0,145083.0,6814.0,15.0,409410.0,18313.0,0.0,200.0,6091.0,10610654.0,0.0,,,,,14479744.0,2729736298.368088,226246.0,39392.535,6091.0,200.0,18313.0,409410.0,0.0148775066559194,0.0004885078527637,0.0447302215383112,stage3: s32_sth2_dist32_ipd16
55,spmv,l2,ddr4_2x,IMP,imp,stage3,s32_sth2_dist32_ipd16,spmv_imp3_s32_sth2_dist32_ipd16_l2_ddr4_2x,top_coverage,pf_unused_ratio,Unused prefetch ratio,low_is_good,1.7056938159879336,0.0445726646023338,0.5481120874529641,0.375556461475744,0.0445726646023338,0.4017040000634637,2729736298.368088,0.1708879017250202,0.4677728937425428,0.2042920500336094,3.075,14863.325,32355.325,25.04168,378169.0,207279.0,16856.0,151912.0,14479744.0,0.005304,0.009047,0.70961,5304447909.0,11279581.0,11329130.0,15929273.0,2258183.0,4827520.0,344646.0,1687026.0,36887322420.0,16334.957096,18980039794.0,55071.115852,36495.0,5718.0,6.382476,217364.0,11616.0,18.712466,571341.0,1686842.0,0.349422,15535.437979,2059.0,342587.0,0.203072,54906.019942,57.095,0.0,0.0,6863299748.543161,20076735.94443436,6863287683.0,20076736.0,6883364419.0,38414.0,6863.239422000001,18.689221,3332.0,4767008.0,60.554092,8543.0,2.0,1591.0,4862394.0,,,,,,,,,,,,,,,,,378169.0,207279.0,16856.0,0.548112,0.376963,151912.0,145083.0,6814.0,15.0,409410.0,18313.0,0.0,200.0,6091.0,10610654.0,0.0,,,,,14479744.0,2729736298.368088,226246.0,39392.535,6091.0,200.0,18313.0,409410.0,0.0148775066559194,0.0004885078527637,0.0447302215383112,stage3: s32_sth2_dist32_ipd16
56,spmv,l2,ddr4_2x,IMP,imp,stage3,s32_sth2_dist32_ipd16_addr16,spmv_imp3_s32_sth2_dist32_ipd16_addr16_l2_ddr4_2x,top_coverage,pf_unused_ratio,Unused prefetch ratio,low_is_good,1.7056938159879336,0.0445726646023338,0.5481120874529641,0.375556461475744,0.0445726646023338,0.4017040000634637,2729736298.368088,0.1708879017250202,0.4677728937425428,0.2042920500336094,3.075,14863.325,32355.325,25.04168,378169.0,207279.0,16856.0,151912.0,14479744.0,0.005304,0.009047,0.70961,5304447909.0,11279581.0,11329130.0,15929273.0,2258183.0,4827520.0,344646.0,1687026.0,36887322420.0,16334.957096,18980039794.0,55071.115852,36495.0,5718.0,6.382476,217364.0,11616.0,18.712466,571341.0,1686842.0,0.349422,15535.437979,2059.0,342587.0,0.203072,54906.019942,57.095,0.0,0.0,6863299748.543161,20076735.94443436,6863287683.0,20076736.0,6883364419.0,38414.0,6863.239422000001,18.689221,3332.0,4767008.0,60.554092,8543.0,2.0,1591.0,4862394.0,,,,,,,,,,,,,,,,,378169.0,207279.0,16856.0,0.548112,0.376963,151912.0,145083.0,6814.0,15.0,409410.0,18313.0,0.0,200.0,6091.0,10610654.0,0.0,,,,,14479744.0,2729736298.368088,226246.0,39392.535,6091.0,200.0,18313.0,409410.0,0.0148775066559194,0.0004885078527637,0.0447302215383112,stage3: s32_sth2_dist32_ipd16_addr16
57,spmv,l2,ddr4_2x,IMP,imp,stage3,s32_sth2_dist32_ipd16_addr16,spmv_imp3_s32_sth2_dist32_ipd16_addr16_l2_ddr4_2x,top_accuracy,pf_unused_ratio,Unused prefetch ratio,low_is_good,1.7056938159879336,0.0445726646023338,0.5481120874529641,0.375556461475744,0.0445726646023338,0.4017040000634637,2729736298.368088,0.1708879017250202,0.4677728937425428,0.2042920500336094,3.075,14863.325,32355.325,25.04168,378169.0,207279.0,16856.0,151912.0,14479744.0,0.005304,0.009047,0.70961,5304447909.0,11279581.0,11329130.0,15929273.0,2258183.0,4827520.0,344646.0,1687026.0,36887322420.0,16334.957096,18980039794.0,55071.115852,36495.0,5718.0,6.382476,217364.0,11616.0,18.712466,571341.0,1686842.0,0.349422,15535.437979,2059.0,342587.0,0.203072,54906.019942,57.095,0.0,0.0,6863299748.543161,20076735.94443436,6863287683.0,20076736.0,6883364419.0,38414.0,6863.239422000001,18.689221,3332.0,4767008.0,60.554092,8543.0,2.0,1591.0,4862394.0,,,,,,,,,,,,,,,,,378169.0,207279.0,16856.0,0.548112,0.376963,151912.0,145083.0,6814.0,15.0,409410.0,18313.0,0.0,200.0,6091.0,10610654.0,0.0,,,,,14479744.0,2729736298.368088,226246.0,39392.535,6091.0,200.0,18313.0,409410.0,0.0148775066559194,0.0004885078527637,0.0447302215383112,stage3: s32_sth2_dist32_ipd16_addr16
58,spmv,l2,ddr4_2x,IMP,imp,stage3,s32_sth2_dist32_ipd16,spmv_imp3_s32_sth2_dist32_ipd16_l2_ddr4_2x,top_accuracy,pf_unused_ratio,Unused prefetch ratio,low_is_good,1.7056938159879336,0.0445726646023338,0.5481120874529641,0.375556461475744,0.0445726646023338,0.4017040000634637,2729736298.368088,0.1708879017250202,0.4677728937425428,0.2042920500336094,3.075,14863.325,32355.325,25.04168,378169.0,207279.0,16856.0,151912.0,14479744.0,0.005304,0.009047,0.70961,5304447909.0,11279581.0,11329130.0,15929273.0,2258183.0,4827520.0,344646.0,1687026.0,36887322420.0,16334.957096,18980039794.0,55071.115852,36495.0,5718.0,6.382476,217364.0,11616.0,18.712466,571341.0,1686842.0,0.349422,15535.437979,2059.0,342587.0,0.203072,54906.019942,57.095,0.0,0.0,6863299748.543161,20076735.94443436,6863287683.0,20076736.0,6883364419.0,38414.0,6863.239422000001,18.689221,3332.0,4767008.0,60.554092,8543.0,2.0,1591.0,4862394.0,,,,,,,,,,,,,,,,,378169.0,207279.0,16856.0,0.548112,0.376963,151912.0,145083.0,6814.0,15.0,409410.0,18313.0,0.0,200.0,6091.0,10610654.0,0.0,,,,,14479744.0,2729736298.368088,226246.0,39392.535,6091.0,200.0,18313.0,409410.0,0.0148775066559194,0.0004885078527637,0.0447302215383112,stage3: s32_sth2_dist32_ipd16
59,spmv,l2,ddr4_2x,IMP,imp,stage3,s32_sth2_dist32_ipd16_addr16,spmv_imp3_s32_sth2_dist32_ipd16_addr16_l2_ddr4_2x,low_late,pf_unused_ratio,Unused prefetch ratio,low_is_good,1.7056938159879336,0.0445726646023338,0.5481120874529641,0.375556461475744,0.0445726646023338,0.4017040000634637,2729736298.368088,0.1708879017250202,0.4677728937425428,0.2042920500336094,3.075,14863.325,32355.325,25.04168,378169.0,207279.0,16856.0,151912.0,14479744.0,0.005304,0.009047,0.70961,5304447909.0,11279581.0,11329130.0,15929273.0,2258183.0,4827520.0,344646.0,1687026.0,36887322420.0,16334.957096,18980039794.0,55071.115852,36495.0,5718.0,6.382476,217364.0,11616.0,18.712466,571341.0,1686842.0,0.349422,15535.437979,2059.0,342587.0,0.203072,54906.019942,57.095,0.0,0.0,6863299748.543161,20076735.94443436,6863287683.0,20076736.0,6883364419.0,38414.0,6863.239422000001,18.689221,3332.0,4767008.0,60.554092,8543.0,2.0,1591.0,4862394.0,,,,,,,,,,,,,,,,,378169.0,207279.0,16856.0,0.548112,0.376963,151912.0,145083.0,6814.0,15.0,409410.0,18313.0,0.0,200.0,6091.0,10610654.0,0.0,,,,,14479744.0,2729736298.368088,226246.0,39392.535,6091.0,200.0,18313.0,409410.0,0.0148775066559194,0.0004885078527637,0.0447302215383112,stage3: s32_sth2_dist32_ipd16_addr16
60,spmv,l2,ddr4_2x,IMP,imp,stage3,s32_sth2_dist32_ipd16,spmv_imp3_s32_sth2_dist32_ipd16_l2_ddr4_2x,low_late,pf_unused_ratio,Unused prefetch ratio,low_is_good,1.7056938159879336,0.0445726646023338,0.5481120874529641,0.375556461475744,0.0445726646023338,0.4017040000634637,2729736298.368088,0.1708879017250202,0.4677728937425428,0.2042920500336094,3.075,14863.325,32355.325,25.04168,378169.0,207279.0,16856.0,151912.0,14479744.0,0.005304,0.009047,0.70961,5304447909.0,11279581.0,11329130.0,15929273.0,2258183.0,4827520.0,344646.0,1687026.0,36887322420.0,16334.957096,18980039794.0,55071.115852,36495.0,5718.0,6.382476,217364.0,11616.0,18.712466,571341.0,1686842.0,0.349422,15535.437979,2059.0,342587.0,0.203072,54906.019942,57.095,0.0,0.0,6863299748.543161,20076735.94443436,6863287683.0,20076736.0,6883364419.0,38414.0,6863.239422000001,18.689221,3332.0,4767008.0,60.554092,8543.0,2.0,1591.0,4862394.0,,,,,,,,,,,,,,,,,378169.0,207279.0,16856.0,0.548112,0.376963,151912.0,145083.0,6814.0,15.0,409410.0,18313.0,0.0,200.0,6091.0,10610654.0,0.0,,,,,14479744.0,2729736298.368088,226246.0,39392.535,6091.0,200.0,18313.0,409410.0,0.0148775066559194,0.0004885078527637,0.0447302215383112,stage3: s32_sth2_dist32_ipd16
61,spmv,l2,ddr4_2x,IMP,imp,stage3,s32_dist32_addr16,spmv_imp3_s32_dist32_addr16_l2_ddr4_2x,top_speedup,pf_unused_ratio,Unused prefetch ratio,low_is_good,1.705050885789672,0.0447102111058907,0.5470778278106541,0.3754932190309174,0.0447102111058907,0.4024816423922167,2730449920.725796,0.1708882345452911,0.4676894777780425,0.2043342313585669,3.08,14936.415,32428.415,25.12732,378862.0,207267.0,16939.0,152485.0,14487360.0,0.005306,0.009047,0.709423,5305850838.0,11279581.0,11329130.0,15933486.0,2257792.0,4827545.0,344719.0,1687035.0,37021643298.0,16397.278092,19000154339.0,55117.80418,37963.0,5647.0,6.722685,224862.0,11536.0,19.492198,570941.0,1686851.0,0.349422,15553.497989,2100.0,342619.0,0.203089,54956.888328,57.21,0.0,0.0,6863318459.537893,20071427.42070428,6863306397.0,20071428.0,6883377825.0,38414.0,6863.258148999999,18.768715,3332.0,4767008.0,61.528115,8943.0,2.0,1654.0,4862425.0,,,,,,,,,,,,,,,,,378862.0,207267.0,16939.0,0.547078,0.376927,152485.0,145396.0,7075.0,14.0,410345.0,18599.0,0.0,200.0,6051.0,10611735.0,0.0,,,,,14487360.0,2730449920.725796,226365.0,39495.905,6051.0,200.0,18599.0,410345.0,0.0147461282579293,0.0004873947531954,0.0453252750734138,stage3: s32_dist32_addr16
62,spmv,l2,ddr4_2x,IMP,imp,stage3,s32_dist32_addr16,spmv_imp3_s32_dist32_addr16_l2_ddr4_2x,top_coverage,pf_unused_ratio,Unused prefetch ratio,low_is_good,1.705050885789672,0.0447102111058907,0.5470778278106541,0.3754932190309174,0.0447102111058907,0.4024816423922167,2730449920.725796,0.1708882345452911,0.4676894777780425,0.2043342313585669,3.08,14936.415,32428.415,25.12732,378862.0,207267.0,16939.0,152485.0,14487360.0,0.005306,0.009047,0.709423,5305850838.0,11279581.0,11329130.0,15933486.0,2257792.0,4827545.0,344719.0,1687035.0,37021643298.0,16397.278092,19000154339.0,55117.80418,37963.0,5647.0,6.722685,224862.0,11536.0,19.492198,570941.0,1686851.0,0.349422,15553.497989,2100.0,342619.0,0.203089,54956.888328,57.21,0.0,0.0,6863318459.537893,20071427.42070428,6863306397.0,20071428.0,6883377825.0,38414.0,6863.258148999999,18.768715,3332.0,4767008.0,61.528115,8943.0,2.0,1654.0,4862425.0,,,,,,,,,,,,,,,,,378862.0,207267.0,16939.0,0.547078,0.376927,152485.0,145396.0,7075.0,14.0,410345.0,18599.0,0.0,200.0,6051.0,10611735.0,0.0,,,,,14487360.0,2730449920.725796,226365.0,39495.905,6051.0,200.0,18599.0,410345.0,0.0147461282579293,0.0004873947531954,0.0453252750734138,stage3: s32_dist32_addr16
63,spmv,l2,ddr4_2x,IMP,imp,stage3,s32_dist8_addr16,spmv_imp3_s32_dist8_addr16_l2_ddr4_2x,top_accuracy,pf_unused_ratio,Unused prefetch ratio,low_is_good,1.705050885789672,0.0447102111058907,0.5470778278106541,0.3754932190309174,0.0447102111058907,0.4024816423922167,2730449920.725796,0.1708882345452911,0.4676894777780425,0.2043342313585669,3.08,14936.415,32428.415,25.12732,378862.0,207267.0,16939.0,152485.0,14487360.0,0.005306,0.009047,0.709423,5305850838.0,11279581.0,11329130.0,15933486.0,2257792.0,4827545.0,344719.0,1687035.0,37021643298.0,16397.278092,19000154339.0,55117.80418,37963.0,5647.0,6.722685,224862.0,11536.0,19.492198,570941.0,1686851.0,0.349422,15553.497989,2100.0,342619.0,0.203089,54956.888328,57.21,0.0,0.0,6863318459.537893,20071427.42070428,6863306397.0,20071428.0,6883377825.0,38414.0,6863.258148999999,18.768715,3332.0,4767008.0,61.528115,8943.0,2.0,1654.0,4862425.0,,,,,,,,,,,,,,,,,378862.0,207267.0,16939.0,0.547078,0.376927,152485.0,145396.0,7075.0,14.0,410345.0,18599.0,0.0,200.0,6051.0,10611735.0,0.0,,,,,14487360.0,2730449920.725796,226365.0,39495.905,6051.0,200.0,18599.0,410345.0,0.0147461282579293,0.0004873947531954,0.0453252750734138,stage3: s32_dist8_addr16
64,spmv,l2,ddr4_2x,IMP,imp,stage3,s32_dist8_addr16,spmv_imp3_s32_dist8_addr16_l2_ddr4_2x,low_late,pf_unused_ratio,Unused prefetch ratio,low_is_good,1.705050885789672,0.0447102111058907,0.5470778278106541,0.3754932190309174,0.0447102111058907,0.4024816423922167,2730449920.725796,0.1708882345452911,0.4676894777780425,0.2043342313585669,3.08,14936.415,32428.415,25.12732,378862.0,207267.0,16939.0,152485.0,14487360.0,0.005306,0.009047,0.709423,5305850838.0,11279581.0,11329130.0,15933486.0,2257792.0,4827545.0,344719.0,1687035.0,37021643298.0,16397.278092,19000154339.0,55117.80418,37963.0,5647.0,6.722685,224862.0,11536.0,19.492198,570941.0,1686851.0,0.349422,15553.497989,2100.0,342619.0,0.203089,54956.888328,57.21,0.0,0.0,6863318459.537893,20071427.42070428,6863306397.0,20071428.0,6883377825.0,38414.0,6863.258148999999,18.768715,3332.0,4767008.0,61.528115,8943.0,2.0,1654.0,4862425.0,,,,,,,,,,,,,,,,,378862.0,207267.0,16939.0,0.547078,0.376927,152485.0,145396.0,7075.0,14.0,410345.0,18599.0,0.0,200.0,6051.0,10611735.0,0.0,,,,,14487360.0,2730449920.725796,226365.0,39495.905,6051.0,200.0,18599.0,410345.0,0.0147461282579293,0.0004873947531954,0.0453252750734138,stage3: s32_dist8_addr16
