run,benchmark,prefetcher,config,pf_level,memory,simSeconds,simTicks,simInsts,numCycles,ipc,l1d_demand_misses,l1d_demand_accesses,l2_demand_misses,l2_demand_accesses,l1d_pf_issued,l1d_pf_useful,l1d_pf_unused,l2_pf_issued,l2_pf_useful,l2_pf_unused,nopf_simSeconds,speedup_vs_nopf,pf_issued,pf_useful,pf_unused,pf_accuracy,pf_unused_ratio,l1d_miss_rate,l2_miss_rate,label
matmult_stride_deg32_dist1_l2_ddr4_2x,matmult,stride,deg32_dist1,l2,ddr4_2x,0.001194,1194269535.0,7397876.0,3586395.0,2.062764,1157637.0,2137831.0,1479.0,1076666.0,,,,94102.0,3958.0,10.0,0.001298,1.0871021775544387,94102.0,3958.0,10.0,0.0420607425984569,0.0001062676669996,0.5415007079605451,0.0013736850611053,stride: deg32_dist1
matmult_stride_deg16_dist1_l2_ddr4_2x,matmult,stride,deg16_dist1,l2,ddr4_2x,0.001195,1194560910.0,7397876.0,3587270.0,2.06226,1159029.0,2138559.0,1486.0,1077558.0,,,,55790.0,3958.0,9.0,0.001298,1.0861924686192468,55790.0,3958.0,9.0,0.0709446137300591,0.0001613192328374,0.5419672779661445,0.0013790440978583,stride: deg16_dist1
matmult_stride_deg32_dist4_l2_ddr4_2x,matmult,stride,deg32_dist4,l2,ddr4_2x,0.0012,1200114684.0,7397876.0,3603948.0,2.052717,1158665.0,2138337.0,1650.0,1077720.0,,,,86886.0,3791.0,13.0,0.001298,1.0816666666666668,86886.0,3791.0,13.0,0.0436318854591073,0.000149621342909,0.5418533187238495,0.0015310099098095,stride: deg32_dist4
matmult_stride_deg16_dist4_l2_ddr4_2x,matmult,stride,deg16_dist4,l2,ddr4_2x,0.001205,1204718409.0,7397876.0,3617773.0,2.044873,1158501.0,2138177.0,1615.0,1077113.0,,,,52206.0,3789.0,7.0,0.001298,1.0771784232365145,52206.0,3789.0,7.0,0.0725778646132628,0.0001340842048806,0.5418171648090874,0.0014993784310466,stride: deg16_dist4
matmult_stride_deg32_dist8_l2_ddr4_2x,matmult,stride,deg32_dist8,l2,ddr4_2x,0.001207,1207128330.0,7397876.0,3625010.0,2.04079,1159701.0,2138928.0,1916.0,1077853.0,,,,78578.0,3533.0,16.0,0.001298,1.0753935376967687,78578.0,3533.0,16.0,0.044961694112856,0.0002036193336557,0.5421879558358206,0.0017776078927274,stride: deg32_dist8
matmult_stride_default_l2_ddr4_2x,matmult,stride,default,l2,ddr4_2x,0.001208,1208010780.0,7397871.0,3627660.0,2.039298,1158921.0,2139732.0,2544.0,1078264.0,,,,16863.0,2840.0,4.0,0.001298,1.074503311258278,16863.0,2840.0,4.0,0.1684160588270177,0.0002372057166577,0.541619698167808,0.0023593479889897,Stride default
matmult_stride_deg8_dist1_l2_ddr4_2x,matmult,stride,deg8_dist1,l2,ddr4_2x,0.001212,1212042411.0,7397871.0,3639767.0,2.032515,1160001.0,2139391.0,1482.0,1078318.0,,,,30473.0,3897.0,9.0,0.001298,1.0709570957095709,30473.0,3897.0,9.0,0.1278837003248777,0.0002953434187641,0.5422108441140493,0.0013743626648168,stride: deg8_dist1
matmult_stride_deg4_dist1_l2_ddr4_2x,matmult,stride,deg4_dist1,l2,ddr4_2x,0.001213,1213310142.0,7397876.0,3643574.0,2.030392,1160619.0,2139158.0,2108.0,1077997.0,,,,15913.0,3251.0,5.0,0.001298,1.0700741962077491,15913.0,3251.0,5.0,0.2042983723999246,0.0003142085087664,0.5425588011731719,0.0019554785402927,stride: deg4_dist1
matmult_stride_deg4_dist4_l2_ddr4_2x,matmult,stride,deg4_dist4,l2,ddr4_2x,0.001217,1216543239.0,7397876.0,3653283.0,2.024996,1161436.0,2140241.0,1604.0,1078448.0,,,,14708.0,3757.0,8.0,0.001298,1.066557107641742,14708.0,3757.0,8.0,0.2554392167527876,0.0005439216752787,0.5426659894843618,0.0014873225227363,stride: deg4_dist4
matmult_stride_deg16_dist8_l2_ddr4_2x,matmult,stride,deg16_dist8,l2,ddr4_2x,0.001218,1217890890.0,7397871.0,3657330.0,2.022754,1157983.0,2137810.0,1856.0,1076587.0,,,,48114.0,3527.0,3.0,0.001298,1.0656814449917895,48114.0,3527.0,3.0,0.0733050671322276,6.235191420376606e-05,0.5416678750684112,0.0017239665721395,stride: deg16_dist8
matmult_stride_deg1_dist4_l2_ddr4_2x,matmult,stride,deg1_dist4,l2,ddr4_2x,0.001219,1219196916.0,7397876.0,3661252.0,2.020589,1160400.0,2139809.0,2282.0,1077976.0,,,,3773.0,3069.0,5.0,0.001298,1.0648072190319933,3773.0,3069.0,5.0,0.8134110787172012,0.001325205406838,0.5422913914279265,0.0021169302470555,stride: deg1_dist4
matmult_stride_deg8_dist4_l2_ddr4_2x,matmult,stride,deg8_dist4,l2,ddr4_2x,0.001219,1218505941.0,7397876.0,3659177.0,2.021735,1157709.0,2137550.0,1588.0,1076787.0,,,,28392.0,3759.0,12.0,0.001298,1.0648072190319933,28392.0,3759.0,12.0,0.132396449704142,0.0004226542688081,0.5416055764777432,0.0014747577747502,stride: deg8_dist4
matmult_stride_deg1_dist8_l2_ddr4_2x,matmult,stride,deg1_dist8,l2,ddr4_2x,0.001219,1218844269.0,7397871.0,3660193.0,2.021172,1161361.0,2139903.0,1857.0,1078170.0,,,,3517.0,3510.0,9.0,0.001298,1.0648072190319933,3517.0,3510.0,9.0,0.9980096673301108,0.0025589991470002,0.5427166558484193,0.0017223628926792,stride: deg1_dist8
matmult_stride_deg8_dist8_l2_ddr4_2x,matmult,stride,deg8_dist8,l2,ddr4_2x,0.00122,1220353425.0,7397871.0,3664725.0,2.018673,1159468.0,2138464.0,1831.0,1077750.0,,,,26344.0,3525.0,16.0,0.001298,1.063934426229508,26344.0,3525.0,16.0,0.1338065593683571,0.0006073489219556,0.5421966420758076,0.0016989097657156,stride: deg8_dist8
matmult_stride_deg32_dist16_l2_ddr4_2x,matmult,stride,deg32_dist16,l2,ddr4_2x,0.001221,1221496614.0,7397876.0,3668158.0,2.016785,1159119.0,2138468.0,2415.0,1077349.0,,,,62250.0,3012.0,16.0,0.001298,1.0630630630630629,62250.0,3012.0,16.0,0.0483855421686746,0.0002570281124497,0.542032426952379,0.0022416134418837,stride: deg32_dist16
matmult_stride_deg1_dist1_l2_ddr4_2x,matmult,stride,deg1_dist1,l2,ddr4_2x,0.001222,1221810966.0,7397871.0,3669102.0,2.016264,1161342.0,2139718.0,2908.0,1078290.0,,,,4324.0,2452.0,2.0,0.001298,1.0621931260229132,4324.0,2452.0,2.0,0.5670675300647549,0.0004625346901017,0.5427546994510491,0.0026968626250823,stride: deg1_dist1
matmult_stride_deg4_dist8_l2_ddr4_2x,matmult,stride,deg4_dist8,l2,ddr4_2x,0.001222,1222065045.0,7397876.0,3669865.0,2.015847,1160834.0,2139047.0,1854.0,1078010.0,,,,13684.0,3518.0,12.0,0.001298,1.0621931260229132,13684.0,3518.0,12.0,0.2570885705933937,0.0008769365682548,0.5426874678303001,0.0017198356230461,stride: deg4_dist8
matmult_stride_deg16_dist16_l2_ddr4_2x,matmult,stride,deg16_dist16,l2,ddr4_2x,0.001224,1224248526.0,7397871.0,3676422.0,2.01225,1160213.0,2138712.0,2375.0,1077881.0,,,,39946.0,3013.0,23.0,0.001298,1.060457516339869,39946.0,3013.0,23.0,0.0754268262153907,0.0005757772993541,0.5424821107283262,0.002203397221029,stride: deg16_dist16
matmult_stride_deg1_dist16_l2_ddr4_2x,matmult,stride,deg1_dist16,l2,ddr4_2x,0.001225,1224619488.0,7397871.0,3677536.0,2.01164,1158136.0,2137557.0,2375.0,1077070.0,,,,3005.0,2999.0,14.0,0.001298,1.059591836734694,3005.0,2999.0,14.0,0.9980033277870216,0.0046589018302828,0.5418035636008771,0.0022050563101748,stride: deg1_dist16
matmult_stride_deg8_dist16_l2_ddr4_2x,matmult,stride,deg8_dist16,l2,ddr4_2x,0.001228,1228451319.0,7397871.0,3689043.0,2.005366,1158688.0,2137643.0,2343.0,1077307.0,,,,22250.0,3012.0,22.0,0.001298,1.0570032573289905,22250.0,3012.0,22.0,0.1353707865168539,0.0009887640449438,0.5420399945173259,0.002174867516873,stride: deg8_dist16
matmult_stride_deg4_dist16_l2_ddr4_2x,matmult,stride,deg4_dist16,l2,ddr4_2x,0.001232,1232257842.0,7397871.0,3700474.0,1.999171,1160362.0,2140883.0,2347.0,1078757.0,,,,11634.0,2999.0,13.0,0.001298,1.0535714285714284,11634.0,2999.0,13.0,0.2577789238439057,0.0011174144748151,0.5420015946691155,0.0021756521626279,stride: deg4_dist16
matmult_stride_deg16_dist32_l2_ddr4_2x,matmult,stride,deg16_dist32,l2,ddr4_2x,0.001249,1249161588.0,7397871.0,3751236.0,1.972118,1159930.0,2138863.0,3396.0,1077880.0,,,,23584.0,1984.0,22.0,0.001298,1.0392313851080863,23584.0,1984.0,22.0,0.0841248303934871,0.0009328358208955,0.5423114991469767,0.003150629012506,stride: deg16_dist32
matmult_stride_deg1_dist32_l2_ddr4_2x,matmult,stride,deg1_dist32,l2,ddr4_2x,0.001255,1254995748.0,7397871.0,3768756.0,1.96295,1160278.0,2139817.0,3386.0,1078434.0,,,,1984.0,1984.0,23.0,0.001298,1.0342629482071712,1984.0,1984.0,23.0,1.0,0.0115927419354838,0.5422323497757051,0.0031397378050024,stride: deg1_dist32
matmult_stride_deg32_dist32_l2_ddr4_2x,matmult,stride,deg32_dist32,l2,ddr4_2x,0.001259,1259142264.0,7397871.0,3781208.0,1.956486,1159106.0,2136285.0,3350.0,1077046.0,,,,29859.0,1976.0,18.0,0.001298,1.0309769658459094,29859.0,1976.0,18.0,0.0661777018654342,0.0006028333165879,0.5425802268892025,0.0031103592604215,stride: deg32_dist32
matmult_stride_deg4_dist32_l2_ddr4_2x,matmult,stride,deg4_dist32,l2,ddr4_2x,0.001262,1262421315.0,7397885.0,3791055.0,1.951408,1161201.0,2140252.0,3386.0,1078643.0,,,,7552.0,1984.0,23.0,0.001298,1.028526148969889,7552.0,1984.0,23.0,0.2627118644067797,0.0030455508474576,0.5425534002538019,0.0031391294431985,stride: deg4_dist32
matmult_stride_deg8_dist32_l2_ddr4_2x,matmult,stride,deg8_dist32,l2,ddr4_2x,0.001262,1262243826.0,7397885.0,3790522.0,1.951682,1161212.0,2140029.0,3371.0,1078643.0,,,,14080.0,1984.0,23.0,0.001298,1.028526148969889,14080.0,1984.0,23.0,0.1409090909090909,0.0016335227272727,0.5426150767115773,0.0031252230812233,stride: deg8_dist32
matmult_nopf_ddr4_2x,matmult,none,none,l2,ddr4_2x,0.001298,,,,,,,,,,,,,,,0.001298,1.0,0.0,0.0,0.0,,,,,No prefetch baseline
